cremona_label,modular_degree
11a1,1
14a1,1
15a1,1
17a1,1
19a1,1
20a1,1
21a1,1
24a1,1
26a1,2
26b1,2
27a1,1
30a1,2
32a1,1
33a1,3
34a1,2
35a1,2
36a1,1
37a1,2
37b1,2
38a1,6
38b1,2
39a1,2
40a1,2
42a1,4
43a1,2
44a1,2
45a1,2
46a1,5
48a1,2
49a1,1
50a1,2
50b1,2
51a1,2
52a1,3
53a1,2
54a1,6
54b1,2
55a1,2
56a1,2
56b1,4
57a1,4
57b1,3
57c1,12
58a1,4
58b1,4
61a1,2
62a1,2
63a1,4
64a1,2
65a1,2
66a1,4
66b1,4
66c1,20
67a1,5
69a1,2
70a1,4
72a1,4
73a1,3
75a1,6
75b1,6
75c1,6
76a1,6
77a1,4
77b1,20
77c1,6
78a1,40
79a1,2
80a1,4
80b1,4
82a1,4
83a1,2
84a1,6
84b1,6
85a1,4
88a1,8
89a1,2
89b1,5
90a1,8
90b1,8
90c1,16
91a1,4
91b1,4
92a1,2
92b1,6
94a1,2
96a1,4
96b1,4
98a1,16
99a1,4
99b1,12
99c1,12
99d1,6
100a1,12
101a1,2
102a1,8
102b1,16
102c1,24
104a1,8
105a1,4
106a1,6
106b1,8
106c1,48
106d1,10
108a1,6
109a1,4
110a1,20
110b1,4
110c1,28
112a1,8
112b1,4
112c1,8
113a1,6
114a1,12
114b1,20
114c1,60
115a1,10
116a1,120
116b1,8
116c1,15
117a1,8
118a1,4
118b1,12
118c1,6
118d1,38
120a1,8
120b1,8
121a1,6
121b1,4
121c1,6
121d1,24
122a1,8
123a1,20
123b1,4
124a1,6
124b1,6
126a1,8
126b1,32
128a1,4
128b1,8
128c1,4
128d1,8
129a1,8
129b1,15
130a1,24
130b1,8
130c1,80
131a1,2
132a1,6
132b1,30
135a1,12
135b1,36
136a1,8
136b1,8
138a1,8
138b1,16
138c1,8
139a1,6
140a1,12
140b1,60
141a1,28
141b1,12
141c1,6
141d1,4
141e1,12
142a1,36
142b1,4
142c1,9
142d1,4
142e1,324
143a1,4
144a1,4
144b1,8
145a1,4
147a1,24
147b1,42
147c1,6
148a1,12
150a1,8
150b1,40
150c1,48
152a1,8
152b1,8
153a1,8
153b1,16
153c1,8
153d1,24
154a1,24
154b1,24
154c1,16
155a1,20
155b1,8
155c1,4
156a1,12
156b1,12
158a1,32
158b1,8
158c1,48
158d1,40
158e1,6
160a1,8
160b1,8
161a1,10
162a1,12
162b1,6
162c1,6
162d1,12
163a1,6
166a1,8
168a1,8
168b1,24
170a1,16
170b1,160
170c1,84
170d1,12
170e1,20
171a1,12
171b1,8
171c1,96
171d1,32
172a1,12
174a1,1540
174b1,28
174c1,12
174d1,10
174e1,52
175a1,8
175b1,16
175c1,40
176a1,16
176b1,8
176c1,8
178a1,32
178b1,28
179a1,9
180a1,12
182a1,180
182b1,12
182c1,308
182d1,36
182e1,140
184a1,8
184b1,8
184c1,12
184d1,24
185a1,48
185b1,8
185c1,6
186a1,44
186b1,20
186c1,28
187a1,16
187b1,30
189a1,12
189b1,12
189c1,12
189d1,36
190a1,88
190b1,8
190c1,24
192a1,8
192b1,8
192c1,8
192d1,8
194a1,14
195a1,24
195b1,12
195c1,84
195d1,84
196a1,6
196b1,42
197a1,10
198a1,32
198b1,32
198c1,32
198d1,32
198e1,160
200a1,120
200b1,8
200c1,24
200d1,40
200e1,24
201a1,12
201b1,12
201c1,60
202a1,34
203a1,48
203b1,8
203c1,12
204a1,132
204b1,12
205a1,12
205b1,16
205c1,8
206a1,15
207a1,16
208a1,16
208b1,16
208c1,12
208d1,48
209a1,24
210a1,48
210b1,96
210c1,32
210d1,16
210e1,128
212a1,12
212b1,21
213a1,6
214a1,28
214b1,12
214c1,60
214d1,12
215a1,8
216a1,24
216b1,24
216c1,72
216d1,72
218a1,24
219a1,12
219b1,12
219c1,60
220a1,36
220b1,12
221a1,120
221b1,24
222a1,12
222b1,44
222c1,36
222d1,52
222e1,2484
224a1,8
224b1,8
225a1,8
225b1,40
225c1,48
225d1,48
225e1,48
226a1,24
228a1,18
228b1,24
229a1,8
231a1,20
232a1,16
232b1,16
233a1,27
234a1,28
234b1,48
234c1,16
234d1,320
234e1,20
235a1,12
235b1,108
235c1,18
236a1,6
236b1,14
238a1,112
238b1,8
238c1,16
238d1,16
238e1,80
240a1,16
240b1,48
240c1,16
240d1,16
242a1,16
242b1,176
243a1,6
243b1,9
244a1,12
245a1,48
245b1,336
245c1,32
246a1,84
246b1,300
246c1,1680
246d1,48
246e1,24
246f1,20
246g1,44
248a1,8
248b1,16
248c1,8
249a1,24
249b1,8
252a1,48
252b1,48
254a1,36
254b1,16
254c1,12
254d1,24
256a1,8
256b1,8
256c1,8
256d1,8
258a1,24
258b1,196
258c1,40
258d1,60
258e1,760
258f1,168
258g1,12
259a1,36
260a1,48
262a1,44
262b1,12
264a1,16
264b1,16
264c1,24
264d1,336
265a1,30
267a1,10
267b1,238
268a1,18
269a1,6
270a1,36
270b1,60
270c1,12
270d1,60
272a1,16
272b1,16
272c1,16
272d1,48
273a1,48
273b1,672
274a1,28
274b1,132
274c1,12
275a1,24
275b1,28
277a1,10
278a1,32
278b1,272
280a1,16
280b1,240
282a1,48
282b1,64
285a1,40
285b1,24
285c1,72
286a1,60
286b1,104
286c1,24
286d1,120
286e1,60
286f1,12
288a1,16
288b1,32
288c1,32
288d1,16
288e1,48
289a1,72
290a1,48
291a1,1012
291b1,120
291c1,12
291d1,12
294a1,84
294b1,12
294c1,192
294d1,60
294e1,420
294f1,448
294g1,64
296a1,16
296b1,16
297a1,72
297b1,12
297c1,36
297d1,24
298a1,36
298b1,20
300a1,36
300b1,180
300c1,120
300d1,24
302a1,120
302b1,27
302c1,40
303a1,112
303b1,32
304a1,48
304b1,48
304c1,16
304d1,16
304e1,24
304f1,24
306a1,192
306b1,48
306c1,128
306d1,64
307a1,13
307b1,10
307c1,11
307d1,15
308a1,24
309a1,20
310a1,48
310b1,96
312a1,16
312b1,16
312c1,16
312d1,32
312e1,240
312f1,48
314a1,20
315a1,20
315b1,32
316a1,36
316b1,36
318a1,20
318b1,60
318c1,24
318d1,88
318e1,204
319a1,92
320a1,16
320b1,16
320c1,16
320d1,16
320e1,16
320f1,16
322a1,48
322b1,112
322c1,24
322d1,40
323a1,140
324a1,18
324b1,36
324c1,18
324d1,36
325a1,60
325b1,12
325c1,48
325d1,84
325e1,84
326a1,36
326b1,20
326c1,204
327a1,16
328a1,16
328b1,24
329a1,180
330a1,160
330b1,32
330c1,192
330d1,2240
330e1,64
331a1,12
333a1,20
333b1,48
333c1,16
333d1,28
334a1,8
335a1,8
336a1,24
336b1,16
336c1,48
336d1,96
336e1,32
336f1,24
338a1,12
338b1,156
338c1,112
338d1,312
338e1,24
338f1,336
339a1,72
339b1,126
339c1,24
340a1,24
342a1,60
342b1,160
342c1,96
342d1,48
342e1,16
342f1,480
342g1,60
344a1,16
345a1,80
345b1,16
345c1,300
345d1,40
345e1,96
345f1,192
346a1,28
346b1,28
347a1,14
348a1,12
348b1,12
348c1,180
348d1,84
350a1,96
350b1,120
350c1,24
350d1,48
350e1,1320
350f1,264
352a1,32
352b1,32
352c1,32
352d1,32
352e1,96
352f1,96
353a1,24
354a1,16
354b1,40
354c1,120
354d1,48
354e1,1584
354f1,56
355a1,16
356a1,12
357a1,544
357b1,32
357c1,48
357d1,112
358a1,102
358b1,22
359a1,16
359b1,8
360a1,64
360b1,32
360c1,96
360d1,64
360e1,32
361a1,20
361b1,120
362a1,20
362b1,28
363a1,180
363b1,36
363c1,396
364a1,120
364b1,24
366a1,48
366b1,60
366c1,228
366d1,364
366e1,52
366f1,48
366g1,80
368a1,24
368b1,120
368c1,16
368d1,16
368e1,8
368f1,24
368g1,48
369a1,32
369b1,160
370a1,16
370b1,44
370c1,108
370d1,96
371a1,32
371b1,60
372a1,24
372b1,30
372c1,360
372d1,48
373a1,22
374a1,40
377a1,14
378a1,36
378b1,36
378c1,72
378d1,24
378e1,72
378f1,72
378g1,1260
378h1,420
380a1,24
380b1,240
381a1,20
381b1,44
384a1,16
384b1,16
384c1,16
384d1,16
384e1,48
384f1,48
384g1,48
384h1,48
385a1,64
385b1,32
387a1,64
387b1,48
387c1,16
387d1,60
387e1,48
389a1,40
390a1,32
390b1,64
390c1,48
390d1,720
390e1,48
390f1,80
390g1,320
392a1,96
392b1,168
392c1,24
392d1,192
392e1,168
392f1,24
395a1,36
395b1,72
395c1,68
396a1,240
396b1,48
396c1,60
398a1,55
399a1,120
399b1,24
399c1,168
400a1,48
400b1,48
400c1,48
400d1,16
400e1,48
400f1,80
400g1,240
400h1,48
402a1,32
402b1,32
402c1,48
402d1,144
404a1,12
404b1,68
405a1,24
405b1,24
405c1,12
405d1,36
405e1,72
405f1,24
406a1,120
406b1,96
406c1,64
406d1,640
408a1,32
408b1,64
408c1,240
408d1,80
410a1,48
410b1,288
410c1,128
410d1,64
414a1,128
414b1,64
414c1,64
414d1,160
415a1,112
416a1,16
416b1,16
417a1,72
418a1,20
418b1,104
418c1,56
420a1,840
420b1,120
420c1,72
420d1,24
422a1,24
423a1,32
423b1,96
423c1,48
423d1,96
423e1,224
423f1,96
423g1,32
425a1,32
425b1,60
425c1,12
425d1,96
426a1,80
426b1,120
426c1,1440
427a1,22
427b1,28
427c1,36
428a1,54
428b1,18
429a1,16
429b1,64
430a1,24
430b1,40
430c1,72
430d1,600
431a1,10
431b1,40
432a1,24
432b1,24
432c1,144
432d1,48
432e1,48
432f1,48
432g1,144
432h1,48
433a1,28
434a1,24
434b1,48
434c1,80
434d1,80
434e1,480
435a1,20
435b1,140
435c1,48
435d1,80
437a1,80
437b1,40
438a1,288
438b1,32
438c1,32
438d1,576
438e1,112
438f1,64
438g1,64
440a1,48
440b1,16
440c1,288
440d1,144
441a1,168
441b1,24
441c1,192
441d1,32
441e1,336
441f1,48
442a1,96
442b1,192
442c1,64
442d1,48
442e1,10560
443a1,12
443b1,14
443c1,62
444a1,24
444b1,48
446a1,24
446b1,56
446c1,36
446d1,88
448a1,32
448b1,32
448c1,64
448d1,32
448e1,64
448f1,64
448g1,32
448h1,64
450a1,320
450b1,60
450c1,64
450d1,60
450e1,192
450f1,192
450g1,384
451a1,36
455a1,48
455b1,32
456a1,80
456b1,48
456c1,96
456d1,96
458a1,48
458b1,40
459a1,12
459b1,60
459c1,18
459d1,198
459e1,180
459f1,54
459g1,66
459h1,36
460a1,36
460b1,360
460c1,144
460d1,24
462a1,64
462b1,480
462c1,32
462d1,4160
462e1,672
462f1,192
462g1,96
464a1,32
464b1,32
464c1,96
464d1,32
464e1,60
464f1,480
464g1,96
465a1,48
465b1,32
466a1,20
466b1,32
467a1,34
468a1,192
468b1,576
468c1,48
468d1,96
468e1,96
469a1,80
469b1,32
470a1,64
470b1,320
470c1,112
470d1,80
470e1,32
470f1,336
471a1,16
472a1,40
472b1,48
472c1,24
472d1,112
472e1,16
473a1,204
474a1,168
474b1,40
475a1,36
475b1,80
475c1,16
477a1,28
480a1,32
480b1,32
480c1,32
480d1,192
480e1,192
480f1,64
480g1,32
480h1,64
481a1,114
482a1,112
483a1,300
483b1,20
484a1,240
485a1,140
485b1,12
486a1,36
486b1,36
486c1,108
486d1,36
486e1,36
486f1,108
490a1,168
490b1,84
490c1,588
490d1,24
490e1,60
490f1,840
490g1,160
490h1,192
490i1,420
490j1,1120
490k1,120
492a1,24
492b1,216
493a1,1872
493b1,120
494a1,40
494b1,34
494c1,152
494d1,312
495a1,32
496a1,16
496b1,16
496c1,32
496d1,24
496e1,24
496f1,48
497a1,40
498a1,28
498b1,80
501a1,46
503a1,22
503b1,38
503c1,100
504a1,32
504b1,96
504c1,64
504d1,96
504e1,32
504f1,64
504g1,192
504h1,96
505a1,16
506a1,56
506b1,2856
506c1,88
506d1,200
506e1,24
506f1,104
507a1,312
507b1,24
507c1,168
510a1,1008
510b1,336
510c1,80
510d1,192
510e1,128
510f1,32
510g1,144
513a1,72
513b1,24
514a1,128
514b1,32
516a1,48
516b1,48
516c1,42
516d1,288
517a1,120
517b1,72
517c1,432
520a1,32
520b1,32
522a1,240
522b1,440
522c1,80
522d1,224
522e1,96
522f1,120
522g1,1320
522h1,80
522i1,80
522j1,416
522k1,80
522l1,56
522m1,12320
524a1,60
525a1,96
525b1,64
525c1,240
525d1,48
528a1,32
528b1,48
528c1,672
528d1,32
528e1,24
528f1,480
528g1,96
528h1,96
528i1,120
528j1,96
530a1,112
530b1,24
530c1,1200
530d1,48
532a1,30
534a1,48
537a1,208
537b1,32
537c1,64
537d1,24
537e1,192
539a1,320
539b1,192
539c1,288
539d1,72
540a1,36
540b1,36
540c1,216
540d1,108
540e1,72
540f1,36
542a1,98
542b1,56
544a1,16
544b1,32
544c1,32
544d1,16
544e1,48
544f1,48
545a1,102
546a1,120
546b1,40
546c1,96
546d1,216
546e1,4760
546f1,1176
546g1,48
549a1,16
549b1,48
549c1,48
550a1,96
550b1,480
550c1,132
550d1,180
550e1,880
550f1,240
550g1,48
550h1,36
550i1,672
550j1,176
550k1,48
550l1,240
550m1,660
551a1,24
551b1,24
551c1,672
551d1,96
552a1,96
552b1,448
552c1,64
552d1,96
552e1,64
555a1,60
555b1,420
556a1,18
557a1,14
557b1,182
558a1,16
558b1,240
558c1,64
558d1,160
558e1,48
558f1,240
558g1,224
558h1,352
560a1,32
560b1,480
560c1,48
560d1,96
560e1,240
560f1,48
561a1,320
561b1,160
561c1,64
561d1,32
562a1,40
563a1,52
564a1,120
564b1,72
565a1,48
566a1,24
566b1,26
567a1,24
567b1,72
568a1,80
570a1,192
570b1,336
570c1,96
570d1,2240
570e1,128
570f1,144
570g1,64
570h1,48
570i1,960
570j1,560
570k1,2880
570l1,2400
570m1,96
571a1,120
571b1,48
572a1,120
573a1,24
573b1,300
573c1,60
574a1,24
574b1,480
574c1,224
574d1,8160
574e1,120
574f1,120
574g1,88
574h1,72
574i1,3528
574j1,120
575a1,12
575b1,240
575c1,280
575d1,60
575e1,56
576a1,32
576b1,64
576c1,64
576d1,64
576e1,32
576f1,32
576g1,96
576h1,32
576i1,64
578a1,576
579a1,80
579b1,24
580a1,24
580b1,72
582a1,48
582b1,2016
582c1,80
582d1,64
583a1,48
583b1,384
583c1,1248
585a1,192
585b1,48
585c1,64
585d1,48
585e1,672
585f1,192
585g1,96
585h1,48
585i1,672
586a1,30
586b1,144
586c1,32
588a1,180
588b1,288
588c1,48
588d1,1260
588e1,336
588f1,288
590a1,352
590b1,60
590c1,48
590d1,288
591a1,16
592a1,32
592b1,32
592c1,80
592d1,48
592e1,48
593a1,22
593b1,58
594a1,48
594b1,48
594c1,720
594d1,480
594e1,1440
594f1,144
594g1,144
594h1,240
595a1,1716
595b1,980
595c1,28
598a1,96
598b1,480
598c1,48
598d1,272
600a1,192
600b1,48
600c1,96
600d1,64
600e1,336
600f1,192
600g1,1680
600h1,480
600i1,240
602a1,480
602b1,1360
602c1,48
603a1,28
603b1,84
603c1,480
603d1,96
603e1,96
603f1,120
605a1,1320
605b1,120
605c1,120
606a1,198
606b1,48
606c1,48
606d1,1428
606e1,432
606f1,100
608a1,32
608b1,480
608c1,48
608d1,32
608e1,480
608f1,48
609a1,32
609b1,384
610a1,60
610b1,96
610c1,64
611a1,58
612a1,144
612b1,144
612c1,96
612d1,1056
614a1,48
614b1,96
615a1,32
615b1,112
616a1,96
616b1,960
616c1,64
616d1,96
616e1,32
618a1,48
618b1,456
618c1,72
618d1,720
618e1,40
618f1,616
618g1,224
620a1,72
620b1,180
620c1,72
621a1,144
621b1,48
622a1,84
623a1,96
624a1,32
624b1,96
624c1,32
624d1,32
624e1,480
624f1,64
624g1,48
624h1,64
624i1,960
624j1,48
626a1,20
626b1,532
627a1,28
627b1,180
628a1,48
629a1,36
629b1,360
629c1,112
629d1,220
630a1,96
630b1,1120
630c1,1024
630d1,256
630e1,128
630f1,384
630g1,3360
630h1,96
630i1,768
630j1,128
632a1,64
633a1,128
635a1,24
635b1,40
637a1,60
637b1,192
637c1,420
637d1,192
639a1,48
640a1,32
640b1,32
640c1,32
640d1,64
640e1,64
640f1,64
640g1,32
640h1,64
642a1,120
642b1,240
642c1,208
643a1,32
644a1,48
644b1,24
645a1,44
645b1,72
645c1,2688
645d1,1152
645e1,1536
645f1,192
646a1,192
646b1,192
646c1,448
646d1,192
646e1,192
648a1,48
648b1,24
648c1,144
648d1,72
649a1,24
650a1,192
650b1,360
650c1,120
650d1,840
650e1,1920
650f1,280
650g1,72
650h1,72
650i1,360
650j1,576
650k1,168
650l1,1800
650m1,600
651a1,960
651b1,48
651c1,32
651d1,128
651e1,96
654a1,128
654b1,256
655a1,144
656a1,32
656b1,48
656c1,96
657a1,480
657b1,96
657c1,96
657d1,48
658a1,5040
658b1,72
658c1,48
658d1,96
658e1,1056
658f1,96
659a1,50
659b1,141
660a1,96
660b1,48
660c1,144
660d1,288
662a1,160
663a1,288
663b1,128
663c1,64
664a1,160
664b1,16
664c1,16
665a1,120
665b1,32
665c1,24
665d1,600
665e1,232
666a1,240
666b1,352
666c1,96
666d1,80
666e1,416
666f1,288
666g1,19872
669a1,40
670a1,528
670b1,48
670c1,80
670d1,304
672a1,32
672b1,480
672c1,64
672d1,480
672e1,64
672f1,64
672g1,32
672h1,64
674a1,36
674b1,48
674c1,1860
675a1,48
675b1,36
675c1,42
675d1,540
675e1,210
675f1,108
675g1,288
675h1,864
675i1,180
676a1,252
676b1,60
676c1,780
676d1,180
676e1,2340
677a1,22
678a1,56
678b1,72
678c1,224
678d1,504
678e1,160
678f1,288
680a1,64
680b1,48
680c1,384
681a1,32
681b1,375
681c1,96
681d1,192
681e1,160
682a1,72
682b1,456
684a1,144
684b1,144
684c1,192
685a1,28
688a1,32
688b1,48
688c1,80
689a1,40
690a1,448
690b1,336
690c1,17280
690d1,144
690e1,480
690f1,64
690g1,1792
690h1,96
690i1,240
690j1,240
690k1,384
692a1,123
693a1,144
693b1,56
693c1,200
693d1,160
696a1,48
696b1,80
696c1,80
696d1,720
696e1,144
696f1,336
696g1,48
699a1,54
700a1,288
700b1,36
700c1,36
700d1,1440
700e1,360
700f1,180
700g1,144
700h1,72
700i1,180
700j1,720
701a1,42
702a1,120
702b1,24
702c1,180
702d1,504
702e1,1080
702f1,660
702g1,456
702h1,72
702i1,72
702j1,1980
702k1,168
702l1,360
702m1,1368
702n1,72
702o1,60
702p1,1080
703a1,720
703b1,56
704a1,16
704b1,32
704c1,32
704d1,64
704e1,128
704f1,64
704g1,32
704h1,96
704i1,128
704j1,32
704k1,16
704l1,96
705a1,840
705b1,1440
705c1,88
705d1,48
705e1,80
705f1,108
706a1,36
706b1,276
706c1,48
706d1,80
707a1,104
708a1,90
709a1,44
710a1,96
710b1,272
710c1,112
710d1,720
711a1,16
711b1,48
711c1,60
712a1,80
713a1,20
714a1,1344
714b1,120
714c1,2040
714d1,96
714e1,840
714f1,192
714g1,3840
714h1,40
714i1,1080
715a1,48
715b1,336
718a1,120
718b1,112
718c1,240
720a1,64
720b1,192
720c1,128
720d1,64
720e1,128
720f1,192
720g1,192
720h1,128
720i1,48
720j1,384
722a1,684
722b1,120
722c1,720
722d1,2280
722e1,720
722f1,36
723a1,28
723b1,20
725a1,96
726a1,144
726b1,5280
726c1,480
726d1,96
726e1,2400
726f1,1584
726g1,480
726h1,480
726i1,1056
728a1,48
728b1,672
728c1,96
728d1,96
730a1,384
730b1,420
730c1,840
730d1,648
730e1,36
730f1,288
730g1,72
730h1,140
730i1,56
730j1,504
730k1,120
731a1,120
732a1,48
732b1,192
732c1,72
733a1,48
734a1,90
735a1,192
735b1,4704
735c1,48
735d1,336
735e1,96
735f1,672
737a1,672
738a1,240
738b1,2400
738c1,192
738d1,672
738e1,80
738f1,352
738g1,384
738h1,13440
738i1,96
738j1,160
739a1,33
740a1,12480
740b1,144
740c1,96
741a1,32
741b1,1680
741c1,1760
741d1,15680
741e1,64
742a1,40
742b1,336
742c1,600
742d1,3840
742e1,5600
742f1,1120
742g1,160
744a1,32
744b1,120
744c1,128
744d1,1440
744e1,144
744f1,192
744g1,96
747a1,84
747b1,28
747c1,192
747d1,60
747e1,64
748a1,384
749a1,32
752a1,48
753a1,80
753b1,56
753c1,80
754a1,240
754b1,1248
754c1,48
754d1,144
755a1,20
755b1,16
755c1,44
755d1,40
755e1,96
755f1,5304
756a1,216
756b1,72
756c1,72
756d1,216
756e1,72
756f1,216
758a1,80
758b1,88
759a1,160
759b1,128
760a1,64
760b1,2240
760c1,480
760d1,96
760e1,64
762a1,60
762b1,3360
762c1,96
762d1,80
762e1,528
762f1,180
762g1,3696
763a1,60
765a1,192
765b1,64
765c1,96
766a1,132
768a1,64
768b1,32
768c1,64
768d1,32
768e1,64
768f1,32
768g1,64
768h1,32
770a1,64
770b1,576
770c1,2560
770d1,256
770e1,256
770f1,576
770g1,192
774a1,192
774b1,480
774c1,6080
774d1,1344
774e1,96
774f1,192
774g1,192
774h1,1568
774i1,320
775a1,96
775b1,192
775c1,480
776a1,40
777a1,48
777b1,21840
777c1,96
777d1,80
777e1,240
777f1,48
777g1,160
780a1,96
780b1,1560
780c1,192
780d1,72
781a1,612
781b1,108
782a1,72
782b1,168
782c1,3360
782d1,40
782e1,400
784a1,48
784b1,336
784c1,192
784d1,336
784e1,384
784f1,48
784g1,168
784h1,64
784i1,24
784j1,384
786a1,40
786b1,216
786c1,12960
786d1,504
786e1,144
786f1,152
786g1,264
786h1,168
786i1,288
786j1,504
786k1,144
786l1,280
786m1,840
790a1,128
791a1,144
791b1,176
791c1,48
792a1,192
792b1,128
792c1,64
792d1,128
792e1,192
792f1,112
792g1,2688
793a1,48
794a1,88
794b1,72
794c1,40
794d1,216
795a1,80
795b1,180
795c1,660
795d1,120
797a1,24
798a1,64
798b1,192
798c1,160
798d1,320
798e1,1152
798f1,256
798g1,480
798h1,1344
798i1,64
799a1,88
799b1,168
800a1,64
800b1,48
800c1,192
800d1,160
800e1,240
800f1,48
800g1,192
800h1,32
800i1,240
801a1,1904
801b1,60
801c1,80
801d1,60
802a1,52
802b1,42
804a1,210
804b1,360
804c1,72
804d1,168
805a1,5720
805b1,144
805c1,360
805d1,360
806a1,80
806b1,176
806c1,160
806d1,1056
806e1,1008
806f1,1040
807a1,96
808a1,56
808b1,112
810a1,72
810b1,216
810c1,1080
810d1,144
810e1,72
810f1,144
810g1,1080
810h1,216
811a1,24
812a1,144
812b1,96
813a1,68
813b1,108
814a1,144
814b1,80
815a1,120
816a1,64
816b1,128
816c1,160
816d1,480
816e1,576
816f1,144
816g1,48
816h1,384
816i1,528
816j1,192
817a1,56
817b1,1160
819a1,96
819b1,32
819c1,128
819d1,5376
819e1,96
819f1,384
822a1,64
822b1,1440
822c1,640
822d1,120
822e1,168
822f1,88
825a1,72
825b1,192
825c1,360
826a1,220
826b1,180
827a1,44
828a1,48
828b1,144
828c1,84
828d1,60
829a1,66
830a1,256
830b1,2048
830c1,320
831a1,120
832a1,64
832b1,64
832c1,128
832d1,48
832e1,128
832f1,384
832g1,128
832h1,48
832i1,128
832j1,384
833a1,72
834a1,2352
834b1,96
834c1,96
834d1,64
834e1,48
834f1,672
834g1,400
836a1,48
836b1,66
840a1,192
840b1,128
840c1,64
840d1,1920
840e1,64
840f1,128
840g1,256
840h1,192
840i1,64
840j1,128
842a1,60
842b1,156
843a1,60
845a1,336
846a1,512
846b1,64
846c1,384
847a1,800
847b1,480
847c1,720
848a1,192
848b1,1152
848c1,144
848d1,84
848e1,128
848f1,48
848g1,240
849a1,96
850a1,2016
850b1,288
850c1,560
850d1,6720
850e1,192
850f1,1344
850g1,384
850h1,3840
850i1,960
850j1,480
850k1,288
850l1,112
851a1,88
854a1,240
854b1,288
854c1,64
854d1,336
855a1,576
855b1,192
855c1,320
856a1,40
856b1,112
856c1,48
856d1,240
858a1,192
858b1,576
858c1,80
858d1,3120
858e1,576
858f1,2640
858g1,144
858h1,288
858i1,1152
858j1,240
858k1,35280
858l1,1008
858m1,160
861a1,56
861b1,1632
861c1,2240
861d1,80
862a1,32
862b1,192
862c1,54
862d1,144
862e1,640
862f1,128
864a1,48
864b1,96
864c1,96
864d1,48
864e1,288
864f1,96
864g1,144
864h1,288
864i1,288
864j1,144
864k1,96
864l1,288
866a1,96
867a1,576
867b1,96
867c1,1632
867d1,1632
867e1,96
869a1,120
869b1,84
869c1,44
869d1,216
870a1,192
870b1,1440
870c1,288
870d1,256
870e1,96
870f1,1120
870g1,256
870h1,64
870i1,1600
871a1,224
872a1,64
873a1,96
873b1,480
873c1,8096
873d1,96
874a1,144
874b1,3600
874c1,96
874d1,80
874e1,400
874f1,1344
876a1,1848
876b1,120
880a1,32
880b1,96
880c1,576
880d1,288
880e1,672
880f1,96
880g1,480
880h1,48
880i1,64
880j1,144
882a1,1008
882b1,144
882c1,672
882d1,96
882e1,1536
882f1,1008
882g1,144
882h1,480
882i1,384
882j1,3360
882k1,512
882l1,3584
885a1,224
885b1,128
885c1,48
885d1,400
886a1,88
886b1,396
886c1,720
886d1,5016
886e1,60
888a1,400
888b1,128
888c1,96
888d1,64
890a1,64
890b1,96
890c1,448
890d1,72
890e1,576
890f1,312
890g1,200
890h1,160
891a1,72
891b1,78
891c1,216
891d1,216
891e1,270
891f1,78
891g1,72
891h1,90
892a1,312
892b1,120
892c1,72
894a1,1248
894b1,120
894c1,760
894d1,72
894e1,1104
894f1,120
894g1,616
895a1,24
895b1,648
896a1,32
896b1,32
896c1,32
896d1,32
897a1,768
897b1,160
897c1,48
897d1,12480
897e1,3360
897f1,96
898a1,168
898b1,420
898c1,78
898d1,48
899a1,28
899b1,58
900a1,720
900b1,144
900c1,144
900d1,288
900e1,288
900f1,1440
900g1,960
900h1,192
901a1,168
901b1,1480
901c1,120
901d1,840
901e1,2040
901f1,72
902a1,2520
902b1,248
903a1,48
903b1,912
904a1,96
905a1,80
905b1,200
906a1,2184
906b1,120
906c1,216
906d1,360
906e1,24360
906f1,120
906g1,72
906h1,440
906i1,56
909a1,896
909b1,256
909c1,48
910a1,960
910b1,144
910c1,288
910d1,96
910e1,21168
910f1,5280
910g1,240
910h1,816
910i1,64
910j1,576
910k1,1120
912a1,192
912b1,96
912c1,192
912d1,160
912e1,288
912f1,480
912g1,96
912h1,480
912i1,96
912j1,72
912k1,1440
912l1,160
913a1,120
913b1,300
914a1,140
914b1,52
915a1,1680
915b1,64
915c1,144
915d1,144
916a1,153
916b1,8604
916c1,132
916d1,60
916e1,36
918a1,1440
918b1,120
918c1,792
918d1,360
918e1,72
918f1,144
918g1,144
918h1,264
918i1,216
918j1,1080
918k1,480
918l1,360
920a1,720
920b1,288
920c1,32
920d1,64
921a1,456
921b1,72
922a1,46
923a1,90
924a1,4200
924b1,360
924c1,72
924d1,312
924e1,120
924f1,360
924g1,72
924h1,3240
925a1,192
925b1,96
925c1,144
925d1,1152
925e1,256
926a1,66
927a1,160
928a1,64
928b1,64
930a1,288
930b1,360
930c1,440
930d1,2688
930e1,96
930f1,91080
930g1,288
930h1,960
930i1,120
930j1,2080
930k1,160
930l1,4680
930m1,192
930n1,1440
930o1,512
931a1,546
931b1,126
931c1,78
933a1,28
933b1,308
934a1,32
934b1,280
934c1,264
935a1,40
935b1,1464
936a1,64
936b1,240
936c1,384
936d1,1920
936e1,128
936f1,192
936g1,128
936h1,128
936i1,256
938a1,48
938b1,1200
938c1,192
938d1,528
939a1,748
939b1,40
939c1,140
940a1,4620
940b1,360
940c1,1080
940d1,72
940e1,84
942a1,108
942b1,4608
942c1,2560
942d1,384
943a1,72
944a1,32
944b1,96
944c1,48
944d1,80
944e1,224
944f1,24
944g1,912
944h1,288
944i1,96
944j1,56
944k1,144
946a1,48
946b1,120
946c1,520
948a1,126
948b1,864
948c1,96
950a1,160
950b1,576
950c1,2112
950d1,192
950e1,288
954a1,336
954b1,168
954c1,704
954d1,160
954e1,1440
954f1,144
954g1,56
954h1,112
954i1,240
954j1,1632
954k1,480
954l1,192
954m1,240
955a1,440
956a1,42
957a1,280
960a1,64
960b1,128
960c1,128
960d1,384
960e1,384
960f1,64
960g1,128
960h1,384
960i1,128
960j1,128
960k1,64
960l1,128
960m1,128
960n1,64
960o1,384
960p1,128
962a1,64
964a1,72
965a1,84
966a1,960
966b1,1560
966c1,4224
966d1,192
966e1,192
966f1,4800
966g1,512
966h1,360
966i1,960
966j1,3960
966k1,120
968a1,96
968b1,1056
968c1,1056
968d1,96
968e1,960
969a1,80
970a1,4004
970b1,76
972a1,54
972b1,54
972c1,54
972d1,108
973a1,136
973b1,88
974a1,180
974b1,840
974c1,189
974d1,600
974e1,48
974f1,144
974g1,96
974h1,480
975a1,576
975b1,288
975c1,720
975d1,2016
975e1,720
975f1,400
975g1,128
975h1,144
975i1,2016
975j1,80
975k1,144
976a1,192
976b1,128
976c1,48
978a1,2280
978b1,60
978c1,40560
978d1,1560
978e1,80
978f1,176
978g1,448
978h1,72
979a1,40
979b1,1104
980a1,432
980b1,1008
980c1,96
980d1,576
980e1,672
980f1,3024
980g1,180
980h1,144
980i1,2880
981a1,128
981b1,128
982a1,112
984a1,432
984b1,288
984c1,480
984d1,96
985a1,96
985b1,144
986a1,176
986b1,864
986c1,432
986d1,96
986e1,1680
986f1,64
987a1,112
987b1,80
987c1,288
987d1,3360
987e1,1200
988a1,420
988b1,13260
988c1,120
988d1,108
989a1,224
990a1,64
990b1,1728
990c1,1536
990d1,600
990e1,256
990f1,120
990g1,17920
990h3,1728
990i1,192
990j1,512
990k1,1280
990l1,840
994a1,64
994b1,480
994c1,576
994d1,384
994e1,128
994f1,128
994g1,864
995a1,44
995b1,72
996a1,270
996b1,624
996c1,144
997a1,80
997b1,48
997c1,96
999a1,72
999b1,24
1001a1,1680
1001b1,152
1001c1,1008
1002a1,192
1002b1,1104
1002c1,1008
1002d1,144
1002e1,224
1003a1,36
1003b1,48
1003c1,384
1003d1,180
1005a1,360
1005b1,480
1006a1,48
1006b1,63
1006c1,96
1006d1,120
1006e1,480
1007a1,276
1008a1,192
1008b1,64
1008c1,192
1008d1,64
1008e1,384
1008f1,192
1008g1,128
1008h1,128
1008i1,192
1008j1,192
1008k1,256
1008l1,768
1008m1,192
1010a1,896
1010b1,160
1011a1,120
1011b1,56
1012a1,13776
1012b1,216
1012c1,240
1012d1,66
1014a1,192
1014b1,4992
1014c1,240
1014d1,2496
1014e1,6720
1014f1,384
1014g1,3120
1015a1,96
1015b1,18720
1015c1,96
1016a1,144
1017a1,40
1017b1,432
1017c1,48
1017d1,72
1017e1,120
1017f1,144
1017g1,1296
1017h1,216
1017i1,576
1017j1,72
1017k1,192
1017l1,1008
1018a1,84
1018b1,70
1018c1,186
1019a1,192
1019b1,72
1020a1,120
1020b1,144
1020c1,504
1020d1,168
1020e1,72
1020f1,6720
1020g1,360
1020h1,1080
1022a1,400
1022b1,320
1022c1,96
1023a1,6840
1025a1,192
1025b1,288
1025c1,384
1026a1,168
1026b1,360
1026c1,72
1026d1,8568
1026e1,504
1026f1,264
1026g1,144
1026h1,216
1026i1,120
1026j1,504
1026k1,792
1026l1,432
1026m1,216
1026n1,2856
1026o1,1512
1026p1,216
1027a1,128
1028a1,132
1028b1,36
1028c1,60
1030a1,120
1030b1,420
1030c1,204
1032a1,96
1032b1,672
1032c1,160
1034a1,128
1034b1,1440
1034c1,160
1035a1,1536
1035b1,768
1035c1,640
1035d1,128
1035e1,320
1035f1,320
1035g1,2400
1038a1,48
1038b1,1872
1038c1,336
1040a1,64
1040b1,64
1040c1,128
1040d1,192
1040e1,1920
1040f1,192
1040g1,576
1042a1,96
1042b1,92
1042c1,340
1043a1,132
1044a1,1440
1044b1,288
1044c1,480
1044d1,96
1044e1,96
1044f1,96
1044g1,1440
1044h1,180
1044i1,1680
1044j1,240
1044k1,672
1045a1,64
1045b1,4416
1048a1,48
1048b1,240
1050a1,1152
1050b1,168
1050c1,3072
1050d1,600
1050e1,384
1050f1,2280
1050g1,768
1050h1,512
1050i1,320
1050j1,216
1050k1,2304
1050l1,1080
1050m1,1600
1050n1,11400
1050o1,600
1050p1,384
1050q1,840
1050r1,1920
1051a1,40
1053a1,288
1053b1,96
1053c1,84
1053d1,252
1054a1,160
1055a1,48
1056a1,96
1056b1,96
1056c1,128
1056d1,1920
1056e1,96
1056f1,96
1056g1,1920
1056h1,96
1056i1,128
1056j1,96
1058a1,2640
1058b1,1840
1058c1,80
1058d1,19320
1058e1,840
1059a1,216
1060a1,192
1062a1,384
1062b1,448
1062c1,128
1062d1,360
1062e1,144
1062f1,12672
1062g1,128
1062h1,384
1062i1,912
1062j1,320
1062k1,960
1062l1,120
1065a1,96
1065b1,128
1065c1,96
1066a1,504
1066b1,504
1066c1,2184
1066d1,840
1066e1,288
1070a1,240
1070b1,988
1070c1,2640
1070d1,108
1071a1,4352
1071b1,384
1071c1,256
1071d1,896
1072a1,200
1072b1,72
1073a1,128
1073b1,192
1074a1,56
1074b1,2880
1074c1,320
1074d1,640
1074e1,192
1074f1,432
1074g1,360
1074h1,240
1075a1,192
1075b1,54
1075c1,48
1075d1,160
1075e1,66
1075f1,270
1075g1,240
1075h1,330
1077a1,144
1077b1,114
1077c1,96
1078a1,96
1078b1,6048
1078c1,1152
1078d1,672
1078e1,864
1078f1,768
1078g1,1680
1078h1,1008
1078i1,1152
1078j1,240
1078k1,144
1078l1,128
1078m1,896
1080a1,48
1080b1,720
1080c1,144
1080d1,720
1080e1,288
1080f1,1008
1080g1,240
1080h1,336
1080i1,240
1080j1,96
1080k1,48
1080l1,144
1083a1,684
1083b1,540
1083c1,4320
1083d1,36
1083e1,1440
1085a1,288
1085b1,3360
1085c1,80
1085d1,1152
1085e1,96
1085f1,13056
1085g1,128
1085h1,2688
1086a1,168
1086b1,1144
1086c1,120
1086d1,728
1086e1,168
1088a1,64
1088b1,64
1088c1,384
1088d1,128
1088e1,128
1088f1,128
1088g1,128
1088h1,192
1088i1,384
1088j1,192
1088k1,128
1088l1,64
1088m1,128
1088n1,64
1089a1,112
1089b1,1232
1089c1,480
1089d1,1440
1089e1,120
1089f1,144
1089g1,1440
1089h1,144
1089i1,3168
1089j1,720
1089k1,288
1090a1,3192
1090b1,84
1090c1,200
1090d1,156
1090e1,88
1090f1,3960
1090g1,168
1090h1,648
1090i1,80
1091a1,38
1092a1,480
1092b1,1440
1092c1,576
1092d1,144
1092e1,240
1094a1,88
1094b1,280
1095a1,96
1096a1,80
1096b1,112
1096c1,152
1098a1,336
1098b1,528
1098c1,2912
1098d1,384
1098e1,480
1098f1,640
1098g1,112
1098h1,176
1098i1,1824
1098j1,192
1098k1,416
1098l1,384
1099a1,32
1100a1,216
1100b1,864
1100c1,288
1100d1,480
1100e1,96
1101a1,72
1102a1,288
1102b1,5632
1102c1,512
1102d1,13440
1102e1,960
1104a1,128
1104b1,896
1104c1,192
1104d1,128
1104e1,192
1104f1,128
1104g1,384
1104h1,192
1104i1,192
1105a1,800
1106a1,288
1106b1,432
1106c1,792
1106d1,80
1106e1,192
1107a1,48
1107b1,144
1108a1,156
1110a1,80
1110b1,112
1110c1,49280
1110d1,720
1110e1,2160
1110f1,5760
1110g1,720
1110h1,1008
1110i1,1200
1110j1,336
1110k1,1728
1110l1,432
1110m1,1008
1110n1,7920
1110o1,80
1111a1,72
1111b1,2520
1112a1,56
1112b1,64
1113a1,48
1113b1,56
1113c1,240
1113d1,160
1113e1,336
1114a1,184
1115a1,54
1115b1,56
1116a1,192
1116b1,384
1116c1,192
1116d1,240
1116e1,144
1116f1,2880
1118a1,156
1120a1,192
1120b1,192
1120c1,96
1120d1,192
1120e1,10560
1120f1,1344
1120g1,320
1120h1,1344
1120i1,96
1120j1,10560
1120k1,192
1120l1,384
1120m1,320
1120n1,192
1120o1,384
1120p1,192
1122a1,480
1122b1,3840
1122c1,2688
1122d1,672
1122e1,512
1122f1,96
1122g1,16224
1122h1,384
1122i1,1120
1122j1,96
1122k1,2688
1122l1,256
1122m1,11520
1122n1,384
1126a1,176
1127a1,240
1128a1,160
1128b1,480
1128c1,128
1128d1,21120
1128e1,160
1128f1,96
1128g1,1056
1130a1,960
1130b1,48
1130c1,320
1131a1,96
1131b1,48
1132a1,120
1132b1,48
1132c1,96
1133a1,248
1134a1,192
1134b1,168
1134c1,576
1134d1,144
1134e1,576
1134f1,576
1134g1,504
1134h1,144
1135a1,200
1136a1,160
1136b1,216
1136c1,864
1136d1,7776
1136e1,96
1136f1,96
1137a1,72
1138a1,80
1139a1,84
1139b1,384
1140a1,576
1140b1,96
1140c1,576
1140d1,192
1141a1,280
1141b1,136
1142a1,72
1142b1,520
1143a1,48
1143b1,144
1143c1,352
1143d1,160
1144a1,416
1144b1,160
1144c1,176
1144d1,1120
1145a1,348
1146a1,128
1146b1,256
1147a1,80
1147b1,3920
1149a1,84
1149b1,156
1150a1,7200
1150b1,504
1150c1,1200
1150d1,720
1150e1,400
1150f1,144
1150g1,240
1150h1,1440
1150i1,2520
1152a1,64
1152b1,64
1152c1,192
1152d1,64
1152e1,128
1152f1,96
1152g1,96
1152h1,96
1152i1,384
1152j1,384
1152k1,384
1152l1,192
1152m1,64
1152n1,192
1152o1,192
1152p1,128
1152q1,128
1152r1,128
1152s1,96
1152t1,384
1153a1,96
1154a1,72
1155a1,96
1155b1,4368
1155c1,288
1155d1,400
1155e1,256
1155f1,1152
1155g1,144
1155h1,96
1155i1,336
1155j1,144
1155k1,784
1155l1,1920
1155m1,960
1155n1,6000
1157a1,36
1157b1,192
1157c1,204
1158a1,72
1158b1,240
1158c1,360
1158d1,1200
1158e1,3720
1158f1,96
1158g1,360
1158h1,256
1160a1,192
1160b1,64
1160c1,128
1160d1,128
1161a1,96
1161b1,288
1161c1,96
1161d1,288
1162a1,144
1162b1,208
1164a1,168
1166a1,64
1166b1,108
1166c1,768
1166d1,76
1167a1,176
1167b1,224
1168a1,96
1169a1,68
1170a1,5120
1170b1,576
1170c1,256
1170d1,512
1170e1,384
1170f1,1920
1170g1,384
1170h1,15360
1170i1,576
1170j1,640
1170k1,5760
1170l1,576
1170m1,256
1170n1,2560
1171a1,88
1171b1,81
1172a1,345
1173a1,128
1173b1,520
1173c1,840
1173d1,3696
1173e1,112
1173f1,120
1174a1,66
1175a1,2592
1175b1,288
1175c1,432
1176a1,1008
1176b1,240
1176c1,384
1176d1,1680
1176e1,1152
1176f1,144
1176g1,128
1176h1,896
1176i1,192
1178a1,3360
1178b1,960
1178c1,192
1178d1,160
1179a1,60
1180a1,216
1183a1,672
1183b1,672
1184a1,72
1184b1,64
1184c1,64
1184d1,576
1184e1,72
1184f1,1728
1184g1,576
1184h1,1728
1185a1,360
1185b1,240
1185c1,23760
1185d1,528
1185e1,168
1186a1,72
1186b1,100
1187a1,117
1187b1,80
1187c1,91
1188a1,432
1188b1,72
1188c1,144
1188d1,216
1189a1,80
1190a1,480
1190b1,1680
1190c1,528
1190d1,2688
1190e1,240
1190f1,528
1194a1,4840
1194b1,168
1195a1,56
1195b1,212
1196a1,432
1196b1,216
1197a1,128
1197b1,384
1197c1,1344
1197d1,960
1197e1,192
1198a1,96
1200a1,128
1200b1,960
1200c1,480
1200d1,672
1200e1,384
1200f1,96
1200g1,384
1200h1,3360
1200i1,192
1200j1,384
1200k1,240
1200l1,720
1200m1,192
1200n1,480
1200o1,144
1200p1,1152
1200q1,960
1200r1,240
1200s1,96
1202a1,116
1204a1,2208
1206a1,96
1206b1,384
1206c1,288
1206d1,256
1206e1,256
1206f1,1152
1208a1,96
1209a1,1440
1209b1,64
1210a1,7920
1210b1,240
1210c1,480
1210d1,4752
1210e1,576
1210f1,96
1210g1,2400
1210h1,720
1210i1,2640
1210j1,3360
1210k1,432
1210l1,6336
1210m1,1056
1211a1,320
1211b1,48
1212a1,192
1215a1,180
1215b1,108
1215c1,216
1215d1,180
1215e1,324
1215f1,648
1215g1,216
1215h1,540
1215i1,72
1215j1,180
1216a1,32
1216b1,384
1216c1,128
1216d1,48
1216e1,32
1216f1,384
1216g1,128
1216h1,192
1216i1,480
1216j1,384
1216k1,192
1216l1,128
1216m1,192
1216n1,480
1216o1,384
1216p1,128
1216q1,48
1216r1,192
1218a1,3080
1218b1,120
1218c1,320
1218d1,19656
1218e1,864
1218f1,960
1218g1,1152
1218h1,120960
1218i1,216
1218j1,576
1218k1,480
1220a1,288
1221a1,112
1221b1,240
1221c1,80
1222a1,140
1222b1,364
1224a1,64
1224b1,192
1224c1,512
1224d1,192
1224e1,1920
1224f1,192
1224g1,640
1224h1,256
1225a1,768
1225b1,144
1225c1,1152
1225d1,8064
1225e1,1680
1225f1,336
1225g1,240
1225h1,48
1225i1,1920
1225j1,384
1227a1,48
1227b1,240
1228a1,54
1230a1,384
1230b1,1800
1230c1,192
1230d1,256
1230e1,320
1230f1,1536
1230g1,120
1230h1,1152
1230i1,6720
1230j1,120
1230k1,1960
1232a1,192
1232b1,64
1232c1,128
1232d1,1920
1232e1,192
1232f1,480
1232g1,96
1232h1,384
1232i1,384
1232j1,576
1232k1,576
1232l1,288
1234a1,280
1234b1,136
1234c1,3712
1234d1,64
1236a1,216
1236b1,120
1236c1,390
1238a1,140
1239a1,120
1240a1,1056
1240b1,96
1240c1,3360
1240d1,240
1240e1,384
1240f1,96
1240g1,432
1242a1,1008
1242b1,792
1242c1,23520
1242d1,288
1242e1,240
1242f1,288
1242g1,1440
1242h1,480
1242i1,480
1242j1,1440
1242k1,70560
1242l1,96
1242m1,240
1242n1,336
1242o1,264
1242p1,96
1243a1,2388
1245a1,96
1245b1,3120
1246a1,4320
1246b1,25920
1246c1,320
1246d1,96
1246e1,384
1246f1,192
1246g1,2112
1246h1,224
1246i1,192
1248a1,128
1248b1,320
1248c1,768
1248d1,320
1248e1,384
1248f1,768
1248g1,64
1248h1,384
1248i1,128
1248j1,64
1251a1,252
1251b1,84
1251c1,144
1251d1,576
1253a1,166
1254a1,4992
1254b1,120
1254c1,960
1254d1,448
1254e1,192
1254f1,1176
1254g1,768
1254h1,256
1254i1,768
1254j1,3960
1254k1,600
1256a1,80
1258a1,300
1258b1,704
1258c1,1100
1258d1,336
1259a1,30
1259b1,68
1259c1,159
1260a1,288
1260b1,288
1260c1,96
1260d1,288
1260e1,192
1260f1,960
1260g1,360
1260h1,6720
1260i1,840
1260j1,576
1264a1,128
1264b1,320
1264c1,144
1264d1,768
1264e1,1152
1264f1,144
1264g1,192
1264h1,128
1264i1,144
1265a1,136
1266a1,160
1266b1,96
1266c1,640
1266d1,384
1267a1,108
1269a1,60
1269b1,192
1269c1,1344
1269d1,180
1269e1,4032
1269f1,576
1271a1,72
1272a1,288
1272b1,208
1274a1,672
1274b1,672
1274c1,252
1274d1,14784
1274e1,96
1274f1,96
1274g1,6720
1274h1,864
1274i1,576
1274j1,288
1274k1,8640
1274l1,6048
1274m1,2016
1274n1,756
1274o1,1728
1275a1,216
1275b1,320
1275c1,96
1275d1,2880
1275e1,480
1275f1,576
1275g1,1600
1278a1,1248
1278b1,96
1278c1,640
1278d1,504
1278e1,120
1278f1,416
1278g1,288
1278h1,288
1278i1,4536
1278j1,120
1278k1,960
1278l1,11520
1281a1,952
1281b1,96
1281c1,6480
1281d1,3240
1281e1,2640
1282a1,340
1284a1,432
1284b1,48
1284c1,120
1284d1,216
1284e1,162
1284f1,1944
1285a1,56
1286a1,256
1287a1,480
1287b1,1440
1287c1,128
1287d1,120
1287e1,512
1288a1,128
1288b1,160
1288c1,24480
1288d1,480
1288e1,96
1288f1,1920
1288g1,2688
1288h1,672
1288i1,480
1289a1,219
1290a1,240
1290b1,10560
1290c1,10560
1290d1,192
1290e1,1920
1290f1,288
1290g1,480
1290h1,1068480
1290i1,112
1290j1,288
1290k1,5040
1290l1,480
1290m1,640
1290n1,2880
1292a1,120
1292b1,792
1293a1,120
1293b1,498
1293c1,136
1293d1,108
1293e1,3240
1295a1,4480
1295b1,320
1296a1,288
1296b1,96
1296c1,48
1296d1,144
1296e1,144
1296f1,72
1296g1,144
1296h1,288
1296i1,144
1296j1,288
1296k1,144
1296l1,72
1297a1,40
1298a1,992
1298b1,1344
1299a1,1296
1299b1,384
1299c1,128
1299d1,108
1300a1,720
1300b1,192
1300c1,72
1300d1,1152
1300e1,360
1300f1,144
1302a1,5760
1302b1,2880
1302c1,480
1302d1,2112
1302e1,192
1302f1,3360
1302g1,384
1302h1,576
1302i1,1008
1302j1,1920
1302k1,144
1302l1,2304
1302m1,1456
1302n1,128
1302o1,768
1302p1,336
1304a1,144
1304b1,80
1305a1,240
1305b1,80
1305c1,640
1305d1,384
1305e1,1120
1305f1,160
1305g1,128
1306a1,112
1308a1,72
1308b1,120
1308c1,144
1308d1,132
1309a1,16128
1309b1,256
1309c1,216
1310a1,240
1310b1,648
1310c1,260
1311a1,780
1311b1,960
1311c1,384
1311d1,576
1312a1,96
1312b1,96
1313a1,88
1314a1,2304
1314b1,256
1314c1,512
1314d1,256
1314e1,896
1314f1,4608
1314g1,512
1315a1,64
1315b1,272
1315c1,80
1315d1,60
1315e1,336
1318a1,1800
1318b1,112
1320a1,128
1320b1,128
1320c1,1920
1320d1,768
1320e1,1536
1320f1,384
1320g1,128
1320h1,512
1320i1,256
1320j1,256
1320k1,256
1320l1,384
1320m1,256
1320n1,1536
1321a1,88
1322a1,70
1323a1,252
1323b1,126
1323c1,576
1323d1,2016
1323e1,1260
1323f1,672
1323g1,3780
1323h1,1728
1323i1,192
1323j1,4032
1323k1,180
1323l1,540
1323m1,36
1323n1,576
1323o1,288
1323p1,96
1323q1,1344
1323r1,576
1323s1,576
1324a1,108
1324b1,444
1325a1,72
1325b1,720
1325c1,288
1325d1,1080
1325e1,216
1325f1,360
1326a1,3200
1326b1,128
1326c1,128
1326d1,1024
1326e1,1792
1328a1,32
1328b1,32
1328c1,320
1328d1,192
1328e1,128
1329a1,84
1330a1,2688
1330b1,336
1330c1,240
1330d1,288
1330e1,144
1330f1,480
1330g1,1680
1330h1,144
1330i1,560
1330j1,2160
1332a1,576
1332b1,192
1332c1,192
1332d1,384
1332e1,360
1334a1,128
1334b1,960
1334c1,3328
1335a1,320
1335b1,224
1337a1,210
1338a1,336
1339a1,280
1339b1,84
1340a1,540
1340b1,4320
1340c1,84
1342a1,144
1342b1,176
1342c1,3200
1342d1,128
1343a1,176
1344a1,256
1344b1,128
1344c1,64
1344d1,192
1344e1,960
1344f1,64
1344g1,768
1344h1,960
1344i1,192
1344j1,384
1344k1,128
1344l1,384
1344m1,768
1344n1,128
1344o1,192
1344p1,192
1344q1,128
1344r1,256
1344s1,128
1344t1,128
1346a1,128
1347a1,252
1349a1,60
1349b1,4068
1350a1,72
1350b1,144
1350c1,288
1350d1,720
1350e1,1008
1350f1,216
1350g1,1440
1350h1,1440
1350i1,1080
1350j1,1680
1350k1,864
1350l1,216
1350m1,216
1350n1,864
1350o1,4320
1350p1,288
1350q1,336
1350r1,1440
1350s1,144
1350t1,360
1350u1,720
1350v1,5040
1352a1,1344
1352b1,48
1352c1,624
1353a1,720
1353b1,200
1353c1,144
1353d1,312
1354a1,840
1355a1,80
1356a1,420
1356b1,96
1356c1,108
1356d1,84
1356e1,83916
1356f1,108
1357a1,112
1358a1,200
1358b1,216
1358c1,120
1358d1,1320
1360a1,128
1360b1,96
1360c1,768
1360d1,2016
1360e1,96
1360f1,3840
1360g1,256
1360h1,480
1360i1,288
1360j1,384
1362a1,180
1362b1,120
1362c1,440
1362d1,504
1364a1,72
1364b1,360
1365a1,480
1365b1,768
1365c1,256
1365d1,864
1365e1,96
1365f1,192
1368a1,672
1368b1,192
1368c1,768
1368d1,224
1368e1,64
1368f1,192
1368g1,384
1368h1,240
1368i1,768
1368j1,640
1369a1,912
1369b1,1332
1369c1,36
1369d1,2736
1369e1,144
1369f1,5328
1370a1,1440
1370b1,192
1370c1,2592
1371a1,48
1373a1,52
1374a1,840
1378a1,3800
1378b1,19520
1378c1,1320
1378d1,648
1379a1,84
1380a1,120
1380b1,43680
1380c1,288
1380d1,504
1380e1,1344
1383a1,56
1384a1,272
1386a1,576
1386b1,1536
1386c1,768
1386d1,768
1386e1,5376
1386f1,192
1386g1,3840
1386h1,384
1386i1,512
1386j1,33280
1386k1,768
1386l1,256
1387a1,60
1389a1,224
1392a1,96
1392b1,160
1392c1,160
1392d1,96
1392e1,1440
1392f1,288
1392g1,672
1392h1,240
1392i1,36960
1392j1,336
1392k1,672
1392l1,48
1392m1,288
1392n1,720
1392o1,48
1392p1,1248
1394a1,528
1394b1,320
1394c1,10880
1394d1,120
1394e1,96
1394f1,960
1394g1,360
1394h1,264
1395a1,256
1395b1,384
1395c1,600
1395d1,120
1395e1,192
1396a1,252
1398a1,240
1400a1,256
1400b1,288
1400c1,720
1400d1,1200
1400e1,144
1400f1,192
1400g1,720
1400h1,320
1400i1,5760
1400j1,384
1400k1,240
1400l1,960
1400m1,1440
1400n1,144
1404a1,72
1404b1,216
1404c1,216
1404d1,72
1405a1,216
1405b1,832
1405c1,48
1405d1,288
1405e1,120
1406a1,288
1406b1,224
1406c1,1224
1406d1,1400
1406e1,72
1406f1,224
1406g1,7200
1406h1,576
1407a1,256
1407b1,3456
1407c1,2880
1407d1,128
1407e1,192
1407f1,768
1408a1,80
1408b1,80
1408c1,80
1408d1,80
1410a1,15840
1410b1,288
1410c1,800
1410d1,192
1410e1,2400
1410f1,1120
1410g1,2016
1410h1,192
1410i1,16800
1410j1,960
1411a1,76
1411b1,108
1413a1,128
1414a1,360
1420a1,276
1420b1,144
1421a1,588
1421b1,1092
1421c1,84
1421d1,576
1421e1,2304
1421f1,384
1421g1,156
1421h1,96
1421i1,672
1422a1,1152
1422b1,1440
1422c1,144
1422d1,448
1422e1,384
1422f1,240
1422g1,1344
1422h1,320
1422i1,400
1424a1,160
1424b1,128
1424c1,768
1424d1,48
1424e1,672
1424f1,160
1425a1,192
1425b1,1680
1425c1,960
1425d1,96
1425e1,1008
1425f1,5040
1425g1,576
1425h1,1728
1425i1,432
1425j1,480
1426a1,128
1426b1,1920
1426c1,192
1426d1,192
1428a1,360
1428b1,30240
1428c1,288
1428d1,216
1428e1,1728
1430a1,224
1430b1,51072
1430c1,480
1430d1,864
1430e1,480
1430f1,9856
1430g1,768
1430h1,6720
1430i1,288
1430j1,448
1430k1,6240
1431a1,288
1431b1,96
1433a1,165
1434a1,128
1434b1,1280
1435a1,240
1435b1,112
1435c1,1176
1435d1,5544
1436a1,192
1439a1,38
1440a1,192
1440b1,64
1440c1,256
1440d1,512
1440e1,512
1440f1,192
1440g1,1536
1440h1,192
1440i1,64
1440j1,256
1440k1,256
1440l1,256
1440m1,192
1440n1,1536
1441a1,228
1441b1,448
1442a1,240
1442b1,2640
1442c1,192
1442d1,240
1442e1,504
1443a1,600
1443b1,616
1443c1,112
1443d1,2160
1443e1,144
1444a1,1026
1444b1,54
1444c1,2160
1445a1,108
1445b1,1224
1445c1,72
1445d1,1152
1445e1,1836
1446a1,192
1446b1,320
1446c1,960
1446d1,960
1446e1,384
1446f1,384
1446g1,128
1449a1,2352
1449b1,784
1449c1,2400
1449d1,160
1449e1,160
1450a1,560
1450b1,648
1450c1,1080
1450d1,840
1450e1,1152
1450f1,432
1450g1,168
1450h1,3240
1450i1,216
1452a1,1584
1452b1,144
1452c1,3600
1452d1,720
1452e1,1008
1452f1,11088
1452g1,504
1452h1,5544
1454a1,729
1454b1,84
1455a1,384
1455b1,1440
1455c1,2880
1455d1,160
1455e1,10560
1455f1,192
1456a1,96
1456b1,192
1456c1,1344
1456d1,192
1456e1,480
1456f1,3360
1456g1,288
1456h1,288
1456i1,4320
1456j1,160
1456k1,864
1456l1,7392
1456m1,96
1457a1,160
1460a1,168
1462a1,96
1462b1,288
1462c1,7200
1464a1,320
1464b1,1344
1464c1,96
1464d1,240
1464e1,192
1464f1,960
1466a1,80
1466b1,1040
1466c1,96
1467a1,192
1468a1,90
1470a1,1680
1470b1,4608
1470c1,2240
1470d1,576
1470e1,432
1470f1,3024
1470g1,11760
1470h1,768
1470i1,15680
1470j1,240
1470k1,6144
1470l1,3120
1470m1,2304
1470n1,192
1470o1,1344
1470p1,1536
1470q1,21840
1470r1,1680
1472a1,128
1472b1,64
1472c1,192
1472d1,960
1472e1,128
1472f1,192
1472g1,384
1472h1,192
1472i1,960
1472j1,128
1472k1,384
1472l1,192
1472m1,64
1472n1,128
1474a1,240
1475a1,80
1475b1,400
1476a1,192
1476b1,1728
1477a1,104
1478a1,52
1478b1,416
1478c1,736
1478d1,420
1479a1,320
1479b1,2016
1479c1,160
1479d1,560
1479e1,96
1479f1,2400
1479g1,2080
1480a1,448
1480b1,960
1480c1,192
1480d1,240
1482a1,5544
1482b1,8064
1482c1,120
1482d1,9408
1482e1,504
1482f1,576
1482g1,160
1482h1,288
1482i1,672
1482j1,576
1482k1,360
1482l1,7776
1483a1,120
1484a1,120
1484b1,10920
1484c1,72
1485a1,120
1485b1,576
1485c1,72
1485d1,216
1485e1,192
1485f1,960
1485g1,360
1485h1,2880
1488a1,256
1488b1,192
1488c1,240
1488d1,384
1488e1,64
1488f1,2880
1488g1,288
1488h1,480
1488i1,120
1488j1,1440
1488k1,672
1488l1,192
1488m1,96
1488n1,1056
1490a1,336
1490b1,260
1490c1,3472
1490d1,12540
1492a1,84
1494a1,480
1494b1,160
1494c1,640
1494d1,240
1494e1,224
1495a1,360
1495b1,9240
1495c1,720
1495d1,120
1496a1,3360
1496b1,80
1496c1,544
1496d1,768
1496e1,128
1497a1,112
1497b1,1584
1498a1,576
1498b1,3744
1498c1,256
1498d1,1408
1502a1,108
1502b1,990
1503a1,368
1505a1,432
1505b1,312
1506a1,5460
1506b1,360
1506c1,672
1506d1,864
1506e1,240
1506f1,1936
1506g1,456
1506h1,260
1507a1,104
1507b1,284
1507c1,52
1509a1,174
1509b1,120
1510a1,960
1510b1,2688
1512a1,480
1512b1,96
1512c1,15840
1512d1,240
1512e1,1440
1512f1,288
1512g1,5280
1512h1,1440
1512i1,720
1512j1,480
1512k1,288
1512l1,96
1513a1,312
1517a1,744
1517b1,96
1518a1,480
1518b1,18216
1518c1,5760
1518d1,10080
1518e1,192
1518f1,384
1518g1,7680
1518h1,2880
1518i1,4800
1518j1,168
1518k1,54600
1518l1,800
1518m1,384
1518n1,18240
1518o1,1824
1518p1,864
1518q1,288
1518r1,120
1518s1,23040
1518t1,10560
1520a1,192
1520b1,128
1520c1,4480
1520d1,128
1520e1,960
1520f1,96
1520g1,2112
1520h1,192
1520i1,960
1520j1,576
1521a1,48
1521b1,624
1521c1,192
1521d1,1344
1521e1,2496
1522a1,420
1522b1,72
1522c1,216
1522d1,280
1524a1,2040
1524b1,504
1525a1,216
1525b1,560
1525c1,112
1526a1,10976
1526b1,96
1526c1,1440
1526d1,480
1526e1,400
1526f1,176
1526g1,2112
1530a1,3840
1530b1,9600
1530c1,1024
1530d1,1152
1530e1,256
1530f1,1536
1530g1,2520
1530h1,640
1530i1,3200
1530j1,1280
1530k1,384
1530l1,2688
1530m1,360
1530n1,280
1530o1,8064
1530p1,3840
1531a1,96
1533a1,192
1533b1,576
1534a1,1176
1534b1,576
1535a1,2040
1539a1,1080
1539b1,360
1539c1,360
1539d1,120
1539e1,72
1539f1,216
1540a1,96
1540b1,288
1540c1,1728
1541a1,192
1542a1,200
1542b1,640
1544a1,232
1546a1,432
1547a1,128
1548a1,384
1548b1,336
1548c1,288
1548d1,384
1548e1,2304
1549a1,54
1550a1,256
1550b1,216
1550c1,1152
1550d1,2304
1550e1,792
1550f1,3960
1550g1,1080
1552a1,80
1552b1,336
1554a1,560
1554b1,336
1554c1,384
1554d1,720
1554e1,2016
1554f1,3840
1554g1,224
1554h1,1200
1554i1,2880
1554j1,144
1554k1,624
1554l1,320
1554m1,480
1554n1,3888
1555a1,92
1556a1,96
1558a1,4752
1558b1,252
1560a1,384
1560b1,960
1560c1,768
1560d1,5280
1560e1,384
1560f1,480
1560g1,192
1560h1,1536
1560i1,384
1560j1,3840
1560k1,384
1560l1,480
1561a1,136
1562a1,240
1562b1,2160
1562c1,2464
1564a1,624
1564b1,168
1566a1,1008
1566b1,480
1566c1,288
1566d1,1632
1566e1,1440
1566f1,720
1566g1,4896
1566h1,2016
1566i1,96
1566j1,336
1566k1,1632
1566l1,672
1566m1,4896
1566n1,288
1566o1,480
1566p1,240
1566q1,1440
1566r1,96
1568a1,128
1568b1,896
1568c1,384
1568d1,128
1568e1,384
1568f1,896
1568g1,192
1568h1,896
1568i1,128
1569a1,72
1570a1,336
1570b1,176
1570c1,1008
1570d1,160
1572a1,570
1572b1,288
1573a1,1584
1573b1,480
1573c1,144
1575a1,640
1575b1,1920
1575c1,384
1575d1,128
1575e1,480
1575f1,768
1575g1,512
1575h1,384
1575i1,1200
1575j1,1920
1575k1,240
1576a1,176
1577a1,720
1578a1,192
1578b1,768
1578c1,128
1578d1,256
1578e1,160
1578f1,1664
1580a1,216
1580b1,504
1581a1,200
1581b1,128
1582a1,384
1582b1,1408
1584a1,128
1584b1,384
1584c1,384
1584d1,224
1584e1,5376
1584f1,256
1584g1,256
1584h1,768
1584i1,768
1584j1,768
1584k1,256
1584l1,768
1584m1,960
1584n1,768
1584o1,240
1584p1,240
1584q1,768
1584r1,192
1584s1,3840
1585a1,118
1585b1,1540
1586a1,616
1586b1,984
1586c1,4896
1586d1,9400
1587a1,384
1587b1,8832
1587c1,1056
1587d1,7728
1587e1,336
1588a1,96
1590a1,5760
1590b1,144
1590c1,3360
1590d1,1728
1590e1,6720
1590f1,384
1590g1,28080
1590h1,288
1590i1,2400
1590j1,480
1590k1,4704
1590l1,6480
1590m1,480
1590n1,480
1590o1,320
1590p1,1024
1590q1,18432
1590r1,87120
1590s1,1008
1590t1,192
1590u1,864
1591a1,744
1592a1,56
1592b1,104
1594a1,960
1595a1,360
1595b1,1080
1595c1,80
1596a1,1344
1596b1,864
1596c1,8448
1596d1,384
1596e1,960
1598a1,960
1598b1,192
1599a1,72
1599b1,1008
1599c1,79824
1599d1,504
1600a1,384
1600b1,192
1600c1,384
1600d1,192
1600e1,384
1600f1,384
1600g1,384
1600h1,384
1600i1,960
1600j1,384
1600k1,960
1600l1,128
1600m1,640
1600n1,1920
1600o1,128
1600p1,384
1600q1,384
1600r1,384
1600s1,384
1600t1,64
1600u1,320
1600v1,384
1600w1,640
1600x1,128
1600y1,1920
1602a1,384
1602b1,960
1602c1,672
1605a1,136
1605b1,240
1605c1,3000
1605d1,216
1605e1,112
1607a1,50
1608a1,416
1608b1,256
1610a1,1344
1610b1,1536
1610c1,768
1610d1,576
1610e1,2496
1610f1,256
1610g1,4480
1611a1,60
1611b1,180
1611c1,1664
1611d1,288
1611e1,256
1611f1,512
1611g1,192
1611h1,1536
1612a1,2340
1612b1,408
1612c1,168
1612d1,336
1613a1,80
1613b1,304
1614a1,2050
1615a1,576
1615b1,448
1615c1,112
1616a1,112
1616b1,224
1616c1,144
1616d1,272
1616e1,48
1616f1,816
1617a1,144
1617b1,2352
1617c1,2520
1617d1,1280
1617e1,1008
1617f1,8960
1617g1,960
1617h1,336
1617i1,360
1617j1,432
1620a1,1296
1620b1,432
1620c1,216
1620d1,1296
1620e1,432
1620f1,216
1621a1,68
1624a1,128
1624b1,1536
1624c1,112
1624d1,480
1624e1,176
1626a1,728
1626b1,152
1626c1,648
1627a1,72
1628a1,96
1632a1,384
1632b1,192
1632c1,192
1632d1,960
1632e1,192
1632f1,576
1632g1,960
1632h1,256
1632i1,384
1632j1,576
1632k1,192
1632l1,256
1634a1,120
1634b1,600
1634c1,228800
1634d1,480
1638a1,1632
1638b1,5280
1638c1,576
1638d1,288
1638e1,5760
1638f1,38080
1638g1,504
1638h1,9408
1638i1,384
1638j1,360
1638k1,544
1638l1,1760
1638m1,576
1638n1,288
1638o1,320
1638p1,960
1638q1,768
1638r1,9240
1638s1,1960
1638t1,1728
1639a1,312
1639b1,136
1639c1,240
1640a1,2304
1640b1,160
1640c1,640
1640d1,4800
1640e1,192
1640f1,288
1640g1,256
1641a1,176
1641b1,184
1641c1,168
1641d1,10920
1642a1,112
1644a1,180
1644b1,180
1645a1,88
1645b1,104
1646a1,545
1646b1,392
1646c1,168
1646d1,1400
1648a1,360
1649a1,60
1650a1,768
1650b1,1600
1650c1,1200
1650d1,1200
1650e1,1680
1650f1,512
1650g1,53760
1650h1,4608
1650i1,144
1650j1,1296
1650k1,7920
1650l1,6480
1650m1,576
1650n1,1584
1650o1,336
1650p1,720
1650q1,3840
1650r1,1200
1650s1,1200
1650t1,1536
1651a1,132
1653a1,384
1653b1,100
1654a1,600
1654b1,22344
1656a1,768
1656b1,240
1656c1,512
1656d1,3584
1656e1,336
1656f1,384
1656g1,512
1656h1,768
1656i1,240
1659a1,96
1659b1,256
1659c1,360
1659d1,192
1660a1,360
1660b1,168
1660c1,216
1662a1,352
1662b1,640
1664a1,192
1664b1,96
1664c1,192
1664d1,96
1664e1,96
1664f1,96
1664g1,96
1664h1,4480
1664i1,160
1664j1,96
1664k1,4480
1664l1,4480
1664m1,320
1664n1,320
1664o1,96
1664p1,192
1664q1,192
1664r1,4480
1664s1,96
1664t1,160
1665a1,432
1665b1,144
1665c1,3360
1665d1,240
1665e1,480
1665f1,144
1665g1,1440
1666a1,672
1666b1,840
1666c1,6240
1666d1,384
1666e1,96
1666f1,120
1666g1,3840
1666h1,43680
1666i1,2184
1666j1,312
1666k1,768
1666l1,576
1666m1,5376
1666n1,768
1668a1,144
1668b1,378
1668c1,816
1670a1,1000
1670b1,43960
1671a1,64
1671b1,608
1672a1,1440
1672b1,640
1672c1,144
1674a1,240
1674b1,288
1674c1,576
1674d1,336
1674e1,432
1674f1,432
1674g1,288
1674h1,192
1674i1,720
1674j1,1008
1675a1,192
1675b1,84
1675c1,640
1675d1,420
1676a1,162
1677a1,112
1677b1,144
1678a1,336
1678b1,192
1680a1,128
1680b1,3840
1680c1,384
1680d1,256
1680e1,256
1680f1,128
1680g1,384
1680h1,512
1680i1,128
1680j1,256
1680k1,1152
1680l1,288
1680m1,2304
1680n1,256
1680o1,96
1680p1,3072
1680q1,3360
1680r1,384
1680s1,480
1680t1,768
1682a1,3360
1682b1,300
1682c1,6496
1682d1,2900
1682e1,1650
1682f1,100
1682g1,3360
1682h1,47850
1682i1,224
1682j1,8700
1683a1,288
1683b1,28800
1683c1,9600
1683d1,864
1683e1,256
1683f1,1280
1683g1,2560
1683h1,480
1683i1,512
1683j1,960
1686a1,160
1686b1,192
1686c1,3120
1688a1,160
1688b1,48
1688c1,176
1690a1,1344
1690b1,21840
1690c1,1872
1690d1,432
1690e1,13440
1690f1,4032
1690g1,1680
1690h1,144
1690i1,5616
1691a1,164
1692a1,576
1692b1,192
1692c1,960
1692d1,576
1694a1,1056
1694b1,4320
1694c1,288
1694d1,2880
1694e1,3168
1694f1,480
1694g1,2880
1694h1,96
1694i1,1920
1694j1,47520
1695a1,128
1695b1,544
1695c1,160
1695d1,1120
1695e1,384
1696a1,256
1696b1,112
1696c1,448
1696d1,448
1696e1,256
1696f1,112
1698a1,576
1698b1,1792
1698c1,960
1700a1,576
1700b1,72
1700c1,360
1701a1,216
1701b1,216
1701c1,72
1701d1,72
1701e1,288
1701f1,864
1701g1,540
1701h1,1620
1701i1,1296
1701j1,432
1704a1,160
1704b1,384
1704c1,192
1704d1,384
1705a1,1600
1708a1,216
1708b1,324
1710a1,1920
1710b1,640
1710c1,19200
1710d1,768
1710e1,720
1710f1,384
1710g1,7680
1710h1,512
1710i1,4480
1710j1,23040
1710k1,1232
1710l1,1920
1710m1,640
1710n1,1024
1710o1,1152
1710p1,768
1710q1,240
1710r1,1536
1710s1,17920
1710t1,2688
1712a1,96
1712b1,480
1712c1,80
1712d1,224
1712e1,72
1712f1,672
1712g1,288
1712h1,216
1712i1,1440
1712j1,288
1713a1,120
1714a1,80
1714b1,240
1714c1,480
1716a1,576
1716b1,7776
1716c1,1344
1717a1,328
1717b1,104
1717c1,1560
1719a1,480
1719b1,192
1719c1,2400
1720a1,224
1722a1,2160
1722b1,288
1722c1,840
1722d1,8400
1722e1,1800
1722f1,576
1722g1,2736
1722h1,1440
1722i1,8712
1722j1,896
1722k1,4560
1722l1,1920
1722m1,1152
1722n1,560
1722o1,512
1722p1,4680
1722q1,264
1725a1,384
1725b1,168
1725c1,5400
1725d1,960
1725e1,1920
1725f1,288
1725g1,7200
1725h1,4608
1725i1,1200
1725j1,14400
1725k1,80
1725l1,864
1725m1,1920
1725n1,4320
1725o1,2880
1725p1,2304
1725q1,1080
1725r1,400
1725s1,9600
1725t1,840
1725u1,240
1726a1,72
1726b1,600
1727a1,208
1727b1,696
1728a1,48
1728b1,384
1728c1,96
1728d1,288
1728e1,384
1728f1,192
1728g1,1152
1728h1,96
1728i1,288
1728j1,384
1728k1,384
1728l1,1152
1728m1,192
1728n1,192
1728o1,576
1728p1,1152
1728q1,288
1728r1,96
1728s1,384
1728t1,384
1728u1,1152
1728v1,48
1728w1,192
1728x1,384
1728y1,576
1728z1,288
1728ba1,96
1728bb1,384
1729a1,240
1730a1,620
1730b1,84
1731a1,400
1731b1,68
1731c1,112
1732a1,312
1734a1,216
1734b1,6912
1734c1,640
1734d1,4284
1734e1,252
1734f1,10880
1734g1,2304
1734h1,3672
1734i1,4608
1734j1,2268
1734k1,8568
1734l1,38556
1734m1,504
1735a1,3140
1736a1,128
1736b1,6240
1736c1,160
1737a1,192
1737b1,640
1738a1,256
1738b1,387072
1738c1,7040
1739a1,2004
1740a1,1152
1740b1,384
1740c1,120
1740d1,13680
1740e1,432
1740f1,3840
1740g1,336
1740h1,480
1742a1,360
1743a1,528
1743b1,32400
1743c1,1920
1744a1,128
1744b1,256
1744c1,576
1745a1,188
1745b1,224
1745c1,5600
1745d1,160
1745e1,2000
1745f1,80
1745g1,224
1746a1,16128
1746b1,448
1746c1,512
1746d1,640
1746e1,384
1747a1,90
1748a1,360
1748b1,432
1748c1,864
1748d1,960
1748e1,3240
1748f1,720
1752a1,256
1752b1,128
1752c1,192
1752d1,13440
1752e1,384
1752f1,96
1752g1,768
1752h1,320
1752i1,192
1752j1,1056
1752k1,640
1752l1,384
1755a1,360
1755b1,3780
1755c1,216
1755d1,1260
1755e1,216
1755f1,120
1756a1,126
1757a1,92
1758a1,240
1758b1,2592
1758c1,664
1758d1,3192
1758e1,560
1760a1,1120
1760b1,384
1760c1,1120
1760d1,3360
1760e1,192
1760f1,128
1760g1,3360
1760h1,192
1760i1,384
1760j1,128
1760k1,96
1760l1,960
1760m1,96
1760n1,960
1761a1,80
1761b1,240
1762a1,176
1763a1,52
1763b1,80
1763c1,108
1763d1,212
1764a1,1008
1764b1,288
1764c1,144
1764d1,1440
1764e1,1260
1764f1,2304
1764g1,384
1764h1,10080
1764i1,2688
1764j1,180
1764k1,2304
1765a1,72
1766a1,140
1768a1,256
1768b1,960
1768c1,128
1768d1,1536
1768e1,128
1769a1,1080
1770a1,1008
1770b1,240
1770c1,6720
1770d1,3024
1770e1,880
1770f1,960
1770g1,1664
1770h1,3744
1771a1,1280
1771b1,400
1771c1,144
1771d1,64
1772a1,156
1772b1,144
1773a1,128
1773b1,320
1775a1,384
1775b1,560
1775c1,112
1776a1,256
1776b1,128
1776c1,192
1776d1,800
1776e1,192
1776f1,1248
1776g1,288
1776h1,96
1776i1,1056
1776j1,864
1776k1,59616
1779a1,210
1780a1,144
1780b1,1248
1782a1,384
1782b1,360
1782c1,768
1782d1,288
1782e1,12096
1782f1,168
1782g1,360
1782h1,12096
1782i1,504
1782j1,1152
1782k1,2304
1782l1,288
1784a1,160
1785a1,576
1785b1,384
1785c1,768
1785d1,42000
1785e1,128
1785f1,240
1785g1,128
1785h1,384
1785i1,768
1785j1,768
1785k1,256
1785l1,528
1785m1,512
1785n1,20160
1785o1,1024
1786a1,160
1786b1,3360
1786c1,560
1786d1,21200
1786e1,9504
1786f1,2640
1790a1,928
1790b1,144
1790c1,200
1790d1,1200
1792a1,384
1792b1,128
1792c1,128
1792d1,384
1792e1,128
1792f1,384
1792g1,128
1792h1,384
1793a1,792
1793b1,184
1793c1,160
1794a1,512
1794b1,3840
1794c1,768
1794d1,1792
1794e1,512
1794f1,1344
1794g1,1280
1794h1,768
1794i1,1536
1794j1,768
1795a1,96
1795b1,2112
1797a1,220
1798a1,9120
1798b1,480
1798c1,240
1800a1,192
1800b1,768
1800c1,2880
1800d1,1280
1800e1,768
1800f1,336
1800g1,768
1800h1,1536
1800i1,13440
1800j1,3840
1800k1,192
1800l1,1920
1800m1,576
1800n1,2304
1800o1,960
1800p1,3840
1800q1,256
1800r1,1536
1800s1,512
1800t1,384
1800u1,1680
1800v1,768
1800w1,960
1800x1,2688
1802a1,1392
1802b1,15456
1802c1,704
1802d1,80
1803a1,120
1803b1,160
1804a1,252
1804b1,108
1805a1,4788
1805b1,252
1806a1,1008
1806b1,240
1806c1,1152
1806d1,3600
1806e1,4560
1806f1,192
1806g1,720
1806h1,95760
1806i1,4080
1806j1,576
1806k1,2448
1806l1,560
1806m1,112
1806n1,11440
1808a1,192
1808b1,576
1808c1,192
1810a1,1280
1810b1,1056
1810c1,192
1811a1,62
1812a1,840
1812b1,630
1813a1,1728
1813b1,756
1813c1,252
1814a1,64
1815a1,320
1815b1,192
1815c1,2112
1815d1,432
1815e1,4752
1816a1,96
1817a1,104
1818a1,432
1818b1,456
1818c1,1232
1818d1,800
1818e1,384
1818f1,11424
1818g1,3456
1818h1,152
1818i1,1232
1818j1,144
1818k1,384
1818l1,1088
1818m1,1584
1819a1,184
1824a1,96
1824b1,768
1824c1,384
1824d1,1536
1824e1,1536
1824f1,224
1824g1,256
1824h1,256
1824i1,384
1824j1,96
1824k1,224
1824l1,768
1825a1,192
1826a1,464
1826b1,96
1827a1,240
1827b1,3072
1827c1,256
1827d1,288
1827e1,1440
1829a1,336
1830a1,1848
1830b1,2400
1830c1,864
1830d1,1344
1830e1,480
1830f1,1120
1830g1,11520
1830h1,960
1830i1,360
1830j1,448
1830k1,792
1830l1,8320
1832a1,80
1832b1,176
1832c1,416
1832d1,160
1832e1,416
1833a1,6480
1833b1,432
1833c1,2352
1833d1,1680
1833e1,192
1834a1,540
1834b1,6468
1834c1,2204
1835a1,118
1836a1,756
1836b1,252
1840a1,64
1840b1,1440
1840c1,576
1840d1,128
1840e1,400
1840f1,576
1840g1,144
1840h1,1440
1840i1,96
1841a1,1690
1842a1,800
1842b1,576
1842c1,720
1844a1,144
1845a1,160
1845b1,480
1845c1,384
1845d1,192
1845e1,896
1845f1,384
1845g1,256
1848a1,288
1848b1,11520
1848c1,160
1848d1,1440
1848e1,3840
1848f1,672
1848g1,480
1848h1,384
1848i1,96
1848j1,768
1848k1,1024
1848l1,672
1849a1,264
1849b1,210
1849c1,9030
1849d1,3696
1850a1,2304
1850b1,216
1850c1,960
1850d1,22080
1850e1,720
1850f1,864
1850g1,1800
1850h1,864
1850i1,9000
1850j1,384
1850k1,192
1850l1,1056
1850m1,4416
1850n1,144
1850o1,4320
1850p1,1080
1851a1,196
1854a1,2016
1854b1,4928
1854c1,320
1854d1,1792
1854e1,672
1854f1,384
1854g1,3648
1854h1,576
1854i1,5760
1854j1,360
1855a1,440
1856a1,768
1856b1,256
1856c1,256
1856d1,256
1856e1,240
1856f1,768
1856g1,3840
1856h1,64
1856i1,256
1856j1,256
1856k1,64
1856l1,768
1856m1,256
1856n1,240
1856o1,768
1856p1,3840
1857a1,108
1858a1,96
1859a1,432
1859b1,672
1860a1,192
1860b1,288
1860c1,384
1862a1,432
1862b1,756
1862c1,3024
1862d1,1680
1862e1,240
1862f1,660
1864a1,128
1865a1,1192
1865b1,360
1866a1,1344
1866b1,1088
1866c1,1632
1866d1,256
1866e1,1536
1866f1,240
1866g1,320
1866h1,240
1866i1,1680
1867a1,177
1869a1,136
1869b1,1224
1870a1,1200
1870b1,3456
1870c1,8832
1870d1,960
1870e1,640
1870f1,336
1870g1,128
1870h1,48000
1870i1,2880
1872a1,384
1872b1,128
1872c1,256
1872d1,256
1872e1,480
1872f1,768
1872g1,3840
1872h1,512
1872i1,256
1872j1,1152
1872k1,384
1872l1,768
1872m1,2304
1872n1,672
1872o1,192
1872p1,384
1872q1,512
1872r1,7680
1872s1,480
1872t1,384
1873a1,64
1876a1,72
1876b1,216
1878a1,192
1878b1,1120
1878c1,768
1878d1,3000
1880a1,1280
1880b1,400
1880c1,128
1881a1,1440
1881b1,720
1881c1,224
1882a1,144
1882b1,2880
1882c1,288
1882d1,120
1883a1,116
1884a1,192
1884b1,192
1885a1,400
1885b1,1920
1885c1,720
1885d1,384
1885e1,144
1886a1,1344
1886b1,768
1886c1,1152
1886d1,192
1886e1,160
1887a1,160
1887b1,19720
1887c1,600
1888a1,128
1888b1,768
1888c1,128
1888d1,768
1890a1,7920
1890b1,4200
1890c1,336
1890d1,144
1890e1,1320
1890f1,240
1890g1,6480
1890h1,1200
1890i1,240
1890j1,1296
1890k1,2160
1890l1,648
1890m1,3600
1890n1,12600
1890o1,720
1890p1,2640
1890q1,720
1890r1,6480
1890s1,720
1890t1,1008
1890u1,432
1890v1,1296
1890w1,648
1890x1,3960
1891a1,720
1891b1,4480
1892a1,1848
1892b1,72
1892c1,216
1892d1,192
1892e1,174
1893a1,160
1893b1,160
1896a1,160
1896b1,11232
1898a1,19040
1898b1,504
1899a1,108
1899b1,324
1899c1,1024
1900a1,5760
1900b1,840
1900c1,576
1901a1,116
1902a1,196
1904a1,2688
1904b1,1920
1904c1,384
1904d1,192
1904e1,384
1905a1,672
1906a1,96
1907a1,112
1907b1,165
1908a1,360
1908b1,252
1909a1,72
1910a1,160
1911a1,1344
1911b1,576
1911c1,32256
1911d1,4032
1911e1,192
1911f1,288
1911g1,2304
1912a1,168
1913a1,300
1913b1,309
1914a1,240
1914b1,3600
1914c1,1008
1914d1,3360
1914e1,384
1914f1,240
1914g1,54000
1914h1,720
1914i1,5040
1914j1,93600
1914k1,1200
1914l1,1152
1914m1,2592
1914n1,3024
1914o1,1200
1914p1,10800
1914q1,432
1917a1,72
1917b1,216
1917c1,216
1917d1,720
1917e1,648
1917f1,2160
1918a1,720
1918b1,672
1918c1,384
1918d1,1120
1918e1,84672
1918f1,240
1918g1,288
1920a1,128
1920b1,768
1920c1,192
1920d1,960
1920e1,768
1920f1,1920
1920g1,960
1920h1,192
1920i1,768
1920j1,960
1920k1,192
1920l1,1920
1920m1,192
1920n1,960
1920o1,768
1920p1,1920
1920q1,128
1920r1,192
1920s1,192
1920t1,128
1920u1,192
1920v1,128
1920w1,1920
1920x1,192
1922a1,3720
1922b1,120
1922c1,26040
1922d1,1920
1922e1,840
1923a1,108
1924a1,528
1925a1,720
1925b1,1080
1925c1,768
1925d1,560
1925e1,1536
1925f1,768
1925g1,120
1925h1,416
1925i1,672
1925j1,600
1925k1,216
1925l1,3360
1925m1,2080
1926a1,576
1926b1,1664
1926c1,672
1926d1,360
1926e1,192
1926f1,960
1926g1,288
1926h1,1920
1926i1,1800
1928a1,320
1928b1,168
1930a1,720
1932a1,1800
1932b1,11880
1933a1,84
1934a1,973
1935a1,8960
1935b1,128
1935c1,26880
1935d1,384
1935e1,12288
1935f1,576
1935g1,9216
1935h1,1536
1935i1,21504
1935j1,256
1935k1,352
1936a1,192
1936b1,2112
1936c1,192
1936d1,2112
1936e1,1920
1936f1,288
1936g1,960
1936h1,960
1936i1,384
1936j1,4224
1936k1,384
1936l1,384
1938a1,160
1938b1,860160
1938c1,896
1938d1,5632
1938e1,3120
1938f1,192
1938g1,512
1938h1,672
1938i1,432
1938j1,22800
1939a1,352
1939b1,1100
1940a1,168
1941a1,1404
1944a1,216
1944b1,432
1944c1,432
1944d1,432
1944e1,432
1944f1,648
1944g1,1296
1944h1,144
1944i1,144
1944j1,144
1946a1,240
1947a1,96
1947b1,4080
1947c1,264
1947d1,672
1947e1,160
1949a1,114
1950a1,1152
1950b1,33600
1950c1,840
1950d1,8960
1950e1,384
1950f1,3864
1950g1,1536
1950h1,1152
1950i1,1152
1950j1,256
1950k1,960
1950l1,15360
1950m1,3240
1950n1,17280
1950o1,648
1950p1,192
1950q1,7680
1950r1,5760
1950s1,19320
1950t1,1280
1950u1,3072
1950v1,5120
1950w1,768
1950x1,1920
1950y1,33600
1950z1,168
1950ba1,1920
1950bb1,1792
1952a1,256
1952b1,256
1952c1,576
1952d1,576
1953a1,96
1953b1,288
1953c1,256
1953d1,1024
1953e1,7680
1953f1,384
1953g1,768
1954a1,136
1954b1,280
1954c1,410
1955a1,2040
1955b1,520
1956a1,672
1956b1,450
1957a1,880
1957b1,112
1958a1,288
1960a1,3360
1960b1,288
1960c1,6272
1960d1,11520
1960e1,480
1960f1,768
1960g1,896
1960h1,288
1960i1,5040
1960j1,384
1960k1,2688
1960l1,2016
1960m1,2688
1960n1,720
1960o1,384
1961a1,114
1962a1,144
1962b1,2048
1962c1,576
1962d1,432
1962e1,1024
1963a1,96
1964a1,300
1965a1,1680
1965b1,208
1966a1,220
1967a1,100
1968a1,192
1968b1,864
1968c1,576
1968d1,960
1968e1,40320
1968f1,864
1968g1,480
1968h1,7200
1968i1,576
1968j1,800
1968k1,2016
1968l1,1152
1968m1,288
1968n1,96
1968o1,1056
1970a1,152
1970b1,7840
1970c1,288
1971a1,432
1971b1,144
1971c1,612
1971d1,1836
1971e1,432
1971f1,144
1971g1,144
1971h1,432
1973a1,126
1974a1,1920
1974b1,256
1974c1,4608
1974d1,2304
1974e1,5376
1974f1,640
1974g1,512
1974h1,512
1974i1,4096
1974j1,48000
1974k1,384
1974l1,768
1975a1,864
1975b1,216
1975c1,1728
1975d1,1632
1975e1,64
1975f1,320
1976a1,80
1976b1,80
1977a1,120
1977b1,216
1978a1,1600
1978b1,864
1978c1,128
1978d1,80
1978e1,480
1979a1,55
1980a1,288
1980b1,864
1980c1,384
1980d1,2304
1980e1,768
1980f1,1152
1982a1,160
1984a1,192
1984b1,384
1984c1,128
1984d1,256
1984e1,128
1984f1,192
1984g1,128
1984h1,192
1984i1,192
1984j1,384
1984k1,128
1984l1,256
1986a1,200
1986b1,352
1986c1,3744
1986d1,600
1986e1,2520
1986f1,144
1986g1,1520
1987a1,62
1988a1,144
1989a1,512
1989b1,3840
1989c1,576
1989d1,2304
1989e1,1024
1990a1,360
1990b1,112
1990c1,280
1990d1,5400
1992a1,624
1994a1,1564
1995a1,1920
1995b1,504
1995c1,704
1995d1,19584
1995e1,1344
1995f1,360
1995g1,21120
1995h1,448
1996a1,90
1998a1,192
1998b1,3360
1998c1,288
1998d1,1872
1998e1,864
1998f1,144
1998g1,576
1998h1,10080
1998i1,624
1998j1,96
1998k1,432
1998l1,864
2001a1,280
2001b1,5760
2001c1,128
2002a1,2160
2002b1,192
2002c1,416
2005a1,448
2005b1,96
2006a1,560
2006b1,2304
2006c1,1664
2006d1,384
2006e1,154560
2006f1,448
2006g1,57600
2006h1,7200
2006i1,240
2006j1,256
2006k1,1536
2007a1,320
2010a1,768
2010b1,160
2010c1,44160
2010d1,8960
2010e1,960
2010f1,1120
2010g1,128
2010h1,3136
2010i1,384
2010j1,1440
2010k1,1728
2014a1,1404
2014b1,544
2014c1,132
2015a1,288
2015b1,360
2015c1,1536
2016a1,768
2016b1,768
2016c1,512
2016d1,512
2016e1,3840
2016f1,256
2016g1,512
2016h1,512
2016i1,256
2016j1,256
2016k1,256
2016l1,192
2016m1,192
2016n1,3840
2017a1,102
2018a1,150
2019a1,216
2019b1,480
2019c1,3120
2019d1,1232
2020a1,240
2020b1,288
2021a1,400
2022a1,1080
2022b1,1296
2022c1,5832
2022d1,616
2022e1,640
2022f1,320
2022g1,1024
2022h1,2304
2022i1,576
2022j1,1584
2023a1,7344
2023b1,432
2024a1,96
2024b1,2400
2025a1,576
2025b1,576
2025c1,288
2025d1,576
2025e1,1728
2025f1,864
2027a1,116
2028a1,6552
2028b1,504
2028c1,2016
2028d1,2016
2028e1,288
2028f1,3744
2030a1,192
2030b1,2112
2031a1,256
2031b1,24960
2031c1,1408
2031d1,96
2032a1,288
2032b1,864
2032c1,288
2032d1,576
2032e1,384
2034a1,1920
2034b1,1792
2034c1,4032
2034d1,1280
2034e1,576
2034f1,2304
2034g1,5760
2034h1,576
2034i1,448
2035a1,720
2035b1,27720
2035c1,528
2035d1,504
2036a1,168
2037a1,672
2037b1,672
2037c1,240
2037d1,1440
2037e1,320
2038a1,720
2040a1,192
2040b1,8736
2040c1,768
2040d1,96
2040e1,160
2040f1,26880
2040g1,3360
2040h1,480
2040i1,576
2040j1,1728
2040k1,288
2040l1,1152
2040m1,192
2040n1,1248
2040o1,320
2040p1,5280
2040q1,3360
2043a1,1280
2043b1,1500
2043c1,768
2043d1,256
2043e1,1536
2045a1,120
2045b1,14280
2045c1,216
2046a1,288
2046b1,7040
2046c1,7488
2046d1,1152
2046e1,768
2046f1,640
2046g1,1536
2046h1,1344
2046i1,256
2046j1,10752
2050a1,6912
2050b1,216
2050c1,1536
2050d1,3072
2050e1,512
2050f1,1152
2050g1,1080
2051a1,224
2052a1,432
2052b1,144
2054a1,2496
2054b1,240
2054c1,3520
2054d1,1248
2054e1,160
2054f1,15840
2055a1,936
2055b1,5760
2055c1,6720
2055d1,840
2055e1,200
2056a1,432
2056b1,144
2056c1,336
2056d1,384
2056e1,256
2057a1,360
2057b1,3960
2057c1,360
2057d1,3600
2057e1,1920
2059a1,280
2060a1,108
2060b1,156
2061a1,240
2062a1,308
2062b1,276
2064a1,320
2064b1,1344
2064c1,192
2064d1,168
2064e1,4032
2064f1,288
2064g1,1152
2064h1,960
2064i1,480
2064j1,4704
2064k1,192
2064l1,576
2064m1,576
2064n1,1440
2064o1,18240
2064p1,192
2065a1,960
2065b1,112
2066a1,336
2066b1,208
2067a1,504
2067b1,360
2068a1,960
2068b1,1440
2068c1,1200
2068d1,432
2070a1,1728
2070b1,2688
2070c1,18816
2070d1,192
2070e1,1920
2070f1,3072
2070g1,1920
2070h1,768
2070i1,14336
2070j1,56448
2070k1,576
2070l1,896
2070m1,1728
2070n1,512
2070o1,138240
2070p1,1152
2070q1,3840
2070r1,2688
2070s1,3584
2071a1,348
2071b1,116
2072a1,112
2072b1,192
2072c1,864
2072d1,4032
2072e1,2448
2074a1,944
2074b1,176
2075a1,256
2075b1,660
2075c1,2688
2075d1,132
2076a1,1404
2076b1,252
2077a1,64
2077b1,912
2079a1,288
2079b1,576
2079c1,96
2079d1,1728
2080a1,256
2080b1,256
2080c1,384
2080d1,384
2080e1,512
2080f1,512
2082a1,840
2082b1,272
2082c1,276
2082d1,136
2085a1,440
2085b1,864
2086a1,168
2086b1,2448
2086c1,528
2088a1,384
2088b1,224
2088c1,2688
2088d1,480
2088e1,5760
2088f1,384
2088g1,1152
2088h1,672
2088i1,128
2088j1,640
2088k1,384
2088l1,640
2088m1,480
2089a1,84
2089b1,219
2089c1,228
2089d1,480
2089e1,352
2090a1,288
2090b1,960
2090c1,178560
2090d1,1344
2090e1,864
2090f1,9216
2090g1,16128
2090h1,768
2090i1,640
2090j1,3040
2090k1,45696
2090l1,384
2090m1,864
2090n1,800
2090o1,2688
2091a1,176
2091b1,2208
2092a1,132
2093a1,7440
2093b1,4136
2093c1,112
2093d1,240
2093e1,272
2093f1,7776
2093g1,3456
2093h1,216
2093i1,192
2093j1,760
2095a1,288
2096a1,96
2096b1,480
2096c1,240
2096d1,1056
2096e1,288
2096f1,144
2097a1,324
2097b1,432
2098a1,80
2098b1,208
2100a1,6480
2100b1,1728
2100c1,864
2100d1,2016
2100e1,576
2100f1,288
2100g1,720
2100h1,192
2100i1,20160
2100j1,144
2100k1,2880
2100l1,1440
2100m1,20160
2100n1,480
2100o1,10080
2100p1,960
2100q1,4032
2100r1,1296
2103a1,10296
2103b1,264
2104a1,256
2105a1,144
2106a1,288
2106b1,5760
2106c1,720
2106d1,288
2106e1,1920
2106f1,240
2107a1,768
2108a1,252
2110a1,1152
2110b1,256
2110c1,320
2110d1,192
2110e1,960
2110f1,192
2110g1,147840
2110h1,5600
2112a1,256
2112b1,384
2112c1,192
2112d1,3840
2112e1,768
2112f1,256
2112g1,384
2112h1,3840
2112i1,384
2112j1,5376
2112k1,256
2112l1,768
2112m1,256
2112n1,3840
2112o1,384
2112p1,384
2112q1,960
2112r1,768
2112s1,192
2112t1,960
2112u1,768
2112v1,768
2112w1,256
2112x1,768
2112y1,384
2112z1,5376
2112ba1,256
2112bb1,192
2112bc1,192
2112bd1,3840
2114a1,576
2114b1,544
2114c1,7840
2114d1,2184
2115a1,1296
2115b1,432
2115c1,360
2115d1,11520
2115e1,864
2115f1,640
2115g1,3240
2115h1,384
2115i1,432
2115j1,6720
2115k1,704
2116a1,3312
2116b1,144
2116c1,1056
2116d1,3168
2117a1,152
2118a1,720
2118b1,592
2118c1,1248
2118d1,864
2118e1,576
2118f1,8208
2118g1,560
2118h1,288
2120a1,192
2121a1,576
2121b1,320
2123a1,128
2124a1,180
2124b1,720
2124c1,420
2126a1,96
2128a1,120
2130a1,640
2130b1,448
2130c1,8064
2130d1,2304
2130e1,1024
2130f1,9216
2130g1,512
2130h1,384
2130i1,896
2130j1,3072
2130k1,1536
2130l1,576
2130m1,256
2130n1,1447680
2130o1,384
2132a1,432
2132b1,432
2132c1,336
2133a1,156
2133b1,468
2135a1,1080
2135b1,73576
2135c1,792
2135d1,880
2135e1,480
2135f1,144
2135g1,1440
2136a1,960
2136b1,336
2139a1,192
2139b1,3360
2139c1,1296
2139d1,216
2139e1,2520
2139f1,288
2140a1,336
2141a1,206
2142a1,1056
2142b1,480
2142c1,800
2142d1,1536
2142e1,384
2142f1,6720
2142g1,30720
2142h1,512
2142i1,320
2142j1,8640
2142k1,2688
2142l1,352
2142m1,2400
2142n1,480
2142o1,960
2142p1,256
2142q1,10752
2142r1,768
2142s1,16320
2142t1,1920
2143a1,216
2144a1,288
2144b1,288
2145a1,2112
2145b1,352
2145c1,480
2145d1,5376
2145e1,19968
2145f1,224
2145g1,192
2145h1,51072
2146a1,336
2146b1,3120
2146c1,272
2146d1,128
2147a1,198
2147b1,320
2148a1,192
2148b1,960
2148c1,576
2149a1,184
2150a1,1728
2150b1,2160
2150c1,4320
2150d1,14400
2150e1,4320
2150f1,4320
2150g1,43200
2150h1,3600
2150i1,1200
2150j1,960
2150k1,6000
2150l1,576
2150m1,864
2150n1,8640
2150o1,720
2150p1,432
2150q1,864
2150r1,21600
2152a1,240
2154a1,168
2154b1,10560
2154c1,1120
2154d1,1360
2154e1,672
2154f1,896
2154g1,9216
2154h1,144
2154i1,576
2155a1,336
2156a1,720
2156b1,1152
2157a1,1228
2157b1,588
2157c1,6468
2157d1,164
2158a1,576
2158b1,21216
2158c1,4992
2158d1,480
2159a1,136
2160a1,192
2160b1,1440
2160c1,96
2160d1,288
2160e1,576
2160f1,2016
2160g1,96
2160h1,480
2160i1,672
2160j1,480
2160k1,1440
2160l1,288
2160m1,864
2160n1,864
2160o1,432
2160p1,288
2160q1,144
2160r1,288
2160s1,144
2160t1,1440
2160u1,480
2160v1,1440
2160w1,1440
2160x1,144
2161a1,54
2163a1,1056
2163b1,320
2163c1,312
2163d1,12616
2163e1,176
2166a1,1440
2166b1,4320
2166c1,42560
2166d1,21600
2166e1,1296
2166f1,2240
2166g1,24624
2166h1,27360
2166i1,7200
2167a1,408
2167b1,480
2168a1,224
2169a1,224
2169b1,160
2170a1,320
2170b1,589680
2170c1,720
2170d1,720
2170e1,560
2170f1,1008
2170g1,384
2170h1,5760
2170i1,34560
2170j1,3840
2170k1,144
2170l1,6912
2170m1,512
2170n1,3456
2170o1,1296
2170p1,512
2170q1,6000
2172a1,144
2172b1,396
2172c1,96
2173a1,304
2173b1,756
2173c1,84
2174a1,400
2175a1,480
2175b1,1920
2175c1,1152
2175d1,1680
2175e1,192
2175f1,4560
2175g1,336
2175h1,3360
2175i1,960
2175j1,912
2178a1,3840
2178b1,12672
2178c1,3840
2178d1,8448
2178e1,3840
2178f1,384
2178g1,3840
2178h1,1152
2178i1,42240
2178j1,768
2178k1,3840
2178l1,4224
2178m1,19200
2180a1,2496
2180b1,336
2181a1,112
2182a1,736
2182b1,392
2184a1,384
2184b1,320
2184c1,5280
2184d1,443520
2184e1,896
2184f1,3840
2184g1,384
2184h1,512
2184i1,288
2184j1,2304
2184k1,896
2184l1,4032
2184m1,512
2185a1,120
2185b1,1176
2188a1,234
2188b1,156
2188c1,180
2189a1,2160
2190a1,2352
2190b1,1008
2190c1,1008
2190d1,432
2190e1,240
2190f1,1920
2190g1,4752
2190h1,7440
2190i1,624
2190j1,3840
2190k1,71280
2190l1,720
2190m1,576
2190n1,1920
2190o1,42240
2190p1,384
2190q1,2640
2192a1,160
2192b1,224
2192c1,304
2192d1,288
2192e1,3168
2192f1,672
2193a1,560
2193b1,2448
2194a1,288
2194b1,272
2196a1,576
2196b1,192
2196c1,576
2196d1,384
2196e1,1536
2196f1,384
2198a1,1120
2198b1,288
2198c1,1120
2198d1,224
2200a1,384
2200b1,960
2200c1,384
2200d1,1600
2200e1,1152
2200f1,6912
2200g1,864
2200h1,3456
2200i1,192
2200j1,1920
2200k1,320
2202a1,1008
2202b1,4320
2202c1,960
2202d1,208
2204a1,1248
2204b1,13440
2204c1,480
2205a1,1152
2205b1,2688
2205c1,8064
2205d1,384
2205e1,5376
2205f1,384
2205g1,960
2205h1,672
2205i1,2688
2205j1,768
2205k1,1536
2205l1,4704
2205m1,37632
2208a1,128
2208b1,192
2208c1,1024
2208d1,2688
2208e1,128
2208f1,1024
2208g1,128
2208h1,2688
2208i1,128
2208j1,192
2209a1,120
2209b1,5640
2210a1,2304
2210b1,2304
2210c1,256
2210d1,1024
2210e1,768
2210f1,1280
2210g1,2048
2211a1,360
2211b1,1344
2211c1,240
2211d1,17136
2211e1,960
2211f1,432
2213a1,152
2214a1,2016
2214b1,288
2214c1,864
2214d1,672
2215a1,832
2219a1,56
2219b1,900
2219c1,252
2220a1,600
2220b1,2688
2220c1,3240
2221a1,54
2222a1,1424
2222b1,336
2223a1,14080
2223b1,125440
2223c1,256
2223d1,512
2223e1,13440
2224a1,128
2224b1,112
2224c1,72
2224d1,768
2224e1,2176
2224f1,384
2225a1,280
2225b1,320
2226a1,3456
2226b1,1440
2226c1,960
2226d1,480
2226e1,224
2226f1,640
2226g1,235200
2226h1,4992
2226i1,672
2226j1,1792
2227a1,728
2228a1,204
2229a1,528
2230a1,1512
2230b1,15360
2230c1,360
2230d1,6912
2230e1,1152
2230f1,1080
2232a1,160
2232b1,768
2232c1,384
2232d1,1152
2232e1,11520
2232f1,1536
2232g1,256
2232h1,480
2232i1,256
2232j1,192
2232k1,960
2232l1,1024
2233a1,1344
2233b1,336
2235a1,288
2235b1,228
2235c1,320
2235d1,1728
2235e1,216
2235f1,800
2235g1,256
2237a1,116
2240a1,320
2240b1,320
2240c1,384
2240d1,3840
2240e1,192
2240f1,768
2240g1,256
2240h1,192
2240i1,10560
2240j1,1920
2240k1,192
2240l1,192
2240m1,96
2240n1,10560
2240o1,768
2240p1,384
2240q1,1344
2240r1,192
2240s1,3840
2240t1,768
2240u1,1344
2240v1,192
2240w1,96
2240x1,192
2240y1,768
2240z1,192
2240ba1,256
2240bb1,1920
2242a1,320
2244a1,16128
2244b1,1152
2244c1,192
2246a1,918
2251a1,148
2253a1,104
2254a1,5376
2254b1,2304
2254c1,1440
2254d1,3584
2254e1,512
2254f1,1920
2254g1,1152
2255a1,480
2256a1,320
2256b1,192
2256c1,2112
2256d1,256
2256e1,42240
2256f1,320
2256g1,960
2256h1,1120
2256i1,480
2256j1,384
2256k1,288
2256l1,768
2256m1,480
2256n1,1536
2256o1,288
2256p1,1152
2257a1,216
2259a1,640
2259b1,640
2259c1,448
2261a1,832
2261b1,13328
2261c1,720
2261d1,288
2261e1,288
2262a1,1088
2262b1,1584
2262c1,21840
2262d1,112
2262e1,54432
2262f1,432
2262g1,720
2262h1,3456
2262i1,8208
2262j1,1872
2262k1,1152
2262l1,1008
2264a1,160
2265a1,50400
2265b1,1120
2265c1,96
2265d1,720
2265e1,30240
2265f1,576
2265g1,7392
2265h1,1920
2265i1,384
2265j1,480
2266a1,308
2268a1,360
2268b1,1080
2268c1,216
2268d1,216
2269a1,98
2271a1,112
2271b1,336
2271c1,736
2271d1,240
2271e1,448
2272a1,160
2272b1,544
2272c1,160
2272d1,544
2273a1,392
2274a1,2016
2274b1,516
2275a1,432
2275b1,192
2275c1,768
2275d1,1152
2275e1,432
2275f1,3360
2275g1,672
2275h1,960
2277a1,1280
2277b1,1024
2278a1,1232
2278b1,3120
2280a1,384
2280b1,512
2280c1,2304
2280d1,384
2280e1,1280
2280f1,6720
2280g1,384
2280h1,320
2280i1,1024
2280j1,256
2282a1,256
2282b1,576
2283a1,280
2284a1,288
2286a1,1008
2286b1,384
2286c1,768
2286d1,4224
2286e1,1440
2286f1,29568
2286g1,640
2286h1,864
2286i1,3024
2286j1,480
2286k1,384
2286l1,26880
2286m1,768
2288a1,2240
2288b1,832
2288c1,320
2288d1,352
2288e1,2880
2288f1,480
2288g1,288
2288h1,576
2288i1,288
2288j1,1440
2288k1,2496
2288l1,1440
2289a1,384
2289b1,768
2289c1,128
2289d1,960
2290a1,368
2290b1,2304
2290c1,160
2290d1,800
2292a1,264
2295a1,15552
2295b1,576
2295c1,432
2295d1,240
2295e1,432
2295f1,432
2295g1,720
2295h1,1296
2295i1,46656
2295j1,192
2296a1,672
2296b1,480
2298a1,6000
2298b1,2520
2298c1,792
2298d1,504
2298e1,576
2298f1,768
2298g1,4488
2298h1,192
2299a1,9504
2299b1,864
2299c1,2880
2299d1,450
2300a1,3456
2300b1,768
2300c1,864
2300d1,576
2300e1,288
2300f1,2520
2300g1,8640
2300h1,504
2301a1,288
2301b1,336
2303a1,8640
2304a1,384
2304b1,128
2304c1,192
2304d1,512
2304e1,512
2304f1,256
2304g1,256
2304h1,256
2304i1,128
2304j1,384
2304k1,192
2304l1,512
2304m1,512
2304n1,256
2304o1,256
2304p1,256
2307a1,320
2307b1,128
2307c1,11776
2307d1,192
2310a1,3840
2310b1,25088
2310c1,1536
2310d1,512
2310e1,960
2310f1,1280
2310g1,13824
2310h1,512
2310i1,1728
2310j1,3072
2310k1,1536
2310l1,2304
2310m1,1536
2310n1,1024
2310o1,46080
2310p1,2880
2310q1,2560
2310r1,15360
2310s1,192
2310t1,3456
2310u1,1728
2310v1,768
2312a1,256
2312b1,4352
2312c1,2304
2312d1,2304
2314a1,832
2314b1,576
2314c1,1152
2314d1,86016
2315a1,684
2316a1,480
2318a1,2016
2318b1,192
2318c1,15232
2318d1,896
2318e1,1660
2320a1,128
2320b1,384
2320c1,256
2320d1,256
2320e1,1152
2320f1,256
2320g1,96
2320h1,288
2321a1,96
2321b1,3072
2322a1,10584
2322b1,1224
2322c1,1296
2322d1,720
2322e1,1296
2322f1,240
2322g1,3528
2322h1,408
2325a1,7800
2325b1,768
2325c1,480
2325d1,1080
2325e1,181440
2325f1,2880
2325g1,96
2325h1,216
2325i1,1152
2325j1,576
2325k1,36288
2325l1,1560
2328a1,256
2328b1,448
2328c1,384
2328d1,576
2328e1,384
2328f1,384
2329a1,296
2330a1,2420
2330b1,256
2330c1,9984
2330d1,3680
2330e1,124
2331a1,1920
2331b1,384
2331c1,174720
2331d1,384
2331e1,1280
2331f1,768
2331g1,1152
2331h1,640
2332a1,6720
2332b1,576
2336a1,160
2336b1,160
2337a1,4560
2337b1,6816
2337c1,168
2338a1,560
2338b1,2016
2338c1,1008
2338d1,288
2338e1,176
2338f1,400
2338g1,528
2338h1,360
2340a1,1440
2340b1,384
2340c1,480
2340d1,1152
2340e1,768
2340f1,12480
2340g1,1152
2340h1,1536
2340i1,576
2341a1,138
2342a1,2016
2342b1,318
2342c1,256
2343a1,2560
2343b1,256
2343c1,288
2343d1,128
2343e1,2592
2343f1,704
2343g1,576
2343h1,1152
2344a1,288
2345a1,1440
2345b1,816
2346a1,27360
2346b1,2400
2346c1,2880
2346d1,1344
2346e1,1440
2346f1,1152
2346g1,576
2346h1,192
2346i1,864
2346j1,4896
2346k1,2016
2350a1,768
2350b1,288
2350c1,1920
2350d1,8064
2350e1,6080
2350f1,9360
2350g1,448
2350h1,1200
2350i1,2688
2350j1,240
2350k1,1872
2350l1,7680
2350m1,1536
2350n1,1216
2350o1,2240
2351a1,138
2352a1,3360
2352b1,1792
2352c1,384
2352d1,2304
2352e1,288
2352f1,2016
2352g1,256
2352h1,480
2352i1,768
2352j1,1680
2352k1,1440
2352l1,288
2352m1,5040
2352n1,1344
2352o1,4608
2352p1,1152
2352q1,1536
2352r1,2016
2352s1,720
2352t1,1152
2352u1,240
2352v1,1536
2352w1,192
2352x1,10080
2352y1,10752
2354a1,880
2354b1,360
2355a1,448
2355b1,2160
2355c1,10584
2355d1,312
2357a1,70
2358a1,576
2358b1,576
2358c1,160
2358d1,123840
2358e1,1664
2358f1,4032
2358g1,6720
2358h1,1056
2358i1,1152
2358j1,2240
2358k1,2304
2358l1,1664
2358m1,192
2358n1,192
2358o1,480
2358p1,41280
2358q1,4032
2358r1,2112
2358s1,1344
2358t1,1152
2358u1,384
2358v1,320
2358w1,1728
2358x1,1216
2358y1,103680
2359a1,680
2360a1,288
2361a1,180
2363a1,360
2364a1,2688
2364b1,576
2365a1,3360
2365b1,216
2365c1,22200
2365d1,264
2365e1,576
2366a1,2016
2366b1,6240
2366c1,30240
2366d1,1872
2366e1,1440
2366f1,59280
2366g1,6048
2366h1,240
2366i1,144
2366j1,720
2366k1,18720
2366l1,23520
2366m1,4560
2366n1,3120
2366o1,51744
2366p1,480
2368a1,256
2368b1,384
2368c1,96
2368d1,144
2368e1,144
2368f1,256
2368g1,160
2368h1,576
2368i1,576
2368j1,96
2368k1,256
2368l1,384
2368m1,64
2368n1,64
2368o1,256
2368p1,1728
2368q1,160
2368r1,1728
2369a1,186
2370a1,384
2370b1,168
2370c1,105600
2370d1,2304
2370e1,357504
2370f1,1280
2370g1,11880
2370h1,37440
2370i1,12288
2370j1,384
2370k1,1320
2370l1,320
2370m1,10200
2370n1,1024
2370o1,4480
2373a1,128
2373b1,320
2373c1,14080
2373d1,1728
2373e1,384
2373f1,17280
2374a1,3384
2376a1,1152
2376b1,1152
2376c1,384
2376d1,384
2378a1,2496
2378b1,348
2378c1,1380
2378d1,864
2379a1,528
2379b1,224
2380a1,504
2382a1,896
2382b1,1008
2382c1,4256
2382d1,2352
2382e1,1120
2382f1,480
2384a1,480
2384b1,864
2385a1,1584
2385b1,480
2385c1,1440
2385d1,528
2385e1,1440
2385f1,5280
2385g1,960
2385h1,960
2385i1,640
2386a1,320
2386b1,256
2387a1,792
2388a1,264
2388b1,720
2388c1,360
2390a1,400
2390b1,13104
2390c1,3840
2392a1,576
2393a1,80
2394a1,1152
2394b1,9216
2394c1,512
2394d1,10752
2394e1,3840
2394f1,512
2394g1,1152
2394h1,9216
2394i1,1536
2394j1,512
2394k1,1536
2394l1,1280
2394m1,2560
2394n1,9216
2394o1,2048
2397a1,5400
2397b1,209440
2397c1,864
2397d1,1408
2397e1,768
2400a1,768
2400b1,192
2400c1,960
2400d1,1536
2400e1,960
2400f1,4800
2400g1,10560
2400h1,768
2400i1,192
2400j1,2880
2400k1,1536
2400l1,4608
2400m1,512
2400n1,576
2400o1,960
2400p1,10560
2400q1,768
2400r1,768
2400s1,2880
2400t1,2112
2400u1,512
2400v1,4608
2400w1,960
2400x1,576
2400y1,192
2400z1,3840
2400ba1,768
2400bb1,768
2400bc1,960
2400bd1,2112
2400be1,960
2400bf1,192
2400bg1,4800
2400bh1,3840
2402a1,400
2403a1,144
2403b1,324
2403c1,2592
2403d1,2916
2403e1,666
2403f1,432
2403g1,864
2403h1,702
2403i1,972
2403j1,222
2403k1,234
2403l1,108
2405a1,3456
2405b1,352
2405c1,6272
2405d1,608
2406a1,1764
2406b1,632
2406c1,1456
2406d1,240
2406e1,448
2406f1,4320
2406g1,1008
2408a1,544
2408b1,448
2408c1,2112
2409a1,672
2409b1,12800
2409c1,14688
2409d1,1568
2409e1,464
2409f1,560
2410a1,192
2412a1,1344
2412b1,432
2412c1,1680
2412d1,2880
2412e1,576
2413a1,404
2413b1,112
2413c1,96
2414a1,2080
2414b1,280
2414c1,1080
2414d1,120
2414e1,2160
2414f1,13392
2414g1,1080
2415a1,480
2415b1,14000
2415c1,9360
2415d1,432
2415e1,352
2415f1,1056
2415g1,1152
2415h1,512
2415i1,768
2416a1,192
2416b1,2880
2416c1,648
2416d1,960
2418a1,440
2418b1,1800
2418c1,408
2420a1,6336
2420b1,576
2420c1,144
2420d1,1584
2420e1,720
2420f1,1440
2420g1,4320
2421a1,192
2421b1,768
2422a1,144
2422b1,9504
2422c1,3680
2422d1,704
2422e1,2160
2422f1,480
2422g1,1392
2424a1,1600
2424b1,6912
2424c1,432
2424d1,384
2424e1,1024
2424f1,2496
2424g1,1920
2425a1,288
2425b1,1120
2426a1,108
2427a1,78
2429a1,552
2429b1,438
2429c1,120
2429d1,312
2430a1,864
2430b1,2268
2430c1,324
2430d1,324
2430e1,6480
2430f1,324
2430g1,864
2430h1,432
2430i1,2268
2430j1,324
2430k1,324
2430l1,6480
2430m1,864
2430n1,864
2430o1,432
2430p1,324
2431a1,2400
2431b1,312
2431c1,448
2432a1,160
2432b1,576
2432c1,160
2432d1,320
2432e1,288
2432f1,320
2432g1,288
2432h1,576
2433a1,1088
2434a1,128
2434b1,256
2434c1,672
2435a1,594
2436a1,5760
2436b1,384
2436c1,1728
2438a1,182520
2439a1,544
2439b1,864
2440a1,192
2440b1,14784
2440c1,28560
2440d1,384
2442a1,192
2442b1,1344
2442c1,15360
2442d1,6720
2442e1,576
2442f1,12672
2442g1,672
2442h1,21120
2442i1,3456
2443a1,256
2443b1,784
2443c1,728
2445a1,544
2445b1,16800
2445c1,960
2445d1,192
2446a1,280
2446b1,520
2448a1,128
2448b1,384
2448c1,384
2448d1,1024
2448e1,1280
2448f1,384
2448g1,512
2448h1,3840
2448i1,320
2448j1,576
2448k1,960
2448l1,576
2448m1,384
2448n1,3072
2448o1,512
2448p1,4608
2448q1,1152
2448r1,4224
2448s1,1152
2448t1,1536
2450a1,504
2450b1,1440
2450c1,20160
2450d1,3528
2450e1,4608
2450f1,1152
2450g1,3840
2450h1,10080
2450i1,26880
2450j1,2880
2450k1,63360
2450l1,1008
2450m1,7560
2450n1,5760
2450o1,144
2450p1,720
2450q1,1080
2450r1,40320
2450s1,4032
2450t1,1512
2450u1,14112
2450v1,720
2450w1,576
2450x1,216
2450y1,2304
2450z1,2016
2450ba1,2520
2450bb1,5040
2450bc1,1152
2450bd1,17640
2450be1,720
2450bf1,5760
2450bg1,8064
2450bh1,12672
2451a1,240
2451b1,2808
2451c1,56160
2451d1,2016
2451e1,2520
2451f1,56280
2451g1,224
2451h1,408
2451i1,4488
2453a1,208
2453b1,12768
2453c1,1440
2454a1,1440
2454b1,224
2454c1,384
2455a1,320
2456a1,328
2457a1,3168
2457b1,2160
2457c1,864
2457d1,288
2457e1,360
2457f1,15840
2457g1,1080
2457h1,5280
2457i1,1056
2457j1,2160
2458a1,320
2458b1,192
2458c1,950
2458d1,1152
2460a1,1152
2460b1,1152
2460c1,480
2460d1,36480
2460e1,3168
2464a1,768
2464b1,384
2464c1,128
2464d1,1536
2464e1,3840
2464f1,192
2464g1,1536
2464h1,768
2464i1,384
2464j1,3840
2464k1,192
2464l1,128
2465a1,224
2466a1,2016
2466b1,1344
2466c1,672
2466d1,704
2466e1,672
2466f1,960
2466g1,11520
2466h1,384
2466i1,512
2466j1,4224
2466k1,5120
2468a1,336
2470a1,656656
2470b1,720
2470c1,240
2470d1,384
2470e1,3840
2472a1,800
2474a1,952
2475a1,320
2475b1,2880
2475c1,960
2475d1,960
2475e1,576
2475f1,192
2475g1,1536
2475h1,840
2475i1,576
2475j1,768
2475k1,2880
2478a1,1536
2478b1,1152
2478c1,5808
2478d1,640
2478e1,768
2478f1,336
2478g1,26880
2478h1,1600
2479a1,608
2480a1,768
2480b1,2112
2480c1,192
2480d1,480
2480e1,864
2480f1,192
2480g1,6720
2480h1,288
2480i1,2304
2480j1,512
2480k1,288
2480l1,1152
2480m1,800
2480n1,720
2480o1,288
2482a1,480
2482b1,288
2482c1,288
2482d1,504
2482e1,840
2483a1,100
2484a1,432
2484b1,720
2484c1,1080
2484d1,4320
2484e1,144
2484f1,2160
2484g1,1440
2484h1,864
2484i1,360
2484j1,288
2485a1,592
2485b1,768
2485c1,1152
2485d1,1008
2485e1,768
2486a1,160
2486b1,4096
2488a1,272
2490a1,480
2490b1,1280
2490c1,5376
2490d1,768
2490e1,26880
2490f1,1344
2490g1,384
2490h1,576
2490i1,34848
2490j1,640
2490k1,4480
2492a1,480
2492b1,1248
2492c1,2784
2493a1,240
2493b1,960
2495a1,216
2496a1,384
2496b1,768
2496c1,256
2496d1,256
2496e1,256
2496f1,1536
2496g1,768
2496h1,768
2496i1,512
2496j1,7680
2496k1,512
2496l1,384
2496m1,256
2496n1,256
2496o1,1536
2496p1,3840
2496q1,128
2496r1,640
2496s1,512
2496t1,512
2496u1,7680
2496v1,384
2496w1,256
2496x1,3840
2496y1,640
2496z1,128
2496ba1,384
2496bb1,256
2496bc1,256
2496bd1,768
2497a1,3180
2498a1,256
2499a1,4200
2499b1,1792
2499c1,7560
2499d1,576
2499e1,168
2499f1,2304
2499g1,5376
2499h1,1176
2499i1,1080
2499j1,26112
2499k1,1536
2499l1,600
2499m1,256
2502a1,1440
2502b1,512
2502c1,3200
2502d1,384
2502e1,768
2502f1,5376
2502g1,480
2502h1,18816
2502i1,768
2502j1,768
2502k1,2176
2504a1,720
2505a1,336
2506a1,7040
2507a1,228
2508a1,360
2510a1,1080
2510b1,288
2510c1,864
2512a1,160
2512b1,480
2512c1,192
2513a1,1962
2515a1,720
2515b1,108
2516a1,336
2516b1,312
2517a1,1330
2517b1,320
2517c1,260
2518a1,2520
2518b1,342
2518c1,1078
2520a1,768
2520b1,7680
2520c1,384
2520d1,2304
2520e1,1024
2520f1,1024
2520g1,2048
2520h1,1536
2520i1,512
2520j1,512
2520k1,23040
2520l1,1152
2520m1,768
2520n1,256
2520o1,512
2520p1,3360
2520q1,15360
2520r1,1536
2520s1,480
2520t1,1024
2522a1,360
2522b1,1216
2522c1,400
2522d1,9240
2522e1,120
2525a1,280
2525b1,384
2526a1,120
2526b1,1680
2526c1,648
2526d1,480
2528a1,320
2528b1,256
2528c1,320
2528d1,256
2529a1,480
2530a1,1008
2530b1,1728
2530c1,272
2530d1,384
2530e1,2016
2530f1,864
2530g1,480
2530h1,2160
2530i1,12960
2530j1,368
2530k1,3696
2530l1,6480
2532a1,402
2532b1,120
2532c1,552
2534a1,480
2534b1,616
2534c1,864
2534d1,1400
2534e1,49500
2534f1,1260
2534g1,3744
2534h1,1120
2534i1,756
2535a1,576
2535b1,14112
2535c1,5616
2535d1,432
2535e1,14976
2535f1,4032
2535g1,7488
2535h1,2016
2535i1,576
2535j1,1152
2535k1,14112
2535l1,576
2535m1,7488
2537a1,880
2537b1,9808
2537c1,360
2537d1,1312
2537e1,445
2538a1,1944
2538b1,2280
2538c1,240
2538d1,720
2538e1,6840
2538f1,648
2539a1,160
2540a1,1440
2541a1,28512
2541b1,2400
2541c1,288
2541d1,44352
2541e1,2112
2541f1,3168
2541g1,2592
2541h1,23232
2541i1,4032
2541j1,192
2541k1,2112
2541l1,640
2542a1,2464
2544a1,576
2544b1,416
2544c1,1440
2544d1,480
2544e1,576
2544f1,2112
2544g1,4896
2545a1,160
2545b1,256
2547a1,768
2548a1,1008
2548b1,2016
2548c1,864
2548d1,1512
2548e1,288
2548f1,6048
2548g1,216
2548h1,1152
2548i1,540
2548j1,5760
2548k1,7056
2550a1,768
2550b1,2048
2550c1,21840
2550d1,3456
2550e1,504
2550f1,3600
2550g1,3600
2550h1,3072
2550i1,1680
2550j1,57960
2550k1,4608
2550l1,336
2550m1,1920
2550n1,3600
2550o1,428400
2550p1,6400
2550q1,1800
2550r1,85680
2550s1,8064
2550t1,360
2550u1,720
2550v1,3456
2550w1,1680
2550x1,1280
2550y1,336
2550z1,289800
2550ba1,24192
2550bb1,720
2550bc1,2520
2550bd1,640
2550be1,3600
2550bf1,4368
2552a1,1056
2553a1,616
2553b1,2040
2554a1,144
2554b1,416
2554c1,1008
2555a1,400
2555b1,400
2555c1,224
2555d1,2208
2555e1,4256
2555f1,1400
2556a1,1584
2556b1,528
2557a1,156
2561a1,440
2561b1,824
2562a1,240
2562b1,2496
2562c1,1008
2562d1,600
2562e1,648
2562f1,6912
2562g1,3024
2562h1,1728
2562i1,10920
2562j1,8400
2562k1,1728
2562l1,384
2562m1,1584
2562n1,1344
2563a1,17172
2563b1,154
2563c1,1344
2563d1,240
2563e1,280
2565a1,25704
2565b1,8568
2565c1,216
2565d1,648
2566a1,158
2568a1,448
2568b1,110880
2568c1,288
2568d1,1416
2568e1,192
2568f1,1056
2568g1,672
2568h1,480
2568i1,18720
2568j1,160
2569a1,108
2570a1,1696
2570b1,560
2571a1,156
2573a1,936
2574a1,2304
2574b1,35328
2574c1,512
2574d1,282240
2574e1,1152
2574f1,8064
2574g1,1280
2574h1,3600
2574i1,288
2574j1,2304
2574k1,9216
2574l1,1440
2574m1,4608
2574n1,21120
2574o1,1920
2574p1,3120
2574q1,105984
2574r1,1536
2574s1,768
2574t1,1536
2574u1,640
2574v1,24960
2574w1,720
2574x1,4608
2574y1,1440
2575a1,560
2575b1,112
2576a1,192
2576b1,3840
2576c1,960
2576d1,960
2576e1,320
2576f1,48960
2576g1,1344
2576h1,256
2576i1,5376
2576j1,1152
2576k1,576
2576l1,320
2576m1,96
2576n1,2688
2576o1,192
2576p1,960
2577a1,360
2580a1,1152
2580b1,3072
2581a1,624
2583a1,480
2583b1,480
2583c1,17920
2583d1,13056
2583e1,448
2583f1,640
2584a1,160
2584b1,640
2585a1,288
2585b1,704
2586a1,2640
2586b1,2112
2586c1,336
2590a1,896
2590b1,792
2590c1,3960
2590d1,216
2590e1,960
2590f1,1204280
2592a1,192
2592b1,576
2592c1,240
2592d1,720
2592e1,192
2592f1,576
2592g1,240
2592h1,720
2594a1,3136
2595a1,672
2595b1,840
2595c1,696
2595d1,416
2596a1,222
2597a1,264
2597b1,1536
2597c1,1848
2597d1,576
2597e1,2880
2598a1,480
2598b1,512
2598c1,840
2598d1,600
2598e1,256
2598f1,576
2600a1,768
2600b1,288
2600c1,1120
2600d1,1600
2600e1,4320
2600f1,288
2600g1,7200
2600h1,1440
2600i1,1440
2600j1,768
2600k1,864
2600l1,320
2600m1,1440
2601a1,144
2601b1,432
2601c1,6912
2601d1,2304
2601e1,2448
2601f1,7344
2601g1,4608
2601h1,13056
2601i1,768
2601j1,2304
2601k1,13056
2601l1,768
2604a1,288
2604b1,192
2604c1,4032
2604d1,2016
2604e1,9504
2604f1,864
2605a1,240
2606a1,791
2608a1,160
2608b1,288
2608c1,480
2608d1,1632
2608e1,864
2608f1,432
2609a1,110
2610a1,1920
2610b1,12672
2610c1,2048
2610d1,512
2610e1,12800
2610f1,8960
2610g1,768
2610h1,4224
2610i1,640
2610j1,2048
2610k1,1536
2610l1,2304
2610m1,11520
2610n1,1536
2611a1,560
2611b1,208
2611c1,832
2613a1,192
2613b1,4800
2615a1,592
2616a1,240
2616b1,704
2616c1,320
2616d1,816
2618a1,228480
2618b1,224
2618c1,31680
2618d1,12320
2619a1,360
2619b1,120
2619c1,720
2619d1,240
2620a1,360
2620b1,480
2620c1,360
2620d1,480
2620e1,1728
2620f1,324
2622a1,6600
2622b1,11616
2622c1,360
2622d1,1120
2622e1,1728
2623a1,816
2624a1,256
2624b1,768
2624c1,384
2624d1,256
2624e1,384
2624f1,384
2624g1,768
2624h1,384
2626a1,1320
2626b1,312
2626c1,1560
2626d1,1728
2626e1,368
2626f1,9396
2627a1,1200
2627b1,1008
2628a1,960
2628b1,14784
2629a1,124
2630a1,480
2630b1,1344
2630c1,160
2630d1,672
2631a1,144
2631b1,448
2632a1,544
2632b1,448
2632c1,256
2632d1,1280
2634a1,8680
2634b1,280
2634c1,1400
2635a1,1368
2635b1,120
2635c1,9240
2635d1,168
2636a1,1220
2638a1,132
2638b1,315
2638c1,1188
2639a1,672
2640a1,1536
2640b1,768
2640c1,3840
2640d1,512
2640e1,3072
2640f1,512
2640g1,256
2640h1,3072
2640i1,256
2640j1,768
2640k1,256
2640l1,512
2640m1,1024
2640n1,512
2640o1,1152
2640p1,576
2640q1,768
2640r1,3840
2640s1,192
2640t1,384
2640u1,53760
2640v1,4608
2640w1,1536
2642a1,176
2645a1,9936
2645b1,432
2645c1,5280
2646a1,864
2646b1,2304
2646c1,10080
2646d1,13860
2646e1,540
2646f1,3456
2646g1,756
2646h1,20160
2646i1,6048
2646j1,1980
2646k1,3780
2646l1,1728
2646m1,1152
2646n1,16128
2646o1,1440
2646p1,5940
2646q1,1260
2646r1,1728
2646s1,288
2646t1,768
2646u1,480
2646v1,3456
2646w1,2016
2646x1,5376
2646y1,3456
2646z1,3360
2646ba1,41580
2646bb1,756
2646bc1,180
2646bd1,60480
2648a1,192
2648b1,208
2650a1,1152
2650b1,6912
2650c1,648
2650d1,864
2650e1,12096
2650f1,576
2650g1,4320
2650h1,2688
2650i1,1400
2650j1,28800
2650k1,60480
2650l1,640
2651a1,84
2651b1,152
2651c1,1300
2652a1,1728
2652b1,864
2652c1,288
2652d1,960
2652e1,864
2652f1,1440
2652g1,960
2654a1,180
2655a1,480
2655b1,544
2655c1,544
2655d1,1440
2655e1,1024
2655f1,384
2655g1,3200
2655h1,1792
2656a1,128
2656b1,192
2656c1,960
2656d1,192
2656e1,128
2656f1,960
2658a1,168
2658b1,1080
2658c1,320
2658d1,612
2658e1,1344
2658f1,1728
2658g1,432
2660a1,11088
2660b1,1200
2660c1,720
2660d1,1680
2660e1,9360
2660f1,288
2660g1,432
2660h1,864
2661a1,366
2664a1,960
2664b1,768
2664c1,480
2664d1,512
2664e1,320
2664f1,480
2664g1,1024
2664h1,3200
2665a1,160
2665b1,7168
2665c1,11136
2665d1,768
2665e1,448
2666a1,208
2666b1,10640
2666c1,1872
2666d1,432
2666e1,2160
2667a1,1152
2667b1,4000
2667c1,144
2667d1,480
2667e1,1008
2668a1,228
2670a1,512
2670b1,27648
2670c1,12480
2670d1,2048
2670e1,2880
2670f1,4608
2672a1,192
2674a1,144
2674b1,5616
2674c1,2640
2674d1,432
2674e1,6032
2674f1,1440
2674g1,1232
2675a1,1500
2675b1,300
2676a1,432
2677a1,96
2678a1,105984
2678b1,384
2678c1,1104
2678d1,144
2678e1,5040
2678f1,18720
2678g1,320
2678h1,2880
2678i1,1056
2678j1,2208
2678k1,672
2678l1,960
2678m1,3120
2678n1,480
2679a1,1040
2679b1,1680
2679c1,3024
2679d1,240
2680a1,8640
2680b1,432
2680c1,2240
2680d1,80
2680e1,1600
2680f1,560
2680g1,640
2681a1,172
2682a1,1344
2682b1,36288
2682c1,1080
2682d1,9152
2682e1,8832
2682f1,864
2682g1,960
2682h1,4928
2682i1,12096
2682j1,360
2682k1,9152
2682l1,448
2682m1,576
2682n1,9984
2682o1,960
2682p1,6080
2682q1,640
2684a1,228
2684b1,180
2685a1,384
2685b1,178416
2685c1,1232
2686a1,2112
2686b1,4368
2686c1,25344
2686d1,5280
2686e1,576
2688a1,768
2688b1,512
2688c1,128
2688d1,512
2688e1,10240
2688f1,512
2688g1,768
2688h1,10240
2688i1,512
2688j1,768
2688k1,512
2688l1,10240
2688m1,1152
2688n1,512
2688o1,10240
2688p1,1152
2688q1,512
2688r1,768
2688s1,1152
2688t1,128
2688u1,512
2688v1,1152
2688w1,128
2688x1,128
2690a1,472
2690b1,1064
2690c1,360
2690d1,352
2691a1,576
2691b1,192
2691c1,384
2691d1,1280
2691e1,26880
2691f1,768
2691g1,99840
2691h1,6144
2694a1,49896
2694b1,864
2694c1,288
2694d1,7128
2694e1,360
2694f1,520
2694g1,2880
2694h1,432
2694i1,7560
2695a1,384
2695b1,1536
2695c1,3072
2696a1,272
2697a1,392
2698a1,2664
2698b1,1176
2699a1,70
2699b1,171
2699c1,413
2700a1,1728
2700b1,5184
2700c1,864
2700d1,648
2700e1,324
2700f1,2592
2700g1,1620
2700h1,540
2700i1,4320
2700j1,1080
2700k1,288
2700l1,108
2700m1,864
2700n1,216
2700o1,864
2700p1,864
2700q1,1440
2700r1,3240
2700s1,864
2700t1,1620
2700u1,324
2701a1,2832
2702a1,192
2702b1,357504
2702c1,576
2702d1,128
2703a1,936
2703b1,5880
2703c1,384
2703d1,264
2704a1,2688
2704b1,1248
2704c1,96
2704d1,288
2704e1,3744
2704f1,1008
2704g1,2688
2704h1,240
2704i1,3120
2704j1,8064
2704k1,720
2704l1,9360
2704m1,7488
2704n1,576
2706a1,384
2706b1,128128
2706c1,1280
2706d1,3456
2706e1,2304
2706f1,7056
2706g1,5760
2706h1,1920
2706i1,384
2706j1,240
2706k1,73920
2706l1,640
2706m1,192
2706n1,13440
2706o1,10368
2706p1,4752
2706q1,1152
2706r1,1536
2708a1,228
2709a1,384
2709b1,7296
2710a1,2400
2710b1,288
2710c1,6048
2710d1,1760
2710e1,2720
2710f1,432
2710g1,928
2712a1,288
2712b1,560
2712c1,20400
2712d1,400
2712e1,1440
2712f1,2400
2712g1,448
2712h1,1248
2712i1,192
2712j1,368
2714a1,11808
2714b1,8832
2714c1,384
2715a1,480
2715b1,800
2715c1,1280
2716a1,396
2717a1,288
2717b1,936
2717c1,504
2718a1,6048
2718b1,672
2718c1,1760
2718d1,194880
2718e1,3520
2718f1,960
2718g1,560
2718h1,448
2718i1,576
2718j1,3600
2718k1,2016
2718l1,2016
2718m1,5280
2718n1,17472
2718o1,960
2718p1,1728
2718q1,648
2718r1,2880
2720a1,6240
2720b1,480
2720c1,768
2720d1,6240
2720e1,480
2720f1,768
2724a1,768
2724b1,384
2724c1,576
2725a1,432
2725b1,2448
2725c1,880
2725d1,176
2726a1,2200
2726b1,216
2726c1,1640
2726d1,184
2726e1,11704
2727a1,828
2727b1,276
2728a1,288
2728b1,7200
2728c1,1056
2728d1,352
2728e1,9120
2730a1,12288
2730b1,2304
2730c1,115200
2730d1,2560
2730e1,21120
2730f1,768
2730g1,6720
2730h1,384
2730i1,134400
2730j1,960
2730k1,430080
2730l1,960
2730m1,1536
2730n1,6912
2730o1,3456
2730p1,5184
2730q1,576
2730r1,80640
2730s1,768
2730t1,4800
2730u1,1920
2730v1,8192
2730w1,1024
2730x1,6144
2730y1,768
2730z1,46080
2730ba1,5120
2730bb1,1920
2730bc1,73920
2730bd1,9216
2732a1,246
2733a1,500
2734a1,216
2735a1,148
2735b1,1424
2735c1,440
2736a1,128
2736b1,384
2736c1,448
2736d1,1344
2736e1,480
2736f1,1536
2736g1,1536
2736h1,1280
2736i1,384
2736j1,768
2736k1,1152
2736l1,384
2736m1,1440
2736n1,2304
2736o1,3840
2736p1,768
2736q1,576
2736r1,576
2736s1,3840
2736t1,768
2736u1,576
2736v1,11520
2736w1,1280
2736x1,1440
2738a1,576
2738b1,21312
2738c1,21312
2738d1,576
2739a1,3240
2739b1,864
2739c1,448
2739d1,3360
2739e1,40320
2739f1,1440
2739g1,128
2740a1,141480
2740b1,360
2742a1,1440
2742b1,125120
2742c1,320
2742d1,320
2742e1,672
2745a1,1152
2745b1,13440
2745c1,512
2745d1,1152
2746a1,2376
2746b1,192
2746c1,2016
2747a1,308
2748a1,5508
2748b1,864
2748c1,720
2749a1,122
2751a1,624
2751b1,4992
2751c1,256
2751d1,800
2751e1,192
2752a1,256
2752b1,384
2752c1,160
2752d1,160
2752e1,256
2752f1,384
2754a1,5040
2754b1,240
2754c1,1344
2754d1,1680
2754e1,720
2754f1,4032
2755a1,3600
2755b1,112
2756a1,192
2757a1,960
2757b1,432
2758a1,440
2758b1,936
2758c1,360
2758d1,520
2758e1,360
2758f1,2520
2758g1,169176
2760a1,448
2760b1,1344
2760c1,384
2760d1,384
2760e1,3072
2760f1,5376
2760g1,1152
2760h1,6144
2760i1,768
2760j1,10560
2760k1,9600
2763a1,172
2763b1,516
2763c1,576
2763d1,416
2763e1,240
2763f1,3648
2763g1,360
2763h1,352
2765a1,2992
2765b1,144
2765c1,432
2766a1,1000
2766b1,896
2766c1,320
2766d1,1984
2766e1,3328
2766f1,440
2766g1,1152
2766h1,960
2766i1,2240
2768a1,544
2768b1,672
2768c1,492
2768d1,672
2770a1,416
2770b1,864
2770c1,224
2770d1,504
2770e1,360
2770f1,48384
2770g1,896
2770h1,1024
2771a1,1422
2772a1,960
2772b1,2880
2772c1,576
2772d1,576
2772e1,2880
2772f1,2880
2772g1,720
2772h1,33600
2772i1,960
2772j1,2496
2772k1,25920
2772l1,576
2772m1,576
2773a1,204
2774a1,288
2775a1,10080
2775b1,3600
2775c1,1440
2775d1,2160
2775e1,576
2775f1,2800
2775g1,2880
2775h1,720
2775i1,560
2775j1,10800
2776a1,176
2778a1,504
2778b1,184
2778c1,1848
2779a1,396
2780a1,144
2780b1,11088
2780c1,192
2781a1,408
2781b1,1224
2782a1,8832
2782b1,13600
2782c1,528
2782d1,7344
2782e1,432
2782f1,126720
2784a1,672
2784b1,480
2784c1,672
2784d1,480
2785a1,248
2785b1,408
2786a1,224
2786b1,264
2786c1,704
2786d1,800
2786e1,3264
2787a1,8720
2787b1,600
2787c1,336
2787d1,280
2788a1,168
2788b1,360
2788c1,1224
2790a1,25920
2790b1,864
2790c1,33600
2790d1,576
2790e1,50400
2790f1,2016
2790g1,4096
2790h1,1152
2790i1,1280
2790j1,37440
2790k1,1536
2790l1,11520
2790m1,2304
2790n1,100800
2790o1,192
2790p1,16800
2790q1,2016
2790r1,8640
2790s1,288
2790t1,7680
2790u1,3520
2790v1,960
2790w1,21504
2790x1,16640
2790y1,768
2790z1,2304
2790ba1,728640
2790bb1,2304
2790bc1,2880
2792a1,368
2793a1,256
2793b1,240
2793c1,576
2793d1,8064
2793e1,81144
2793f1,3960
2793g1,1680
2793h1,11592
2793i1,1152
2793j1,5760
2793k1,1792
2793l1,936
2794a1,176
2794b1,288
2794c1,8976
2795a1,360
2795b1,4760
2797a1,176
2799a1,2464
2799b1,224
2800a1,512
2800b1,576
2800c1,768
2800d1,480
2800e1,1440
2800f1,1440
2800g1,640
2800h1,11520
2800i1,288
2800j1,384
2800k1,1920
2800l1,2880
2800m1,288
2800n1,2400
2800o1,2304
2800p1,144
2800q1,5760
2800r1,31680
2800s1,1152
2800t1,1152
2800u1,576
2800v1,1152
2800w1,144
2800x1,288
2800y1,320
2800z1,2880
2800ba1,720
2800bb1,2880
2800bc1,1440
2800bd1,720
2800be1,1600
2800bf1,576
2800bg1,6336
2802a1,144
2805a1,1152
2805b1,896
2805c1,1728
2805d1,8736
2805e1,672
2806a1,144
2806b1,70224
2806c1,1200
2808a1,960
2808b1,1440
2808c1,2880
2808d1,576
2808e1,1056
2808f1,1440
2808g1,336
2808h1,2880
2808i1,1008
2808j1,4320
2808k1,960
2808l1,192
2808m1,480
2808n1,3168
2809a1,5616
2810a1,4720
2810b1,416
2810c1,496
2810d1,3360
2810e1,1088
2811a1,704
2811b1,224
2812a1,2880
2812b1,768
2813a1,624
2813b1,120
2814a1,1536
2815a1,240
2817a1,5984
2817b1,320
2817c1,1120
2818a1,1840
2820a1,960
2820b1,5184
2820c1,3024
2820d1,288
2820e1,4320
2820f1,264
2821a1,232
2821b1,360
2822a1,1520
2822b1,240
2824a1,464
2825a1,384
2825b1,1152
2826a1,624
2826b1,416
2826c1,1680
2826d1,36864
2826e1,20480
2826f1,3072
2826g1,208
2826h1,1248
2826i1,1680
2826j1,640
2826k1,864
2827a1,272
2827b1,256
2828a1,420
2828b1,636
2829a1,1216
2829b1,5280
2829c1,27360
2829d1,384
2829e1,1152
2829f1,112
2829g1,1728
2830a1,912
2830b1,2576
2830c1,1760
2830d1,480
2830e1,7728
2830f1,1584
2830g1,432
2830h1,1456
2832a1,960
2832b1,1152
2832c1,1344
2832d1,384
2832e1,2880
2832f1,360
2832g1,38016
2834a1,160
2834b1,644
2834c1,2880
2834d1,6540
2834e1,2496
2835a1,252
2835b1,576
2835c1,2688
2835d1,228
2835e1,576
2835f1,8064
2835g1,252
2835h1,684
2836a1,600
2837a1,184
2838a1,336
2838b1,21168
2838c1,720
2838d1,640
2838e1,3072
2838f1,4224
2840a1,640
2840b1,11520
2840c1,3696
2840d1,960
2840e1,224
2842a1,5760
2842b1,30720
2842c1,1440
2842d1,4608
2842e1,1440
2842f1,3072
2843a1,448
2844a1,1080
2844b1,1008
2844c1,6912
2844d1,768
2844e1,504
2845a1,552
2845b1,1456
2846a1,360
2846b1,990
2846c1,408
2847a1,672
2847b1,800
2848a1,192
2848b1,640
2848c1,640
2848d1,192
2849a1,9760
2849b1,224
2850a1,57600
2850b1,2304
2850c1,13440
2850d1,69120
2850e1,1728
2850f1,9600
2850g1,7200
2850h1,768
2850i1,1536
2850j1,7680
2850k1,1152
2850l1,23040
2850m1,4800
2850n1,1344
2850o1,1440
2850p1,3072
2850q1,53760
2850r1,3456
2850s1,288
2850t1,3840
2850u1,960
2850v1,6720
2850w1,7200
2850x1,4608
2850y1,2304
2850z1,8064
2850ba1,2880
2850bb1,1920
2852a1,1080
2852b1,2760
2855a1,640
2856a1,16896
2856b1,4224
2856c1,320
2856d1,640
2856e1,5376
2856f1,384
2856g1,864
2856h1,34560
2856i1,640
2856j1,1920
2859a1,240
2860a1,1728
2860b1,1056
2860c1,576
2862a1,648
2862b1,768
2862c1,9000
2862d1,1152
2862e1,17640
2862f1,5880
2862g1,2304
2862h1,3000
2862i1,1944
2862j1,384
2864a1,360
2864b1,2448
2864c1,528
2865a1,208
2865b1,160
2866a1,540
2867a1,240
2868a1,336
2868b1,288
2868c1,2688
2868d1,240
2868e1,576
2869a1,648
2869b1,1480
2870a1,512
2870b1,576
2870c1,12288
2870d1,8640
2871a1,1392
2871b1,464
2871c1,2240
2871d1,1288
2873a1,576
2873b1,20160
2873c1,4032
2874a1,1120
2874b1,640
2874c1,1280
2874d1,4800
2874e1,384
2877a1,208
2877b1,656
2878a1,480
2878b1,900
2878c1,616
2880a1,1536
2880b1,256
2880c1,1536
2880d1,256
2880e1,768
2880f1,512
2880g1,1536
2880h1,768
2880i1,384
2880j1,384
2880k1,384
2880l1,1024
2880m1,3072
2880n1,3072
2880o1,3072
2880p1,512
2880q1,512
2880r1,1024
2880s1,1024
2880t1,512
2880u1,1536
2880v1,1536
2880w1,512
2880x1,1536
2880y1,512
2880z1,512
2880ba1,384
2880bb1,3072
2880bc1,1024
2880bd1,1024
2880be1,1024
2880bf1,1024
2880bg1,512
2880bh1,1024
2881a1,236
2882a1,1680
2886a1,4608
2886b1,768
2888a1,9576
2888b1,1008
2888c1,2880
2888d1,504
2888e1,19152
2888f1,2880
2890a1,384
2890b1,3456
2890c1,4608
2890d1,42432
2890e1,3060
2890f1,5760
2890g1,6528
2890h1,180
2890i1,46080
2890j1,2496
2890k1,97920
2890l1,5760
2890m1,38080
2890n1,7344
2890o1,2240
2890p1,432
2890q1,24192
2891a1,1092
2891b1,156
2892a1,360
2892b1,6720
2892c1,768
2893a1,150
2894a1,240
2894b1,272
2895a1,192
2895b1,3072
2895c1,2304
2895d1,1008
2895e1,2496
2896a1,480
2896b1,672
2898a1,224
2898b1,5280
2898c1,2016
2898d1,960
2898e1,7680
2898f1,31680
2898g1,2880
2898h1,576
2898i1,4096
2898j1,960
2898k1,672
2898l1,672
2898m1,5280
2898n1,1536
2898o1,7680
2898p1,38400
2898q1,1536
2898r1,33792
2898s1,1536
2898t1,2688
2898u1,12480
2899a1,120
2900a1,1728
2900b1,864
2900c1,960
2900d1,12960
2900e1,576
2902a1,162
2902b1,300
2904a1,288
2904b1,31680
2904c1,8448
2904d1,640
2904e1,6336
2904f1,480
2904g1,1920
2904h1,3168
2904i1,2880
2904j1,768
2904k1,1920
2904l1,576
2904m1,5280
2904n1,2880
2904o1,40320
2905a1,736
2905b1,2320
2905c1,2352
2907a1,640
2907b1,1960
2910a1,4224
2910b1,8400
2910c1,384
2910d1,1920
2910e1,512
2910f1,12288
2910g1,1536
2910h1,1296
2910i1,1280
2910j1,528
2910k1,3840
2912a1,288
2912b1,1440
2912c1,1440
2912d1,544
2912e1,288
2912f1,544
2913a1,512
2913b1,352
2914a1,308560
2914b1,480
2914c1,240
2914d1,28080
2914e1,2160
2914f1,2352
2914g1,144
2914h1,2880
2915a1,43200
2915b1,1440
2915c1,576
2915d1,1296
2917a1,444
2918a1,520
2918b1,1144
2918c1,264
2919a1,800
2919b1,1120
2919c1,672
2919d1,480
2920a1,2720
2922a1,3600
2922b1,320
2922c1,336
2922d1,4032
2922e1,576
2922f1,3648
2922g1,1680
2922h1,960
2922i1,9504
2922j1,192
2922k1,864
2922l1,198240
2923a1,1728
2924a1,120
2924b1,312
2925a1,1152
2925b1,1152
2925c1,4608
2925d1,1536
2925e1,360
2925f1,1024
2925g1,4608
2925h1,2304
2925i1,5760
2925j1,1152
2925k1,1152
2925l1,16128
2925m1,2520
2925n1,16128
2925o1,640
2925p1,1152
2925q1,5760
2925r1,2520
2925s1,3200
2925t1,1800
2926a1,3456
2926b1,704
2928a1,2688
2928b1,192
2928c1,480
2928d1,384
2928e1,1920
2928f1,640
2928g1,5472
2928h1,288
2928i1,1152
2928j1,1440
2928k1,1152
2928l1,8736
2928m1,192
2928n1,768
2928o1,1248
2928p1,1920
2929a1,424
2930a1,288
2930b1,1664
2931a1,280
2932a1,831
2932b1,624
2934a1,336
2934b1,2176
2934c1,3584
2934d1,576
2934e1,1408
2934f1,480
2934g1,1008
2934h1,6528
2934i1,1152
2934j1,18240
2934k1,480
2934l1,640
2934m1,1632
2934n1,324480
2934o1,12480
2936a1,200
2937a1,4824
2937b1,152
2938a1,2128
2938b1,3600
2938c1,360
2938d1,3360
2938e1,6912
2938f1,576
2939a1,205
2940a1,10080
2940b1,1152
2940c1,13440
2940d1,4032
2940e1,16128
2940f1,3456
2940g1,2304
2940h1,576
2940i1,5760
2940j1,40320
2940k1,1440
2940l1,1920
2943a1,360
2943b1,120
2943c1,384
2943d1,2304
2943e1,1152
2943f1,768
2944a1,416
2944b1,416
2944c1,416
2944d1,416
2945a1,288
2946a1,408
2948a1,384
2950a1,1680
2950b1,288
2950c1,30240
2950d1,216
2950e1,6912
2950f1,768
2950g1,2268
2950h1,6480
2950i1,756
2950j1,5400
2950k1,1440
2950l1,432
2950m1,3780
2950n1,1080
2950o1,1152
2950p1,8448
2950q1,4864
2950r1,1440
2950s1,6048
2950t1,1080
2950u1,11340
2950v1,1296
2952a1,576
2952b1,3840
2952c1,768
2952d1,1728
2952e1,3456
2952f1,576
2952g1,2304
2952h1,512
2953a1,116
2954a1,1680
2954b1,2592
2955a1,1920
2955b1,9720
2955c1,1728
2955d1,3456
2958a1,864
2958b1,2688
2959a1,1944
2960a1,896
2960b1,1920
2960c1,384
2960d1,480
2960e1,384
2960f1,1920
2960g1,384
2960h1,49920
2960i1,576
2960j1,864
2960k1,384
2960l1,1056
2960m1,576
2960n1,2304
2961a1,128
2961b1,384
2961c1,9600
2961d1,640
2961e1,5400
2961f1,896
2961g1,2304
2961h1,26880
2962a1,272
2962b1,160
2962c1,1040
2964a1,432
2964b1,480
2964c1,17280
2964d1,1728
2964e1,432
2964f1,3456
2967a1,1040
2967b1,1296
2967c1,594000
2967d1,1456
2968a1,512
2968b1,416
2968c1,3040
2968d1,3840
2968e1,448
2968f1,256
2970a1,1344
2970b1,5040
2970c1,504
2970d1,432
2970e1,327600
2970f1,336
2970g1,21840
2970h1,1728
2970i1,32400
2970j1,1200
2970k1,71280
2970l1,1296
2970m1,11520
2970n1,720
2970o1,1560
2970p1,11520
2970q1,109200
2970r1,4680
2970s1,1008
2970t1,432
2970u1,576
2970v1,1680
2970w1,2160
2970x1,23760
2970y1,432
2970z1,10800
2970ba1,3600
2970bb1,504
2970bc1,4032
2970bd1,65520
2972a1,2514
2975a1,672
2975b1,23520
2975c1,41184
2976a1,224
2976b1,2016
2976c1,480
2976d1,480
2976e1,2016
2976f1,224
2978a1,556
2979a1,144
2979b1,432
2979c1,288
2980a1,432
2980b1,1728
2982a1,4480
2982b1,4480
2982c1,1008
2982d1,896
2982e1,864
2982f1,448
2982g1,2560
2982h1,1760
2982i1,1632
2982j1,10368
2982k1,1296
2982l1,896
2986a1,280
2986b1,1144
2988a1,4992
2988b1,1152
2988c1,2160
2989a1,1344
2989b1,1056
2989c1,1728
2989d1,756
2990a1,672
2990b1,5376
2990c1,322560
2990d1,576
2990e1,2880
2990f1,256
2990g1,3200
2990h1,416
2990i1,3200
2991a1,6720
2992a1,1088
2992b1,6720
2992c1,160
2992d1,256
2992e1,1536
2992f1,1152
2992g1,960
2992h1,1536
2992i1,1200
2993a1,1656
2994a1,288
2994b1,3840
2994c1,448
2995a1,356
2996a1,144
2996b1,1104
3002a1,792
3002b1,72576
3002c1,12960
3002d1,640
3003a1,448
3003b1,2376
3003c1,7200
3003d1,5760
3003e1,864
3003f1,6552
3003g1,224
3003h1,5600
3003i1,728
3004a1,168
3006a1,1792
3006b1,256
3006c1,1536
3006d1,8064
3006e1,1152
3006f1,8832
3008a1,384
3008b1,384
3009a1,728
3010a1,14080
3010b1,12096
3010c1,640
3010d1,16224
3010e1,1728
3010f1,3456
3010g1,576
3010h1,1216
3010i1,608
3012a1,9504
3012b1,624
3012c1,576
3012d1,1176
3012e1,504
3014a1,320
3014b1,1536
3014c1,9360
3015a1,2880
3015b1,256
3015c1,3840
3016a1,192
3016b1,18624
3016c1,448
3017a1,1944
3017b1,124
3018a1,624
3018b1,784
3018c1,720
3018d1,1800
3018e1,2592
3020a1,1512
3020b1,612
3020c1,480
3021a1,720
3021b1,40320
3023a1,98
3024a1,192
3024b1,2880
3024c1,576
3024d1,576
3024e1,31680
3024f1,480
3024g1,960
3024h1,960
3024i1,192
3024j1,10560
3024k1,2880
3024l1,1440
3024m1,864
3024n1,864
3024o1,1728
3024p1,288
3024q1,864
3024r1,1728
3024s1,864
3024t1,1440
3024u1,288
3024v1,10080
3024w1,864
3024x1,864
3024y1,288
3024z1,864
3024ba1,1728
3024bb1,480
3024bc1,576
3024bd1,30240
3025a1,432
3025b1,2880
3025c1,840
3025d1,2880
3025e1,840
3025f1,31680
3025g1,3360
3026a1,576
3026b1,400
3026c1,1200
3026d1,1200
3026e1,768
3027a1,480
3030a1,2352
3030b1,1680
3030c1,576
3030d1,13104
3030e1,12240
3030f1,640
3030g1,288
3030h1,579600
3030i1,3600
3030j1,11520
3030k1,720
3030l1,432
3030m1,90720
3030n1,5760
3030o1,16800
3030p1,336
3030q1,1440
3030r1,17280
3030s1,432
3030t1,1152
3030u1,3600
3032a1,160
3032b1,320
3033a1,448
3033b1,960
3034a1,672
3035a1,740
3036a1,720
3036b1,31680
3036c1,240
3036d1,576
3036e1,2880
3036f1,288
3036g1,3744
3036h1,3168
3036i1,2016
3036j1,1440
3038a1,5376
3038b1,768
3038c1,768
3038d1,1152
3038e1,5376
3038f1,2352
3038g1,720
3038h1,2304
3038i1,768
3038j1,336
3038k1,3840
3038l1,3840
3038m1,23040
3038n1,5040
3040a1,320
3040b1,320
3040c1,576
3040d1,576
3042a1,8064
3042b1,4992
3042c1,19968
3042d1,53760
3042e1,3072
3042f1,3360
3042g1,24960
3042h1,720
3042i1,2688
3042j1,1536
3042k1,4704
3042l1,384
3042m1,39936
3042n1,1920
3042o1,9360
3044a1,276
3044b1,156
3045a1,1840
3045b1,1872
3045c1,256
3045d1,512
3045e1,2560
3045f1,5376
3045g1,384
3045h1,58800
3045i1,1024
3045j1,9600
3046a1,224
3047a1,132
3047b1,3216
3048a1,1152
3048b1,288
3048c1,480
3048d1,2240
3050a1,1536
3050b1,1680
3050c1,32640
3050d1,2340
3050e1,74880
3050f1,1120
3050g1,14976
3050h1,468
3050i1,1440
3050j1,2304
3050k1,6528
3050l1,336
3052a1,480
3052b1,312
3054a1,1650
3054b1,2356200
3054c1,1680
3054d1,360
3054e1,11088
3054f1,16200
3054g1,432
3054h1,2376
3054i1,2160
3054j1,168
3054k1,4080
3055a1,2960
3055b1,384
3058a1,768
3059a1,704
3059b1,3552
3060a1,384
3060b1,576
3060c1,1728
3060d1,192
3060e1,1728
3060f1,1152
3060g1,1344
3060h1,8640
3060i1,1152
3060j1,4032
3060k1,53760
3060l1,768
3060m1,2880
3060n1,576
3060o1,960
3062a1,260
3062b1,900
3066a1,1032240
3066b1,640
3066c1,5376
3066d1,240
3066e1,1008
3066f1,576
3066g1,42000
3066h1,1840
3069a1,54720
3070a1,5824
3071a1,168
3073a1,118
3073b1,600
3074a1,336
3075a1,7560
3075b1,216
3075c1,2688
3075d1,1600
3075e1,5940
3075f1,1080
3075g1,5400
3075h1,512
3075i1,768
3075j1,1188
3075k1,216
3075l1,5400
3075m1,1512
3075n1,1080
3078a1,1152
3078b1,576
3078c1,4608
3078d1,3456
3078e1,1728
3078f1,1536
3080a1,512
3080b1,896
3080c1,12288
3080d1,512
3080e1,512
3081a1,192
3081b1,256
3082a1,832
3084a1,228
3084b1,576
3084c1,1980
3084d1,1404
3086a1,248
3088a1,464
3089a1,710
3090a1,2000
3090b1,1296
3090c1,18144
3090d1,6048
3090e1,288
3090f1,11088
3090g1,896
3090h1,99008
3090i1,5184
3090j1,864
3090k1,912
3090l1,720
3090m1,2112
3091a1,220
3093a1,140
3094a1,2000
3094b1,432
3094c1,3528
3094d1,30360
3094e1,2048
3094f1,1008
3094g1,15504
3094h1,1080
3094i1,4608
3096a1,1728
3096b1,320
3096c1,5376
3096d1,512
3096e1,1280
3096f1,576
3096g1,960
3096h1,768
3097a1,1256
3097b1,912
3098a1,280
3099a1,172
3099b1,316
3099c1,348
3100a1,4320
3100b1,840
3100c1,1728
3100d1,1728
3100e1,648
3100f1,3360
3100g1,672
3102a1,864
3102b1,2880
3102c1,293760
3102d1,640
3102e1,4800
3102f1,384
3102g1,2112
3102h1,47040
3102i1,4992
3102j1,1120
3103a1,240
3103b1,1176
3105a1,192
3105b1,2592
3105c1,1440
3105d1,864
3105e1,4320
3105f1,576
3105g1,3744
3105h1,1248
3106a1,352
3106b1,384
3108a1,13440
3108b1,576
3108c1,384
3108d1,1536
3108e1,1152
3108f1,11520
3108g1,147840
3108h1,1152
3108i1,1728
3108j1,864
3109a1,138
3110a1,4928
3111a1,504
3112a1,384
3112b1,384
3114a1,680
3114b1,840
3114c1,840
3114d1,14976
3114e1,2688
3114f1,2040
3114g1,384
3115a1,1160
3115b1,3840
3115c1,120
3116a1,384
3118a1,216
3118b1,2925
3118c1,360
3118d1,736
3118e1,992
3120a1,1536
3120b1,10560
3120c1,768
3120d1,960
3120e1,384
3120f1,3072
3120g1,768
3120h1,768
3120i1,1920
3120j1,7680
3120k1,768
3120l1,960
3120m1,3360
3120n1,768
3120o1,7680
3120p1,288
3120q1,1152
3120r1,1536
3120s1,17280
3120t1,480
3120u1,768
3120v1,1152
3120w1,384
3120x1,1920
3120y1,3360
3120z1,1536
3120ba1,6240
3122a1,2352
3122b1,4032
3122c1,320
3122d1,1344
3122e1,1344
3122f1,640
3123a1,420
3124a1,264
3126a1,264
3126b1,2520
3126c1,3840
3128a1,2624
3128b1,1056
3128c1,1440
3129a1,248
3130a1,240
3130b1,2080
3130c1,2640
3130d1,5760
3130e1,512
3130f1,336
3130g1,480
3130h1,1392
3132a1,2520
3132b1,7560
3132c1,1080
3132d1,792
3132e1,360
3132f1,2376
3134a1,1584
3134b1,240
3135a1,448
3135b1,768
3135c1,624
3135d1,8640
3135e1,768
3135f1,640
3135g1,768
3135h1,6000
3136a1,384
3136b1,1344
3136c1,2688
3136d1,512
3136e1,1536
3136f1,192
3136g1,2688
3136h1,3584
3136i1,512
3136j1,3072
3136k1,3072
3136l1,3584
3136m1,512
3136n1,384
3136o1,1344
3136p1,384
3136q1,2688
3136r1,512
3136s1,1536
3136t1,384
3136u1,1792
3136v1,256
3136w1,2688
3136x1,192
3136y1,3072
3136z1,1536
3136ba1,1536
3136bb1,3072
3136bc1,384
3138a1,520
3138b1,1260
3138c1,42120
3138d1,1512
3138e1,232
3138f1,1320
3138g1,576
3140a1,192
3140b1,3024
3140c1,7680
3140d1,288
3140e1,240
3142a1,494
3143a1,184
3144a1,448
3144b1,352
3144c1,672
3145a1,960
3145b1,5280
3145c1,7872
3146a1,3696
3146b1,7392
3146c1,14400
3146d1,12480
3146e1,1440
3146f1,15840
3146g1,576
3146h1,7200
3146i1,2800
3146j1,336
3146k1,1440
3146l1,720
3146m1,6336
3146n1,7200
3146o1,672
3146p1,2880
3148a1,234
3149a1,124
3150a1,288
3150b1,2304
3150c1,3744
3150d1,80640
3150e1,9216
3150f1,6240
3150g1,5760
3150h1,1440
3150i1,15360
3150j1,384
3150k1,18432
3150l1,1152
3150m1,8640
3150n1,4800
3150o1,3072
3150p1,6720
3150q1,15360
3150r1,3696
3150s1,12800
3150t1,91200
3150u1,3600
3150v1,288
3150w1,2304
3150x1,1248
3150y1,26880
3150z1,3072
3150ba1,18720
3150bb1,1920
3150bc1,1440
3150bd1,46080
3150be1,1152
3150bf1,9216
3150bg1,18240
3150bh1,720
3150bi1,6144
3150bj1,1344
3150bk1,24576
3150bl1,4096
3150bm1,3072
3150bn1,18480
3150bo1,2560
3150bp1,4800
3150bq1,3072
3150br1,1728
3152a1,352
3152b1,400
3153a1,260
3154a1,3672
3154b1,320
3154c1,1200
3154d1,528
3155a1,156
3155b1,972
3157a1,144
3158a1,2700
3158b1,246
3158c1,172
3158d1,240
3159a1,648
3159b1,216
3159c1,720
3159d1,2160
3159e1,864
3159f1,288
3160a1,320
3160b1,288
3160c1,1440
3160d1,256
3162a1,79872
3162b1,704
3163a1,144
3165a1,936
3165b1,6624
3165c1,6888
3165d1,6552
3166a1,640
3166b1,2736
3166c1,336
3168a1,256
3168b1,768
3168c1,768
3168d1,768
3168e1,768
3168f1,768
3168g1,768
3168h1,1344
3168i1,15360
3168j1,960
3168k1,768
3168l1,1344
3168m1,1024
3168n1,256
3168o1,2304
3168p1,768
3168q1,256
3168r1,256
3168s1,2304
3168t1,960
3168u1,1024
3168v1,768
3168w1,768
3168x1,960
3168y1,768
3168z1,15360
3168ba1,960
3168bb1,768
3170a1,3200
3170b1,288
3171a1,192
3171b1,640
3171c1,2880
3172a1,13440
3172b1,336
3174a1,4224
3174b1,2352
3174c1,54096
3174d1,8448
3174e1,1344
3174f1,30912
3174g1,4224
3175a1,576
3175b1,960
3176a1,992
3177a1,1728
3177b1,288
3179a1,4608
3179b1,324
3179c1,1024
3179d1,32130
3179e1,8640
3179f1,1890
3179g1,5508
3180a1,1080
3181a1,218
3184a1,208
3184b1,112
3184c1,1320
3185a1,1536
3185b1,240
3185c1,203280
3185d1,720
3185e1,5040
3185f1,1680
3185g1,29040
3185h1,2304
3185i1,576
3186a1,432
3186b1,4752
3186c1,1512
3186d1,1680
3186e1,840
3186f1,15840
3186g1,63936
3186h1,720
3186i1,1080
3186j1,6240
3186k1,432
3186l1,144
3186m1,191808
3186n1,2160
3186o1,3240
3186p1,18720
3186q1,1680
3186r1,1296
3186s1,2520
3186t1,5280
3186u1,1584
3186v1,504
3190a1,648
3190b1,15080
3190c1,3456
3190d1,1152
3190e1,320
3192a1,512
3192b1,1536
3192c1,6144
3192d1,9600
3192e1,384
3192f1,384
3192g1,94080
3192h1,640
3192i1,512
3192j1,1280
3192k1,256
3192l1,1152
3192m1,11520
3192n1,768
3192o1,768
3192p1,1152
3193a1,320
3195a1,768
3195b1,384
3195c1,1024
3195d1,768
3197a1,304
3198a1,14080
3198b1,4320
3198c1,384
3198d1,250880
3198e1,1152
3198f1,2240
3199a1,392
3199b1,168
3200a1,768
3200b1,192
3200c1,96
3200d1,192
3200e1,1536
3200f1,1536
3200g1,512
3200h1,1536
3200i1,512
3200j1,512
3200k1,3360
3200l1,480
3200m1,1344
3200n1,672
3200o1,1344
3200p1,768
3200q1,768
3200r1,768
3200s1,96
3200t1,512
3200u1,1536
3200v1,6720
3200w1,3360
3200x1,6720
3200y1,960
3200z1,480
3200ba1,960
3200bb1,672
3201a1,672
3201b1,288
3201c1,8640
3201d1,25840
3201e1,256
3201f1,256
3201g1,720
3201h1,1024
3202a1,264
3203a1,401
3204a1,528
3204b1,1584
3204c1,360
3205a1,216
3205b1,1656
3205c1,360
3206a1,2028
3206b1,416
3206c1,4032
3206d1,216
3206e1,8800
3206f1,1320
3210a1,768
3210b1,2560
3210c1,1024
3210d1,1280
3210e1,416
3210f1,1920
3210g1,27648
3211a1,720
3212a1,948
3212b1,1176
3213a1,312
3213b1,18648
3213c1,9360
3213d1,936
3213e1,3528
3213f1,1080
3213g1,5040
3213h1,3120
3213i1,576
3213j1,12096
3213k1,360
3213l1,10584
3213m1,2376
3213n1,1728
3213o1,36288
3213p1,55944
3213q1,7128
3213r1,4968
3213s1,1680
3213t1,1440
3213u1,4968
3213v1,480
3214a1,1368
3214b1,375
3214c1,7992
3216a1,512
3216b1,832
3216c1,768
3216d1,3456
3216e1,672
3216f1,768
3216g1,1440
3216h1,288
3216i1,480
3216j1,768
3216k1,1152
3216l1,3840
3216m1,840
3218a1,980
3219a1,580
3220a1,864
3220b1,5040
3220c1,35424
3220d1,26880
3222a1,3456
3222b1,2880
3222c1,528
3222d1,1920
3222e1,23040
3222f1,2448
3222g1,2560
3222h1,5120
3222i1,1536
3222j1,448
3223a1,336
3223b1,1488
3224a1,1344
3224b1,592
3224c1,864
3224d1,2880
3225a1,2040
3225b1,36864
3225c1,960
3225d1,4608
3225e1,1056
3225f1,1024
3225g1,1728
3225h1,27648
3225i1,64512
3225j1,408
3226a1,176
3228a1,6144
3228b1,480
3229a1,104
3230a1,768
3230b1,600
3230c1,8840
3230d1,12288
3230e1,2816
3230f1,3080
3230g1,2304
3231a1,1152
3231b1,768
3231c1,256
3231d1,384
3231e1,912
3232a1,456
3232b1,320
3232c1,456
3232d1,320
3233a1,2736
3234a1,13440
3234b1,1440
3234c1,199680
3234d1,432
3234e1,8400
3234f1,864
3234g1,4096
3234h1,58800
3234i1,3024
3234j1,6048
3234k1,3072
3234l1,1920
3234m1,28672
3234n1,1536
3234o1,23040
3234p1,4608
3234q1,37632
3234r1,9216
3234s1,7200
3234t1,1152
3234u1,32256
3234v1,5376
3235a1,300
3235b1,438
3235c1,348
3238a1,544
3238b1,960
3238c1,560
3240a1,960
3240b1,480
3240c1,576
3240d1,2880
3240e1,192
3240f1,1440
3243a1,2832
3243b1,384
3243c1,368
3245a1,432
3245b1,528
3245c1,528
3245d1,384
3248a1,960
3248b1,3072
3248c1,352
3248d1,256
3248e1,224
3248f1,384
3248g1,1920
3248h1,768
3248i1,15360
3248j1,512
3248k1,2304
3248l1,2880
3248m1,576
3248n1,1536
3249a1,640
3249b1,5472
3249c1,2880
3249d1,288
3249e1,4320
3249f1,34560
3249g1,11520
3251a1,322
3252a1,504
3252b1,990
3252c1,1368
3254a1,1920
3254b1,850
3255a1,5760
3255b1,16128
3255c1,768
3255d1,3840
3255e1,6912
3255f1,3328
3256a1,320
3257a1,280
3258a1,256
3258b1,1488
3258c1,2432
3258d1,5824
3258e1,960
3258f1,840
3258g1,1344
3258h1,768
3258i1,496
3258j1,7296
3258k1,1344
3258l1,600
3258m1,9152
3259a1,290
3259b1,510
3259c1,149
3260a1,924
3260b1,528
3261a1,192
3261b1,1584
3262a1,448
3262b1,800
3262c1,42560
3262d1,1792
3262e1,896
3264a1,4608
3264b1,512
3264c1,1536
3264d1,192
3264e1,288
3264f1,960
3264g1,384
3264h1,3072
3264i1,1024
3264j1,1280
3264k1,1536
3264l1,4224
3264m1,192
3264n1,3840
3264o1,1536
3264p1,960
3264q1,4224
3264r1,576
3264s1,3840
3264t1,1536
3264u1,192
3264v1,512
3264w1,512
3264x1,4608
3264y1,576
3264z1,288
3264ba1,192
3264bb1,384
3264bc1,3072
3264bd1,512
3264be1,1024
3264bf1,1280
3265a1,240
3266a1,28712
3266b1,5104
3266c1,216
3266d1,3384
3267a1,156
3267b1,1716
3267c1,1440
3267d1,480
3267e1,144
3267f1,4752
3267g1,1584
3267h1,432
3267i1,4320
3267j1,8640
3267k1,2880
3268a1,192
3269a1,204
3270a1,640
3270b1,1584
3270c1,2880
3270d1,3120
3270e1,5880
3270f1,4968
3270g1,55216
3270h1,1800
3270i1,864
3272a1,320
3274a1,378
3275a1,256
3275b1,3456
3276a1,384
3276b1,1152
3276c1,2304
3276d1,768
3276e1,3840
3276f1,1920
3276g1,11520
3276h1,576
3276i1,4608
3276j1,1152
3276k1,3840
3278a1,412
3278b1,1440
3278c1,2016
3278d1,2820
3278e1,19872
3280a1,4608
3280b1,576
3280c1,384
3280d1,320
3280e1,1280
3280f1,512
3280g1,9600
3280h1,1536
3280i1,1024
3280j1,3072
3280k1,512
3280l1,1152
3280m1,768
3280n1,6912
3282a1,5940
3282b1,1824
3282c1,732
3283a1,3840
3283b1,1728
3283c1,12096
3283d1,1536
3283e1,1800
3284a1,648
3285a1,768
3286a1,5376
3286b1,3584
3286c1,1280
3286d1,320
3286e1,1856
3288a1,2464
3288b1,176
3288c1,1632
3288d1,4560
3288e1,9504
3288f1,288
3290a1,2240
3290b1,5600
3290c1,2016
3290d1,1152
3290e1,1440
3290f1,960
3291a1,240
3291b1,390
3291c1,3168
3292a1,114
3293a1,368
3293b1,700
3293c1,6168
3294a1,1800
3294b1,2016
3294c1,14616
3294d1,13824
3294e1,768
3294f1,576
3294g1,4608
3294h1,2304
3294i1,192
3294j1,600
3294k1,2016
3294l1,4872
3295a1,600
3295b1,4440
3295c1,320
3297a1,4416
3298a1,288
3298b1,5184
3298c1,7680
3298d1,896
3300a1,2592
3300b1,7200
3300c1,3456
3300d1,768
3300e1,6912
3300f1,5040
3300g1,11520
3300h1,3840
3300i1,2880
3300j1,1008
3300k1,2304
3300l1,3840
3300m1,1152
3300n1,576
3300o1,12960
3300p1,1440
3300q1,2304
3300r1,768
3302a1,432
3302b1,6336
3302c1,960
3302d1,1680
3302e1,1584
3303a1,576
3304a1,20400
3304b1,528
3306a1,560
3306b1,10800
3306c1,384384
3306d1,1600
3306e1,1232
3306f1,1872
3306g1,768
3308a1,336
3309a1,128
3309b1,444
3310a1,480
3310b1,67872
3310c1,1120
3311a1,832
3311b1,440
3311c1,912
3312a1,1536
3312b1,1024
3312c1,480
3312d1,7168
3312e1,672
3312f1,768
3312g1,1536
3312h1,480
3312i1,1024
3312j1,576
3312k1,192
3312l1,1024
3312m1,240
3312n1,3072
3312o1,1536
3312p1,1536
3312q1,336
3312r1,3840
3313a1,162
3313b1,650
3314a1,200
3314b1,3672
3315a1,1800
3315b1,448
3315c1,59904
3315d1,168
3315e1,1024
3315f1,320
3318a1,4608
3318b1,97920
3318c1,43904
3318d1,2688
3318e1,352
3318f1,3456
3318g1,2304
3320a1,384
3320b1,2176
3321a1,528
3321b1,1584
3322a1,1584
3322b1,2016
3322c1,816
3324a1,432
3324b1,588
3324c1,2940
3325a1,1200
3325b1,576
3325c1,14400
3325d1,2880
3325e1,600
3325f1,5568
3325g1,768
3325h1,5952
3325i1,240
3325j1,3000
3325k1,29760
3328a1,128
3328b1,384
3328c1,128
3328d1,192
3328e1,1152
3328f1,1152
3328g1,384
3328h1,2304
3328i1,2304
3328j1,256
3328k1,192
3328l1,256
3330a1,2688
3330b1,42240
3330c1,1728
3330d1,51840
3330e1,2688
3330f1,13824
3330g1,2304
3330h1,3456
3330i1,9600
3330j1,8064
3330k1,63360
3330l1,640
3330m1,14080
3330n1,576
3330o1,17280
3330p1,896
3330q1,1056
3330r1,5760
3330s1,8064
3330t1,512
3330u1,640
3330v1,17280
3330w1,896
3330x1,46080
3330y1,394240
3330z1,864
3330ba1,5760
3331a1,263
3332a1,56448
3332b1,2016
3332c1,2304
3332d1,288
3332e1,8064
3332f1,16128
3333a1,640
3333b1,704
3333c1,240
3333d1,53760
3333e1,960
3333f1,3960
3333g1,32000
3335a1,6560
3335b1,608
3336a1,3328
3336b1,1344
3336c1,448
3336d1,288
3336e1,12672
3336f1,384
3337a1,96
3337b1,78624
3339a1,384
3339b1,448
3339c1,960
3339d1,1920
3339e1,2688
3339f1,1280
3339g1,1920
3340a1,252
3340b1,12396
3340c1,396
3341a1,128
3342a1,264
3342b1,3864
3342c1,1512
3344a1,288
3344b1,2880
3344c1,1280
3344d1,480
3344e1,1728
3344f1,264
3344g1,1344
3344h1,192
3344i1,2496
3345a1,432
3345b1,7056
3345c1,7200
3345d1,320
3345e1,6000
3346a1,22880
3346b1,800
3347a1,130
3348a1,864
3348b1,432
3348c1,3024
3348d1,1728
3348e1,576
3348f1,576
3348g1,1728
3348h1,288
3348i1,432
3348j1,1008
3349a1,1528
3349b1,216
3349c1,1100
3350a1,360
3350b1,1920
3350c1,7296
3350d1,12672
3350e1,1152
3350f1,1800
3352a1,336
3354a1,960
3354b1,640
3354c1,1056
3354d1,259200
3354e1,1728
3354f1,2400
3355a1,408
3355b1,600
3356a1,252
3356b1,162
3357a1,660
3360a1,384
3360b1,7680
3360c1,7680
3360d1,512
3360e1,4608
3360f1,3072
3360g1,1536
3360h1,1152
3360i1,4608
3360j1,384
3360k1,7680
3360l1,1152
3360m1,512
3360n1,1024
3360o1,512
3360p1,768
3360q1,107520
3360r1,1920
3360s1,1024
3360t1,512
3360u1,7680
3360v1,1536
3360w1,768
3360x1,107520
3360y1,1920
3360z1,3072
3362a1,52480
3362b1,6720
3362c1,1280
3363a1,448
3363b1,456
3363c1,880
3363d1,54288
3363e1,240
3363f1,101640
3364a1,6720
3364b1,6300
3364c1,100800
3365a1,112
3365b1,1040
3365c1,2256
3366a1,1920
3366b1,129792
3366c1,3072
3366d1,2048
3366e1,92160
3366f1,768
3366g1,3072
3366h1,4096
3366i1,768
3366j1,21504
3366k1,8960
3366l1,640
3366m1,21504
3366n1,5376
3366o1,30720
3366p1,1280
3366q1,3840
3368a1,464
3369a1,200
3370a1,512
3370b1,3388
3370c1,768
3370d1,1120
3370e1,2592
3370f1,1664
3371a1,247
3371b1,186
3374a1,520
3374b1,816
3374c1,232
3376a1,96
3376b1,352
3376c1,320
3376d1,576
3378a1,952
3378b1,728
3378c1,1568
3378d1,6120
3378e1,496
3380a1,22464
3380b1,3744
3380c1,7488
3380d1,576
3380e1,288
3380f1,1728
3380g1,576
3380h1,8064
3380i1,1152
3380j1,7488
3381a1,768
3381b1,720
3381c1,14400
3381d1,14784
3381e1,2016
3381f1,576
3381g1,9408
3381h1,960
3381i1,5376
3381j1,2112
3381k1,4032
3381l1,1344
3381m1,288
3384a1,168960
3384b1,1024
3384c1,1280
3384d1,768
3384e1,3840
3384f1,8448
3384g1,1280
3385a1,272
3386a1,954
3387a1,240
3388a1,3456
3388b1,4752
3388c1,720
3388d1,38016
3388e1,432
3388f1,2880
3388g1,7920
3390a1,323680
3390b1,1344
3390c1,44800
3390d1,768
3390e1,24960
3391a1,160
3392a1,384
3392b1,448
3392c1,448
3392d1,1920
3392e1,1536
3392f1,256
3392g1,9216
3392h1,256
3392i1,1152
3392j1,336
3392k1,1024
3392l1,384
3392m1,1920
3392n1,448
3392o1,448
3392p1,9216
3392q1,1536
3392r1,336
3392s1,1152
3392t1,1024
3393a1,4672
3393b1,2240
3393c1,14016
3393d1,6720
3393e1,768
3393f1,384
3393g1,448
3394a1,486
3394b1,240
3395a1,1040
3395b1,1904
3395c1,5200
3396a1,672
3397a1,208992
3397b1,256
3397c1,576
3397d1,240
3399a1,384
3400a1,1536
3400b1,1152
3400c1,1024
3400d1,9216
3400e1,1152
3400f1,8640
3400g1,1728
3402a1,432
3402b1,8640
3402c1,3240
3402d1,432
3402e1,2160
3402f1,9504
3402g1,4320
3402h1,1080
3402i1,648
3402j1,1296
3402k1,1296
3402l1,25920
3402m1,3240
3402n1,432
3402o1,2160
3402p1,3168
3402q1,1440
3402r1,360
3402s1,648
3402t1,1296
3403a1,272
3403b1,224
3404a1,912
3404b1,456
3405a1,3040
3405b1,232
3405c1,352
3408a1,768
3408b1,384
3408c1,768
3408d1,320
3408e1,1920
3408f1,384
3408g1,34560
3408h1,2880
3410a1,1408
3410b1,352
3410c1,864
3411a1,576
3414a1,7840
3414b1,640
3415a1,820
3416a1,1920
3416b1,512
3417a1,2400
3417b1,528
3417c1,2160
3417d1,5760
3417e1,2880
3417f1,25792
3417g1,288
3419a1,1400
3419b1,280
3420a1,5760
3420b1,768
3420c1,4608
3420d1,768
3420e1,4608
3420f1,1536
3421a1,272
3421b1,208
3422a1,1728
3422b1,13608
3422c1,6120
3422d1,312
3422e1,3192
3422f1,792
3422g1,8520
3422h1,2880
3423a1,2000
3423b1,768
3423c1,768
3423d1,224
3424a1,256
3424b1,224
3424c1,256
3424d1,224
3425a1,672
3426a1,4536
3426b1,2184
3429a1,864
3429b1,288
3431a1,1640
3431b1,1080
3431c1,288
3432a1,4800
3432b1,1728
3432c1,5376
3432d1,512
3432e1,2688
3432f1,768
3432g1,1536
3432h1,9408
3432i1,960
3434a1,792
3434b1,3744
3435a1,1008
3435b1,464
3435c1,12600
3435d1,280
3437a1,248
3438a1,2048
3438b1,1024
3440a1,448
3440b1,1728
3440c1,576
3440d1,576
3440e1,960
3440f1,14400
3441a1,624
3442a1,476
3442b1,720
3442c1,5168
3443a1,432
3444a1,2880
3444b1,1440
3444c1,766080
3444d1,384
3444e1,1440
3444f1,648
3445a1,640
3445b1,440
3447a1,1248
3447b1,672
3448a1,320
3448b1,352
3448c1,224
3450a1,5760
3450b1,23040
3450c1,5760
3450d1,9216
3450e1,864
3450f1,960
3450g1,2880
3450h1,2304
3450i1,1024
3450j1,43008
3450k1,768
3450l1,8640
3450m1,22464
3450n1,1536
3450o1,11520
3450p1,112320
3450q1,1728
3450r1,2304
3450s1,3840
3450t1,576
3450u1,8064
3450v1,414720
3450w1,10752
3450x1,1024
3450y1,3456
3450z1,4800
3450ba1,4320
3450bb1,4608
3451a1,10032
3451b1,336
3451c1,5328
3451d1,672
3452a1,138
3454a1,800
3454b1,1200
3454c1,432
3454d1,480
3454e1,1152
3454f1,320
3454g1,544
3454h1,2352
3455a1,416
3455b1,1152
3455c1,512
3456a1,96
3456b1,576
3456c1,192
3456d1,1440
3456e1,96
3456f1,2880
3456g1,1440
3456h1,960
3456i1,288
3456j1,480
3456k1,2880
3456l1,960
3456m1,576
3456n1,288
3456o1,192
3456p1,480
3458a1,21504
3458b1,1040
3458c1,3888
3458d1,256
3458e1,1280
3458f1,1728
3459a1,272
3459b1,320
3462a1,1536
3462b1,320
3462c1,2048
3462d1,2112
3465a1,320
3465b1,8000
3465c1,960
3465d1,24000
3465e1,2048
3465f1,2048
3465g1,6272
3465h1,48000
3465i1,7680
3465j1,768
3465k1,9216
3465l1,15360
3465m1,1152
3465n1,768
3465o1,2688
3465p1,768
3465q1,34944
3465r1,3200
3465s1,1152
3465t1,2304
3467a1,117
3468a1,3456
3468b1,22848
3468c1,540
3468d1,12852
3468e1,1344
3468f1,38016
3468g1,756
3468h1,9180
3469a1,270
3470a1,224
3470b1,9120
3470c1,592
3470d1,432
3471a1,6120
3471b1,1008
3471c1,360
3471d1,720
3472a1,320
3472b1,12480
3472c1,256
3472d1,1152
3472e1,1920
3472f1,576
3472g1,1920
3472h1,11520
3474a1,2880
3474b1,9600
3474c1,29760
3474d1,768
3474e1,2048
3474f1,576
3474g1,1920
3474h1,2880
3475a1,840
3476a1,336
3476b1,2093040
3477a1,1680
3477b1,256
3478a1,952
3479a1,1428
3479b1,240
3479c1,1680
3479d1,5824
3479e1,832
3479f1,1920
3479g1,204
3480a1,2304
3480b1,8736
3480c1,768
3480d1,1536
3480e1,7680
3480f1,3840
3480g1,2880
3480h1,1920
3480i1,27360
3480j1,2016
3480k1,512
3480l1,3072
3480m1,15360
3480n1,384
3480o1,1920
3480p1,384
3480q1,4800
3480r1,512
3480s1,9216
3480t1,576
3482a1,356
3482b1,572
3483a1,1008
3483b1,336
3483c1,1512
3483d1,864
3483e1,504
3483f1,288
3484a1,2016
3486a1,20160
3486b1,12960
3486c1,1152
3486d1,3840
3486e1,480
3486f1,720
3486g1,11520
3486h1,2912
3486i1,19200
3486j1,1152
3486k1,2709504
3486l1,432
3486m1,1152
3486n1,384
3486o1,85008
3486p1,8064
3486q1,5760
3486r1,3072
3488a1,320
3488b1,320
3489a1,448
3489b1,832
3489c1,448
3492a1,1344
3493a1,1350
3493b1,756
3494a1,620
3494b1,572
3496a1,672
3496b1,2112
3496c1,672
3496d1,328
3496e1,2400
3496f1,384
3496g1,512
3496h1,8960
3497a1,512
3497b1,960
3497c1,704
3501a1,1792
3501b1,960
3501c1,1408
3502a1,16800
3504a1,640
3504b1,256
3504c1,384
3504d1,384
3504e1,2112
3504f1,1280
3504g1,768
3504h1,26880
3504i1,768
3504j1,512
3504k1,192
3504l1,1536
3504m1,480
3504n1,2688
3504o1,768
3504p1,6912
3504q1,13824
3504r1,864
3504s1,1536
3504t1,768
3504u1,480
3504v1,3840
3504w1,7392
3504x1,1536
3505a1,3264
3505b1,448
3506a1,464
3507a1,144
3507b1,1680
3507c1,816
3508a1,276
3509a1,240
3509b1,17424
3509c1,11040
3509d1,2640
3509e1,1584
3510a1,7488
3510b1,3264
3510c1,864
3510d1,5184
3510e1,1296
3510f1,864
3510g1,2880
3510h1,2016
3510i1,240
3510j1,3360
3510k1,480
3510l1,1440
3510m1,5184
3510n1,672
3510o1,2496
3510p1,864
3510q1,720
3510r1,1440
3510s1,1296
3510t1,864
3510u1,4320
3510v1,960
3510w1,9792
3510x1,10080
3513a1,144
3514a1,408
3514b1,260
3514c1,1224
3514d1,280
3514e1,6760
3514f1,77368
3515a1,896
3515b1,4032
3518a1,304
3518b1,820
3519a1,384
3519b1,128
3519c1,4160
3519d1,896
3519e1,29568
3519f1,960
3519g1,6720
3519h1,1024
3520a1,256
3520b1,3840
3520c1,384
3520d1,256
3520e1,512
3520f1,4608
3520g1,1152
3520h1,2304
3520i1,256
3520j1,5376
3520k1,768
3520l1,768
3520m1,768
3520n1,768
3520o1,512
3520p1,4608
3520q1,384
3520r1,13440
3520s1,384
3520t1,1920
3520u1,1152
3520v1,2304
3520w1,13440
3520x1,384
3520y1,3840
3520z1,384
3520ba1,1920
3520bb1,384
3520bc1,768
3520bd1,768
3520be1,4480
3520bf1,256
3520bg1,4480
3520bh1,5376
3522a1,2760
3522b1,2680
3523a1,184
3525a1,1920
3525b1,2592
3525c1,1152
3525d1,3024
3525e1,408
3525f1,2112
3525g1,768
3525h1,1680
3525i1,608
3525j1,1728
3525k1,34560
3525l1,20160
3525m1,560
3525n1,2040
3525o1,3040
3526a1,3072
3526b1,672
3526c1,5040
3526d1,360
3528a1,960
3528b1,20160
3528c1,6720
3528d1,1536
3528e1,4608
3528f1,2880
3528g1,2352
3528h1,7168
3528i1,1024
3528j1,336
3528k1,3072
3528l1,1536
3528m1,2880
3528n1,6720
3528o1,20160
3528p1,1536
3528q1,4608
3528r1,960
3528s1,13440
3528t1,720
3528u1,8064
3528v1,1920
3528w1,5040
3528x1,3072
3528y1,9216
3528z1,1152
3528ba1,4608
3530a1,1440
3530b1,640
3530c1,1024
3531a1,4176
3531b1,176
3531c1,360
3531d1,296
3532a1,210
3534a1,4608
3534b1,9216
3535a1,17952
3535b1,1680
3535c1,480
3536a1,1920
3536b1,256
3536c1,512
3536d1,3072
3536e1,256
3536f1,2304
3536g1,1152
3536h1,253440
3536i1,7680
3536j1,4608
3536k1,1536
3536l1,1536
3538a1,480
3538b1,932640
3538c1,3552
3538d1,5760
3538e1,480
3540a1,336
3540b1,3024
3540c1,3360
3540d1,1440
3540e1,864
3540f1,1728
3540g1,57600
3540h1,288
3542a1,5408
3542b1,15120
3542c1,1728
3542d1,17920
3542e1,1920
3542f1,576
3542g1,11520
3542h1,6960
3542i1,1632
3542j1,1568
3542k1,69120
3542l1,720
3542m1,432
3542n1,3360
3542o1,13824
3542p1,768
3542q1,2112
3542r1,36000
3542s1,1584
3545a1,252
3547a1,164
3547b1,102
3547c1,409
3549a1,8064
3549b1,2400
3549c1,1152
3549d1,112896
3549e1,31200
3550a1,2688
3550b1,576
3550c1,6528
3550d1,17280
3550e1,2520
3550f1,600
3550g1,2880
3550h1,28272
3550i1,3600
3550j1,512
3550k1,141360
3550l1,1152
3550m1,2304
3550n1,720
3550o1,41472
3550p1,3000
3550q1,504
3551a1,3600
3551b1,1584
3552a1,224
3552b1,114240
3552c1,224
3552d1,114240
3552e1,576
3552f1,576
3553a1,176
3553b1,528
3553c1,14400
3554a1,1632
3554b1,336
3555a1,1728
3555b1,1152
3555c1,190080
3555d1,1920
3555e1,2040
3555f1,2880
3555g1,4224
3555h1,1344
3558a1,2880
3558b1,5600
3560a1,384
3560b1,480
3560c1,1920
3560d1,384
3560e1,4000
3560f1,512
3560g1,1408
3561a1,240
3561b1,1104
3561c1,1104
3562a1,51840
3562b1,384
3562c1,5952
3562d1,2880
3562e1,672
3562f1,936
3563a1,840
3564a1,1980
3564b1,756
3564c1,252
3564d1,756
3564e1,5940
3564f1,756
3565a1,2640
3565b1,480
3568a1,320
3568b1,288
3568c1,1344
3568d1,480
3568e1,2112
3568f1,576
3568g1,864
3568h1,1248
3569a1,2160
3570a1,7680
3570b1,215040
3570c1,1152
3570d1,12800
3570e1,38400
3570f1,4608
3570g1,768
3570h1,3072
3570i1,15360
3570j1,2304
3570k1,2304
3570l1,1152
3570m1,28800
3570n1,9216
3570o1,512
3570p1,15360
3570q1,15360
3570r1,1024
3570s1,6144
3570t1,9216
3570u1,3072
3570v1,18432
3570w1,1024
3570x1,17920
3572a1,438
3573a1,672
3573b1,224
3574a1,1560
3574b1,480
3574c1,552
3575a1,5040
3575b1,1152
3575c1,8064
3575d1,560
3575e1,8400
3575f1,1680
3575g1,1008
3576a1,672
3576b1,1184
3576c1,960
3577a1,540
3579a1,1932
3579b1,192
3580a1,1728
3580b1,288
3582a1,2112
3582b1,1344
3582c1,704
3582d1,38720
3582e1,1320
3585a1,3200
3585b1,768
3586a1,440
3586b1,1320
3586c1,448
3586d1,3456
3586e1,3840
3588a1,3456
3588b1,3456
3588c1,768
3588d1,24000
3588e1,6720
3588f1,1344
3590a1,648
3590b1,13624
3590c1,544
3590d1,2400
3590e1,504
3591a1,624
3591b1,1872
3592a1,496
3594a1,936
3594b1,432
3594c1,17856
3594d1,312
3594e1,1400
3594f1,3080
3595a1,408
3596a1,1080
3596b1,4740
3597a1,384
3597b1,360
3598a1,1280
3598b1,384
3600a1,384
3600b1,1152
3600c1,4608
3600d1,1536
3600e1,1920
3600f1,5760
3600g1,1536
3600h1,512
3600i1,7680
3600j1,2560
3600k1,1024
3600l1,3072
3600m1,672
3600n1,768
3600o1,3072
3600p1,1536
3600q1,26880
3600r1,7680
3600s1,384
3600t1,3360
3600u1,1536
3600v1,1920
3600w1,3840
3600x1,5376
3600y1,2880
3600z1,4608
3600ba1,4608
3600bb1,576
3600bc1,576
3600bd1,576
3600be1,2880
3600bf1,3072
3600bg1,1152
3600bh1,1152
3600bi1,1440
3600bj1,1920
3600bk1,9216
3600bl1,5760
3600bm1,1536
3600bn1,7680
3600bo1,1440
3600bp1,1920
3600bq1,768
3600br1,3840
3602a1,396
3602b1,4320
3602c1,320
3603a1,300
3603b1,336
3604a1,240
3604b1,26064
3605a1,408
3605b1,800
3605c1,1560
3606a1,1456
3606b1,448
3606c1,3744
3606d1,1120
3608a1,624
3608b1,352
3608c1,1120
3608d1,7008
3610a1,30096
3610b1,252
3610c1,31680
3610d1,103360
3610e1,8640
3610f1,4788
3610g1,2880
3610h1,1584
3610i1,5440
3612a1,1440
3612b1,4032
3612c1,576
3612d1,20160
3612e1,1152
3612f1,5760
3612g1,5280
3612h1,4800
3614a1,380
3614b1,1284
3615a1,384
3615b1,800
3615c1,10560
3615d1,1280
3615e1,27840
3615f1,1344
3615g1,1024
3615h1,448
3615i1,1024
3616a1,192
3616b1,192
3618a1,360
3618b1,1080
3618c1,360
3618d1,1080
3619a1,1440
3620a1,1680
3620b1,384
3621a1,2640
3621b1,20672
3622a1,2256
3622b1,11000
3623a1,162
3624a1,3168
3624b1,480
3627a1,512
3627b1,11520
3630a1,2400
3630b1,11616
3630c1,268800
3630d1,23040
3630e1,5280
3630f1,2016
3630g1,118272
3630h1,4320
3630i1,864
3630j1,1920
3630k1,3840
3630l1,628320
3630m1,66528
3630n1,19200
3630o1,26400
3630p1,1056
3630q1,480
3630r1,22176
3630s1,7680
3630t1,10752
3630u1,9504
3630v1,47520
3630w1,2880
3630x1,21120
3630y1,57120
3630z1,6048
3632a1,192
3633a1,272
3633b1,2736
3633c1,900
3634a1,71592
3634b1,1344
3634c1,560
3634d1,2912
3635a1,590
3636a1,384
3636b1,1536
3636c1,1632
3639a1,240
3639b1,240
3640a1,12480
3640b1,3840
3640c1,384
3640d1,2304
3640e1,2240
3640f1,1536
3640g1,3456
3640h1,4480
3640i1,640
3640j1,12800
3642a1,296
3646a1,580
3648a1,384
3648b1,2304
3648c1,1536
3648d1,1536
3648e1,768
3648f1,960
3648g1,768
3648h1,768
3648i1,768
3648j1,3840
3648k1,1536
3648l1,768
3648m1,768
3648n1,1280
3648o1,384
3648p1,1536
3648q1,576
3648r1,11520
3648s1,320
3648t1,768
3648u1,576
3648v1,11520
3648w1,448
3648x1,320
3648y1,3840
3648z1,256
3648ba1,1536
3648bb1,768
3648bc1,1280
3648bd1,256
3648be1,960
3648bf1,768
3648bg1,768
3648bh1,2304
3648bi1,448
3648bj1,1536
3650a1,1344
3650b1,2880
3650c1,12096
3650d1,3360
3650e1,4160
3650f1,1056
3650g1,14400
3650h1,9216
3650i1,6912
3650j1,10080
3650k1,2880
3650l1,5280
3650m1,1728
3650n1,20160
3650o1,15552
3650p1,864
3650q1,832
3651a1,864
3654a1,33120
3654b1,320
3654c1,1344
3654d1,864
3654e1,7680
3654f1,9216
3654g1,967680
3654h1,1728
3654i1,1920
3654j1,4608
3654k1,157248
3654l1,6912
3654m1,3840
3654n1,11040
3654o1,960
3654p1,864
3654q1,448
3654r1,2560
3654s1,24640
3654t1,3840
3654u1,2880
3654v1,960
3654w1,15360
3655a1,3552
3656a1,600
3656b1,1776
3657a1,420
3658a1,880
3658b1,2184
3658c1,2880
3658d1,12528
3660a1,960
3660b1,864
3660c1,576
3660d1,10080
3660e1,7680
3660f1,672
3660g1,480
3661a1,1920
3661b1,352
3663a1,3840
3663b1,1280
3663c1,640
3663d1,1920
3663e1,896
3664a1,160
3664b1,832
3664c1,352
3664d1,320
3664e1,832
3664f1,612
3664g1,512
3664h1,1152
3664i1,528
3664j1,34416
3664k1,144
3664l1,960
3664m1,240
3665a1,252
3665b1,320
3666a1,672
3666b1,560
3666c1,3024
3666d1,48384
3666e1,5376
3666f1,253440
3666g1,1008
3666h1,25200
3666i1,1792
3666j1,528
3666k1,4224
3666l1,1536
3666m1,640
3666n1,816
3667a1,240
3669a1,42016
3669b1,320
3670a1,4420
3670b1,3720
3670c1,408
3670d1,17640
3670e1,2184
3672a1,528
3672b1,480
3672c1,192
3672d1,960
3672e1,576
3672f1,672
3672g1,22176
3672h1,2304
3672i1,768
3672j1,2880
3672k1,1440
3672l1,192
3672m1,2016
3672n1,7392
3672o1,576
3672p1,1584
3674a1,1440
3674b1,400
3674c1,6080
3675a1,8064
3675b1,2520
3675c1,16128
3675d1,5376
3675e1,2304
3675f1,1980
3675g1,1800
3675h1,2304
3675i1,1152
3675j1,3072
3675k1,360
3675l1,4608
3675m1,112896
3675n1,768
3675o1,12600
3675p1,11520
3675q1,1980
3678a1,2992
3678b1,480
3678c1,720
3678d1,2240
3678e1,6160
3678f1,1440
3678g1,2016
3680a1,4032
3680b1,13120
3680c1,576
3680d1,704
3680e1,13120
3680f1,576
3680g1,704
3680h1,4032
3680i1,576
3680j1,576
3681a1,384
3681b1,1920
3682a1,1440
3682b1,672
3682c1,1152
3684a1,360
3684b1,336
3684c1,816
3684d1,1080
3684e1,1026
3685a1,32000
3686a1,320
3686b1,15120
3686c1,576
3686d1,150528
3686e1,2048
3687a1,480
3690a1,864
3690b1,5600
3690c1,22176
3690d1,12288
3690e1,960
3690f1,9216
3690g1,15680
3690h1,2560
3690i1,53760
3690j1,1536
3690k1,960
3690l1,9216
3690m1,7392
3690n1,16800
3690o1,864
3690p1,3072
3690q1,1536
3690r1,3072
3690s1,2048
3690t1,1536
3690u1,14400
3694a1,820
3694b1,272
3695a1,280
3695b1,672
3696a1,1344
3696b1,960
3696c1,1344
3696d1,2048
3696e1,2880
3696f1,192
3696g1,1536
3696h1,7680
3696i1,23040
3696j1,320
3696k1,768
3696l1,576
3696m1,12960
3696n1,2304
3696o1,288
3696p1,1440
3696q1,4608
3696r1,99840
3696s1,480
3696t1,1248
3696u1,768
3696v1,288
3696w1,1280
3696x1,16128
3696y1,1440
3696z1,11520
3696ba1,1536
3696bb1,16800
3698a1,14448
3698b1,336
3699a1,216
3699b1,648
3700a1,960
3700b1,3456
3700c1,432
3700d1,2304
3700e1,299520
3700f1,2160
3702a1,1440
3702b1,8736
3702c1,12320
3702d1,1680
3702e1,1760
3702f1,208
3702g1,960
3703a1,2640
3705a1,48384
3705b1,25200
3705c1,2112
3705d1,5616
3705e1,1792
3705f1,576
3705g1,256
3705h1,2352
3706a1,208
3706b1,1376
3706c1,1296
3706d1,137376
3706e1,816
3706f1,1296
3706g1,624
3707a1,370
3708a1,960
3708b1,3120
3708c1,1728
3710a1,2176
3712a1,1152
3712b1,640
3712c1,384
3712d1,2496
3712e1,320
3712f1,320
3712g1,192
3712h1,1152
3712i1,192
3712j1,2496
3712k1,2496
3712l1,640
3712m1,384
3712n1,576
3712o1,576
3712p1,2496
3714a1,384
3714b1,5096
3714c1,7200
3714d1,672
3714e1,3600
3714f1,2464
3714g1,640
3715a1,504
3717a1,1056
3717b1,352
3717c1,960
3718a1,20160
3718b1,2016
3718c1,4680
3718d1,5520
3718e1,2880
3718f1,17472
3718g1,10080
3718h1,349440
3718i1,504
3718j1,2184
3718k1,768
3718l1,26880
3718m1,6552
3718n1,28392
3718o1,9984
3718p1,4032
3718q1,10080
3718r1,360
3718s1,71760
3718t1,37440
3720a1,768
3720b1,1152
3720c1,2560
3720d1,768
3720e1,3456
3720f1,1568
3720g1,768
3720h1,36960
3721a1,7440
3722a1,4420
3722b1,140
3723a1,432
3723b1,1328
3723c1,864
3724a1,1440
3724b1,1980
3726a1,1152
3726b1,11520
3726c1,864
3726d1,1848
3726e1,11520
3726f1,864
3726g1,384
3726h1,5544
3728a1,256
3728b1,768
3728c1,864
3728d1,480
3729a1,1024
3729b1,688
3730a1,608
3730b1,114000
3730c1,1680
3731a1,960
3731b1,4200
3731c1,2720
3731d1,360
3732a1,456
3735a1,1840
3735b1,5520
3735c1,24960
3735d1,1568
3735e1,768
3736a1,240
3737a1,2112
3737b1,4320
3737c1,2256
3738a1,1080
3738b1,34680
3738c1,640
3738d1,576
3738e1,344
3740a1,1440
3740b1,1584
3740c1,29760
3741a1,2280
3741b1,472
3741c1,40488
3742a1,720
3742b1,560
3744a1,256
3744b1,768
3744c1,1024
3744d1,6144
3744e1,512
3744f1,512
3744g1,480
3744h1,3072
3744i1,256
3744j1,768
3744k1,1024
3744l1,6144
3744m1,2560
3744n1,2560
3744o1,480
3744p1,3072
3745a1,484
3746a1,768
3746b1,3840
3752a1,864
3752b1,3456
3752c1,1728
3752d1,5184
3752e1,288
3752f1,640
3752g1,192
3752h1,4992
3752i1,5760
3752j1,256
3752k1,5760
3752l1,3584
3752m1,704
3755a1,2000
3756a1,408
3757a1,6912
3757b1,34560
3757c1,8704
3757d1,512
3758a1,464
3758b1,288
3758c1,400
3758d1,805
3758e1,1200
3758f1,1344
3759a1,1728
3759b1,320
3759c1,7168
3759d1,768
3760a1,256
3760b1,2560
3760c1,800
3760d1,6912
3760e1,768
3760f1,4320
3760g1,720
3760h1,1536
3760i1,1920
3760j1,18480
3760k1,1440
3760l1,2688
3760m1,768
3760n1,336
3760o1,288
3760p1,7680
3760q1,8064
3762a1,18720
3762b1,1440
3762c1,4800
3762d1,2048
3762e1,784
3762f1,640
3762g1,9408
3762h1,6144
3762i1,6144
3762j1,3120
3762k1,31680
3762l1,1440
3762m1,6240
3762n1,1536
3762o1,7680
3762p1,3584
3762q1,39936
3762r1,960
3765a1,4752
3765b1,336
3766a1,2340
3768a1,1200
3768b1,1056
3768c1,384
3768d1,8448
3768e1,1536
3770a1,19200
3770b1,2880
3770c1,1320
3770d1,12288
3770e1,76800
3770f1,600
3770g1,1536
3774a1,13328
3774b1,1360
3774c1,34560
3774d1,3072
3774e1,2304
3774f1,166320
3774g1,35840
3774h1,624
3774i1,768
3774j1,9600
3774k1,3840
3774l1,3840
3774m1,336
3774n1,18480
3774o1,384
3774p1,8448
3774q1,1152
3774r1,1248
3775a1,480
3775b1,384
3775c1,960
3775d1,127296
3775e1,2304
3775f1,1056
3776a1,256
3776b1,768
3776c1,192
3776d1,384
3776e1,7296
3776f1,2304
3776g1,768
3776h1,448
3776i1,1152
3776j1,640
3776k1,1792
3776l1,448
3776m1,2304
3776n1,768
3776o1,512
3776p1,1152
3776q1,3072
3776r1,1792
3776s1,640
3776t1,512
3776u1,256
3776v1,768
3776w1,192
3776x1,384
3776y1,7296
3776z1,3072
3777a1,2784
3777b1,672
3777c1,168
3778a1,516
3778b1,552
3779a1,292
3780a1,20160
3780b1,432
3780c1,1440
3780d1,864
3780e1,4320
3780f1,864
3780g1,60480
3780h1,1296
3781a1,520
3782a1,896
3782b1,3744
3782c1,1568
3783a1,1440
3784a1,224
3784b1,576
3784c1,448
3784d1,504
3784e1,864
3784f1,1440
3784g1,224
3785a1,4212
3785b1,450
3785c1,888
3785d1,492
3786a1,384
3786b1,1344
3786c1,3328
3786d1,480
3786e1,480
3786f1,2240
3786g1,60960
3787a1,280
3790a1,520
3790b1,2376
3792a1,320
3792b1,22464
3792c1,384
3792d1,960
3792e1,504
3792f1,4032
3792g1,3456
3794a1,544
3794b1,9152
3794c1,448
3794d1,416
3795a1,3920
3795b1,960
3795c1,576
3795d1,45360
3795e1,8208
3795f1,4928
3795g1,1664
3795h1,384
3795i1,39744
3795j1,2688
3795k1,640
3797a1,568
3798a1,3072
3798b1,768
3798c1,1280
3798d1,768
3798e1,5120
3799a1,536
3800a1,1536
3800b1,8960
3800c1,1120
3800d1,53760
3800e1,1536
3800f1,11520
3800g1,1152
3800h1,2304
3800i1,1792
3801a1,6800
3801b1,336
3801c1,7440
3801d1,336
3801e1,256
3802a1,672
3802b1,656
3802c1,2200
3802d1,4840
3803a1,492
3805a1,208
3806a1,1280
3806b1,1440
3806c1,1952
3806d1,1728
3806e1,288
3806f1,6944
3806g1,10944
3806h1,1728
3806i1,480
3806j1,1344
3806k1,190080
3806l1,8160
3807a1,156
3807b1,288
3807c1,756
3807d1,252
3807e1,864
3807f1,468
3808a1,896
3808b1,896
3809a1,160
3810a1,624
3810b1,11232
3810c1,3024
3810d1,576
3810e1,2880
3810f1,3120
3810g1,1760
3811a1,972
3813a1,75600
3813b1,432
3813c1,9600
3814a1,768
3815a1,2176
3815b1,896
3816a1,2304
3816b1,1664
3818a1,1216
3818b1,2304
3818c1,288
3818d1,3584
3818e1,6208
3819a1,408
3819b1,480
3819c1,440
3819d1,512
3822a1,19152
3822b1,576
3822c1,28224
3822d1,4608
3822e1,37440
3822f1,10368
3822g1,2880
3822h1,1920
3822i1,4800
3822j1,33600
3822k1,20160
3822l1,5760
3822m1,11520
3822n1,2736
3822o1,4032
3822p1,4032
3822q1,262080
3822r1,10752
3822s1,24640
3822t1,1008
3822u1,12240
3822v1,56448
3822w1,8640
3822x1,2304
3822y1,2240
3822z1,64512
3822ba1,85680
3822bb1,9216
3822bc1,7056
3822bd1,60480
3822be1,320
3822bf1,1536
3822bg1,228480
3822bh1,3520
3824a1,336
3824b1,168
3825a1,4608
3825b1,3360
3825c1,1536
3825d1,1120
3825e1,1728
3825f1,3840
3825g1,360
3825h1,2304
3825i1,1024
3825j1,4608
3825k1,768
3825l1,1800
3825m1,12800
3825n1,23040
3825o1,2560
3826a1,544
3827a1,1104
3829a1,168
3829b1,240
3830a1,1080
3830b1,832
3830c1,336
3830d1,10944
3830e1,336
3834a1,3240
3834b1,576
3834c1,1848
3834d1,1152
3834e1,648
3834f1,6480
3834g1,432
3834h1,16128
3834i1,16128
3834j1,9720
3834k1,1728
3834l1,384
3834m1,216
3834n1,2160
3834o1,1296
3834p1,5544
3835a1,49392
3835b1,816
3836a1,504
3836b1,264
3836c1,2520
3838a1,1440
3839a1,1056
3840a1,768
3840b1,256
3840c1,768
3840d1,384
3840e1,5376
3840f1,768
3840g1,384
3840h1,1152
3840i1,256
3840j1,768
3840k1,1152
3840l1,768
3840m1,5376
3840n1,768
3840o1,1152
3840p1,768
3840q1,5376
3840r1,1152
3840s1,256
3840t1,768
3840u1,768
3840v1,5376
3840w1,768
3840x1,768
3840y1,384
3840z1,768
3840ba1,256
3840bb1,384
3842a1,480
3842b1,2688
3843a1,960
3843b1,320
3843c1,1080
3843d1,51840
3843e1,7616
3843f1,25920
3843g1,768
3843h1,528
3843i1,21120
3843j1,840
3844a1,5760
3844b1,11904
3844c1,5760
3844d1,384
3845a1,232
3846a1,2808
3846b1,1320
3846c1,10920
3846d1,264
3846e1,896
3846f1,1080
3848a1,2432
3848b1,832
3849a1,4560
3849b1,200
3849c1,1120
3850a1,288
3850b1,38880
3850c1,4608
3850d1,13824
3850e1,25920
3850f1,3072
3850g1,8160
3850h1,2688
3850i1,5760
3850j1,9600
3850k1,2400
3850l1,672
3850m1,3360
3850n1,6144
3850o1,13824
3850p1,1536
3850q1,1632
3850r1,1920
3850s1,61440
3850t1,2400
3850u1,6144
3850v1,2048
3850w1,13440
3850x1,1152
3850y1,194400
3850z1,1440
3850ba1,1920
3850bb1,5184
3851a1,578
3852a1,576
3852b1,1728
3852c1,384
3852d1,1728
3852e1,1728
3852f1,1152
3852g1,1296
3852h1,3456
3852i1,384
3852j1,540
3852k1,15552
3852l1,960
3852m1,1728
3852n1,1620
3853a1,162
3854a1,720
3856a1,640
3856b1,336
3856c1,288
3856d1,2688
3857a1,1728
3857b1,4992
3858a1,1088
3859a1,312
3860a1,552
3861a1,192
3861b1,1224
3861c1,576
3861d1,168
3861e1,504
3861f1,3672
3864a1,5376
3864b1,2400
3864c1,1120
3864d1,1280
3864e1,2048
3864f1,1632
3867a1,544
3867b1,304
3867c1,576
3867d1,460
3870a1,13824
3870b1,768
3870c1,1536
3870d1,9216
3870e1,3840
3870f1,14400
3870g1,2304
3870h1,5120
3870i1,40320
3870j1,1728
3870k1,23040
3870l1,512
3870m1,9216
3870n1,4608
3870o1,2304
3870p1,1920
3870q1,84480
3870r1,2304
3870s1,3840
3870t1,1280
3870u1,8547840
3870v1,896
3870w1,84480
3870x1,768
3870y1,1536
3870z1,15360
3871a1,756
3872a1,2640
3872b1,720
3872c1,3840
3872d1,4224
3872e1,4224
3872f1,11520
3872g1,11520
3872h1,240
3872i1,3840
3872j1,3840
3872k1,3840
3872l1,384
3872m1,384
3874a1,11088
3874b1,3600
3874c1,768
3874d1,1344
3874e1,4864
3874f1,448
3876a1,1056
3876b1,30240
3876c1,8352
3876d1,336
3876e1,960
3877a1,186
3878a1,384
3879a1,768
3879b1,256
3879c1,560
3879d1,864
3879e1,25920
3879f1,960
3879g1,300
3879h1,3984
3879i1,1088
3880a1,1056
3880b1,1104
3882a1,1176
3882b1,1344
3882c1,432
3882d1,1040
3882e1,864
3882f1,1120
3883a1,168
3883b1,7992
3885a1,3584
3885b1,10800
3885c1,640
3885d1,1152
3885e1,336
3885f1,3024
3885g1,1280
3885h1,3072
3885i1,240
3885j1,3024
3885k1,34560
3886a1,16128
3886b1,960
3886c1,1664
3886d1,5100
3886e1,3996
3886f1,324
3886g1,864
3886h1,240
3886i1,1680
3887a1,4680
3887b1,360
3888a1,288
3888b1,864
3888c1,864
3888d1,864
3888e1,288
3888f1,288
3888g1,432
3888h1,1296
3888i1,2592
3888j1,864
3888k1,216
3888l1,432
3888m1,648
3888n1,2592
3888o1,2592
3888p1,216
3888q1,864
3888r1,864
3888s1,432
3888t1,216
3888u1,864
3888v1,864
3891a1,1008
3891b1,168
3891c1,2496
3892a1,1008
3892b1,360
3894a1,4032
3894b1,4032
3894c1,576
3894d1,640
3894e1,1440
3894f1,6720
3894g1,1920
3894h1,19008
3894i1,343200
3894j1,1440
3894k1,28800
3894l1,9408
3894m1,24480
3894n1,576
3894o1,864
3894p1,17472
3895a1,8736
3895b1,576
3895c1,8640
3895d1,704
3895e1,576
3895f1,1248
3897a1,3072
3897b1,1024
3897c1,672
3897d1,10368
3897e1,864
3898a1,2880
3898b1,432
3899a1,384
3900a1,1728
3900b1,5184
3900c1,1728
3900d1,4608
3900e1,672
3900f1,2880
3900g1,16800
3900h1,960
3900i1,37440
3900j1,576
3900k1,2304
3900l1,84000
3900m1,25920
3900n1,3360
3902a1,264
3902b1,1728
3902c1,1248
3902d1,216
3902e1,924
3903a1,10640
3904a1,384
3904b1,1536
3904c1,1024
3904d1,256
3904e1,256
3904f1,576
3904g1,576
3904h1,384
3904i1,1536
3904j1,1024
3905a1,880
3905b1,448
3905c1,384
3906a1,44800
3906b1,15360
3906c1,1920
3906d1,11648
3906e1,6720
3906f1,1152
3906g1,6144
3906h1,18432
3906i1,1024
3906j1,2688
3906k1,1920
3906l1,1440
3906m1,134400
3906n1,768
3906o1,16896
3906p1,1536
3906q1,46080
3906r1,23040
3906s1,26880
3906t1,3072
3906u1,4608
3906v1,3840
3906w1,8064
3907a1,171
3910a1,1040
3910b1,576
3910c1,30000
3910d1,608
3910e1,15680
3910f1,19440
3910g1,2160
3910h1,2160
3910i1,15840
3910j1,1056
3910k1,864
3910l1,80640
3910m1,1232
3910n1,512
3910o1,720
3910p1,8448
3910q1,4400
3912a1,576
3912b1,1152
3912c1,2496
3913a1,10656
3914a1,448
3914b1,832
3914c1,105280
3914d1,1152
3914e1,1360
3915a1,1440
3915b1,6720
3915c1,1980
3915d1,6720
3915e1,660
3915f1,480
3915g1,264
3915h1,11592
3915i1,24192
3915j1,540
3915k1,3864
3915l1,72576
3915m1,792
3915n1,1620
3916a1,1872
3918a1,400
3920a1,6720
3920b1,576
3920c1,10080
3920d1,576
3920e1,12544
3920f1,768
3920g1,5376
3920h1,23040
3920i1,4032
3920j1,1792
3920k1,5376
3920l1,960
3920m1,1536
3920n1,1440
3920o1,768
3920p1,4032
3920q1,1728
3920r1,1440
3920s1,4032
3920t1,20160
3920u1,2304
3920v1,384
3920w1,3840
3920x1,2016
3920y1,13440
3920z1,14112
3920ba1,4608
3920bb1,2688
3920bc1,2304
3920bd1,576
3920be1,12096
3920bf1,720
3920bg1,10080
3920bh1,26880
3920bi1,1920
3920bj1,2880
3920bk1,11520
3920bl1,576
3922a1,1008
3922b1,40400
3924a1,864
3924b1,864
3924c1,576
3924d1,1152
3924e1,1056
3924f1,960
3926a1,1344
3926b1,448
3926c1,2880
3927a1,14400
3927b1,960
3927c1,1152
3927d1,11520
3927e1,448
3928a1,384
3928b1,144
3930a1,8704
3930b1,3072
3930c1,2592
3930d1,59040
3930e1,2016
3930f1,16128
3930g1,1536
3931a1,184
3932a1,198
3932b1,246
3933a1,6240
3933b1,960
3933c1,7680
3933d1,1920
3933e1,3072
3933f1,4608
3934a1,800
3936a1,448
3936b1,448
3936c1,288
3936d1,2304
3936e1,288
3936f1,2304
3938a1,1080
3939a1,2280
3939b1,208
3939c1,528
3939d1,680
3940a1,312
3940b1,552
3940c1,1224
3940d1,1824
3940e1,432
3940f1,600
3940g1,4200
3941a1,272
3942a1,648
3942b1,8448
3942c1,1584
3942d1,25344
3942e1,528
3942f1,1944
3944a1,26880
3944b1,512
3945a1,1280
3945b1,432
3945c1,10080
3947a1,90
3948a1,5280
3948b1,2640
3948c1,432
3948d1,8160
3948e1,23328
3949a1,2952
3950a1,6720
3950b1,43320
3950c1,3072
3950d1,768
3950e1,3480
3950f1,3456
3950g1,1120
3950h1,1440
3950i1,8664
3950j1,696
3952a1,160
3952b1,160
3952c1,53040
3952d1,816
3952e1,480
3952f1,3648
3952g1,960
3952h1,1680
3952i1,432
3952j1,7488
3954a1,392
3954b1,432
3954c1,294000
3954d1,480
3954e1,33120
3954f1,2400
3954g1,14688
3954h1,4032
3955a1,648
3955b1,14040
3955c1,504
3956a1,528
3956b1,13104
3956c1,528
3956d1,354
3957a1,440
3957b1,412
3958a1,260
3959a1,560
3959b1,1648
3959c1,2000
3960a1,1280
3960b1,2048
3960c1,12288
3960d1,2048
3960e1,4096
3960f1,2048
3960g1,3072
3960h1,1024
3960i1,512
3960j1,12288
3960k1,2048
3960l1,3072
3960m1,3840
3960n1,1024
3960o1,2016
3960p1,9216
3960q1,6144
3960r1,1024
3960s1,1536
3960t1,15360
3961a1,316
3961b1,520
3962a1,5400
3962b1,2484
3962c1,1416
3965a1,7488
3965b1,416
3966a1,868
3966b1,1632
3966c1,1120
3966d1,348
3967a1,156
3969a1,1260
3969b1,1152
3969c1,180
3969d1,3456
3969e1,3780
3969f1,540
3970a1,1008
3971a1,8640
3971b1,1440
3972a1,816
3972b1,336
3972c1,504
3972d1,288
3972e1,960
3972f1,312
3974a1,960
3974b1,384
3974c1,1664
3975a1,15840
3975b1,11424
3975c1,27720
3975d1,2880
3975e1,2400
3975f1,1760
3975g1,176
3975h1,4320
3975i1,480
3975j1,1920
3975k1,880
3975l1,57120
3975m1,5544
3975n1,352
3976a1,512
3978a1,8192
3978b1,6144
3978c1,1152
3978d1,14336
3978e1,3072
3978f1,253440
3978g1,1024
3978h1,1536
3978i1,25600
3978j1,1024
3980a1,336
3981a1,224
3981b1,800
3983a1,256
3984a1,1248
3984b1,1920
3984c1,2496
3984d1,672
3984e1,576
3984f1,1536
3984g1,512
3984h1,1080
3987a1,340
3987b1,1020
3987c1,672
3987d1,1488
3987e1,360
3987f1,336
3988a1,624
3988b1,1200
3990a1,1152
3990b1,6720
3990c1,766080
3990d1,65520
3990e1,5040
3990f1,1008
3990g1,26880
3990h1,49280
3990i1,5760
3990j1,56320
3990k1,2304
3990l1,16128
3990m1,3072
3990n1,3024
3990o1,20160
3990p1,6144
3990q1,768
3990r1,70224
3990s1,576
3990t1,9216
3990u1,3072
3990v1,73920
3990w1,4480
3990x1,1200
3990y1,7680
3990z1,2640
3990ba1,14857920
3990bb1,7680
3990bc1,896
3992a1,504
3992b1,528
3994a1,360
3994b1,4928
3994c1,1152
3995a1,3552320
3995b1,3660
3995c1,840
3995d1,288
3995e1,660
3997a1,384
3997b1,396
3998a1,528
3998b1,590
3998c1,304
3998d1,384
3998e1,5760
3999a1,480
4002a1,896
4002b1,7392
4002c1,1344
4002d1,3840
4002e1,7680
4002f1,12288
4002g1,2112
4002h1,864
4002i1,10080
4002j1,3456
4002k1,8064
4002l1,960
4002m1,1440
4002n1,1152
4002o1,5760
4002p1,33120
4002q1,5760
4002r1,16416
4004a1,3168
4004b1,1368
4004c1,840
4005a1,576
4005b1,1728
4005c1,1792
4005d1,2560
4006a1,208
4006b1,1456
4006c1,840
4008a1,1760
4008b1,640
4008c1,576
4008d1,1792
4009a1,480
4010a1,528
4010b1,760
4010c1,11984
4010d1,1344
4010e1,4200
4010f1,768
4011a1,2336
4011b1,1360
4011c1,2376
4011d1,2260
4012a1,1056
4012b1,288
4012c1,2208
4013a1,430
4014a1,2880
4014b1,2688
4014c1,864
4014d1,1680
4014e1,8640
4014f1,896
4014g1,720
4014h1,2688
4014i1,1232
4015a1,200
4017a1,624
4017b1,336
4017c1,1008
4018a1,1344
4018b1,2304
4018c1,5760
4018d1,192
4018e1,1152
4018f1,1152
4018g1,391680
4018h1,23040
4018i1,10752
4018j1,16128
4018k1,5760
4018l1,5544
4018m1,4224
4018n1,5760
4018o1,576
4018p1,792
4018q1,3456
4018r1,4032
4018s1,169344
4020a1,960
4021a1,422
4022a1,754
4024a1,320
4024b1,384
4024c1,416
4025a1,640
4025b1,3456
4025c1,8640
4025d1,8640
4025e1,137280
4025f1,2720
4025g1,544
4026a1,672
4026b1,58320
4026c1,27216
4026d1,1456
4026e1,592
4026f1,23520
4026g1,51680
4026h1,1248
4026i1,5328
4026j1,704
4028a1,324
4028b1,444
4029a1,1656
4029b1,480
4030a1,1568
4032a1,512
4032b1,1536
4032c1,512
4032d1,1536
4032e1,512
4032f1,1024
4032g1,1024
4032h1,2048
4032i1,6144
4032j1,1536
4032k1,7680
4032l1,1536
4032m1,512
4032n1,1536
4032o1,3072
4032p1,1536
4032q1,7680
4032r1,1536
4032s1,512
4032t1,512
4032u1,1536
4032v1,512
4032w1,1536
4032x1,512
4032y1,1536
4032z1,1536
4032ba1,768
4032bb1,1536
4032bc1,1024
4032bd1,3072
4032be1,1024
4032bf1,1536
4032bg1,768
4032bh1,1024
4032bi1,1024
4032bj1,1024
4032bk1,1024
4032bl1,6144
4032bm1,2048
4032bn1,1536
4033a1,334
4033b1,7560
4035a1,1728
4038a1,480
4038b1,416
4038c1,576
4038d1,5376
4040a1,2688
4040b1,1280
4040c1,960
4040d1,384
4041a1,2016
4042a1,1020
4042b1,676
4042c1,720
4043a1,4920
4044a1,264
4044b1,600
4045a1,7680
4046a1,288
4046b1,1536
4046c1,23040
4046d1,4032
4046e1,2304
4046f1,68544
4046g1,4896
4046h1,34816
4046i1,4608
4046j1,51408
4046k1,2016
4046l1,32256
4046m1,720
4046n1,19584
4046o1,2048
4046p1,1152
4046q1,4608
4046r1,3024
4046s1,34272
4046t1,12240
4047a1,4272
4047b1,912
4048a1,192
4048b1,4800
4048c1,4800
4048d1,264
4048e1,960
4048f1,2496
4048g1,2112
4048h1,576
4048i1,68544
4048j1,864
4048k1,55104
4048l1,1344
4050a1,6480
4050b1,1728
4050c1,3456
4050d1,432
4050e1,648
4050f1,864
4050g1,1296
4050h1,25920
4050i1,2400
4050j1,1056
4050k1,1296
4050l1,15840
4050m1,2160
4050n1,2700
4050o1,5184
4050p1,540
4050q1,1440
4050r1,3240
4050s1,6480
4050t1,1728
4050u1,432
4050v1,1296
4050w1,540
4050x1,5184
4050y1,25920
4050z1,3168
4050ba1,1296
4050bb1,480
4050bc1,5280
4050bd1,2160
4050be1,3240
4050bf1,3456
4050bg1,648
4050bh1,864
4050bi1,7200
4050bj1,2700
4051a1,90
4053a1,1152
4053b1,9216
4053c1,11520
4053d1,1536
4053e1,1152
4053f1,768
4053g1,1024
4053h1,51072
4056a1,1152
4056b1,6240
4056c1,7680
4056d1,40320
4056e1,4992
4056f1,2688
4056g1,9984
4056h1,8064
4056i1,7488
4056j1,2304
4056k1,2688
4056l1,480
4056m1,5376
4056n1,99840
4056o1,384
4056p1,2688
4056q1,768
4056r1,576
4056s1,29952
4059a1,2496
4059b1,1600
4059c1,5760
4059d1,1152
4059e1,1080
4060a1,672
4060b1,5760
4060c1,2592
4060d1,768
4060e1,960
4060f1,5760
4060g1,14400
4064a1,608
4064b1,544
4064c1,544
4064d1,608
4065a1,8400
4065b1,7200
4065c1,1120
4065d1,1040
4065e1,720
4066a1,1440
4066b1,3312
4066c1,384
4066d1,5168
4067a1,1092
4067b1,156
4067c1,660
4068a1,672
4068b1,671328
4068c1,864
4068d1,768
4068e1,3360
4068f1,864
4069a1,328
4069b1,2600
4069c1,728
4070a1,49920
4070b1,896
4070c1,552
4070d1,2600
4070e1,17920
4070f1,1408
4071a1,456
4074a1,10080
4074b1,10368
4074c1,84480
4074d1,285600
4074e1,1024
4074f1,1920
4074g1,6144
4074h1,1344
4074i1,5376
4074j1,4608
4074k1,4320
4074l1,16384
4074m1,4608
4075a1,2880
4075b1,480
4076a1,408
4077a1,192
4077b1,576
4078a1,705
4080a1,384
4080b1,320
4080c1,2496
4080d1,53760
4080e1,6720
4080f1,960
4080g1,640
4080h1,10560
4080i1,1152
4080j1,6720
4080k1,384
4080l1,3456
4080m1,17472
4080n1,576
4080o1,1536
4080p1,192
4080q1,2304
4080r1,288
4080s1,26880
4080t1,768
4080u1,1440
4080v1,3456
4080w1,8064
4080x1,4320
4080y1,480
4080z1,1920
4080ba1,24192
4080bb1,4608
4080bc1,576
4080bd1,2016
4080be1,3072
4080bf1,672
4081a1,2400
4081b1,10752
4081c1,1632
4082a1,1488
4083a1,456
4086a1,3520
4086b1,4032
4086c1,960
4086d1,1440
4087a1,15900
4087b1,2568
4087c1,220
4090a1,4256
4090b1,448
4090c1,7480
4090d1,864
4090e1,4216
4092a1,36480
4092b1,960
4092c1,4608
4092d1,672
4092e1,960
4094a1,1368
4094b1,864
4094c1,1400
4094d1,67200
4094e1,4928
4094f1,480
4094g1,1080
4095a1,12480
4095b1,2240
4095c1,448
4095d1,37440
4095e1,6720
4095f1,1344
4095g1,1024
4095h1,1536
4095i1,6144
4095j1,1536
4095k1,2048
4095l1,3840
4095m1,6912
4095n1,768
4097a1,376
4098a1,672
4098b1,2304
4098c1,432
4098d1,4680
4098e1,840
4098f1,7980
4098g1,4312
4098h1,1080
4098i1,1056
4098j1,860
4101a1,480
4101b1,366
4102a1,768
4102b1,24480
4102c1,672
4102d1,1024
4102e1,1232
4102f1,3744
4104a1,1440
4104b1,34272
4104c1,480
4104d1,11424
4105a1,896
4105b1,320
4105c1,1024
4106a1,9108
4106b1,828
4107a1,432
4107b1,15984
4108a1,1440
4110a1,320
4110b1,960
4110c1,6336
4110d1,190080
4110e1,3200
4110f1,1440
4110g1,25344
4110h1,2048
4110i1,2816
4110j1,1536
4110k1,2880
4110l1,2016
4110m1,57024
4110n1,5376
4110o1,6912
4112a1,288
4112b1,864
4112c1,672
4112d1,768
4112e1,512
4112f1,528
4112g1,144
4112h1,240
4112i1,3072
4112j1,768
4113a1,384
4114a1,2640
4114b1,2160
4114c1,4800
4114d1,240
4115a1,236
4118a1,1248
4118b1,1488
4119a1,960
4119b1,14592
4120a1,400
4120b1,10080
4120c1,14560
4120d1,1040
4120e1,224
4120f1,1440
4122a1,912
4122b1,1200
4122c1,304
4122d1,672
4122e1,6720
4123a1,144
4123b1,1360
4123c1,1296
4128a1,480
4128b1,416
4128c1,4224
4128d1,480
4128e1,1920
4128f1,768
4128g1,42240
4128h1,1920
4128i1,768
4128j1,42240
4128k1,384
4128l1,4224
4128m1,384
4128n1,416
4130a1,4032
4130b1,1440
4134a1,4896
4134b1,51968
4134c1,1344
4134d1,768
4134e1,1216
4134f1,1200
4134g1,8704
4135a1,3216
4136a1,768
4136b1,10560
4136c1,1920
4136d1,768
4136e1,3200
4136f1,4800
4137a1,12600
4138a1,498
4139a1,268
4140a1,1920
4140b1,5760
4140c1,10752
4140d1,720
4140e1,4032
4140f1,4320
4140g1,960
4140h1,2304
4140i1,1152
4140j1,5040
4140k1,349440
4141a1,2192
4142a1,33152
4142b1,678
4142c1,672
4142d1,352
4142e1,2592
4144a1,224
4144b1,8064
4144c1,384
4144d1,4896
4144e1,1728
4144f1,2304
4145a1,136
4146a1,1340
4147a1,2496
4147b1,4416
4147c1,2880
4148a1,9984
4149a1,448
4150a1,672
4150b1,49152
4150c1,3600
4150d1,7680
4150e1,1160
4150f1,30240
4150g1,4320
4150h1,10200
4150i1,2040
4150j1,6048
4150k1,1024
4150l1,6144
4150m1,864
4150n1,3360
4150o1,720
4150p1,232
4151a1,236
4152a1,2240
4152b1,240
4152c1,400
4154a1,760
4155a1,160
4155b1,396
4155c1,784
4155d1,720
4158a1,36288
4158b1,4032
4158c1,1800
4158d1,1152
4158e1,936
4158f1,8064
4158g1,12096
4158h1,864
4158i1,1440
4158j1,1152
4158k1,8064
4158l1,3240
4158m1,2592
4158n1,7776
4158o1,24192
4158p1,384
4158q1,5400
4158r1,2688
4158s1,12096
4158t1,4032
4158u1,1344
4158v1,1152
4158w1,480
4158x1,2592
4158y1,312
4158z1,1080
4158ba1,7776
4158bb1,864
4159a1,200
4159b1,3504
4160a1,1536
4160b1,4608
4160c1,512
4160d1,512
4160e1,512
4160f1,512
4160g1,1024
4160h1,1536
4160i1,15360
4160j1,1536
4160k1,1024
4160l1,1024
4160m1,512
4160n1,4608
4160o1,512
4160p1,1536
4160q1,15360
4160r1,768
4160s1,1024
4160t1,768
4161a1,5760
4161b1,768
4161c1,4608
4161d1,6912
4161e1,3136
4161f1,480
4162a1,354
4163a1,238
4164a1,504
4164b1,2310
4165a1,480
4165b1,648
4165c1,19320
4165d1,2304
4165e1,1200
4165f1,1344
4165g1,1440
4165h1,8400
4165i1,2760
4165j1,1440
4165k1,10080
4165l1,82368
4165m1,16128
4165n1,3360
4165o1,47040
4165p1,4536
4166a1,276
4167a1,224
4167b1,672
4167c1,1792
4170a1,816
4170b1,1920
4170c1,1440
4170d1,21600
4170e1,11520
4170f1,1280
4170g1,4032
4170h1,23040
4170i1,13520
4170j1,1920
4170k1,3264
4170l1,1120
4171a1,37632
4171b1,384
4171c1,448
4171d1,33600
4172a1,936
4172b1,1128
4173a1,1280
4173b1,720
4176a1,768
4176b1,1344
4176c1,256
4176d1,448
4176e1,1280
4176f1,5376
4176g1,768
4176h1,960
4176i1,11520
4176j1,768
4176k1,1280
4176l1,960
4176m1,2304
4176n1,5760
4176o1,31680
4176p1,1920
4176q1,5760
4176r1,1152
4176s1,1920
4176t1,10560
4176u1,1920
4176v1,1920
4176w1,384
4176x1,384
4176y1,5376
4176z1,384
4176ba1,9984
4176bb1,2304
4176bc1,2880
4176bd1,5760
4176be1,720
4176bf1,1920
4176bg1,1344
4176bh1,295680
4176bi1,960
4176bj1,6720
4176bk1,2688
4178a1,240
4178b1,468
4178c1,22368
4178d1,384
4178e1,2208
4178f1,960
4178g1,384
4178h1,1584
4178i1,52992
4178j1,2880
4179a1,2304
4179b1,1800
4179c1,480
4180a1,3840
4180b1,602112
4180c1,1536
4181a1,512
4181b1,432
4181c1,10368
4182a1,3584
4182b1,1200
4182c1,384
4182d1,8112
4182e1,3600
4182f1,2560
4182g1,3840
4182h1,265680
4184a1,680
4184b1,4400
4185a1,4608
4185b1,3240
4185c1,33696
4185d1,5184
4185e1,2304
4185f1,5184
4185g1,1536
4185h1,864
4185i1,1728
4185j1,6912
4185k1,1728
4185l1,1440
4185m1,288
4185n1,480
4185o1,1080
4185p1,11232
4186a1,4992
4188a1,480
4188b1,768
4190a1,960
4190b1,6016
4190c1,1536
4190d1,448
4190e1,896
4191a1,1056
4192a1,352
4192b1,352
4192c1,2976
4192d1,2976
4194a1,1920
4194b1,960
4194c1,480
4195a1,248
4197a1,896
4198a1,400
4198b1,344
4198c1,504
4199a1,240
4199b1,36432
4200a1,1536
4200b1,3840
4200c1,66528
4200d1,3072
4200e1,4608
4200f1,6720
4200g1,23040
4200h1,512
4200i1,1920
4200j1,672
4200k1,6144
4200l1,1536
4200m1,53760
4200n1,960
4200o1,3072
4200p1,2880
4200q1,1024
4200r1,46080
4200s1,576
4200t1,4800
4200u1,3360
4200v1,10752
4200w1,3072
4200x1,3072
4200y1,384
4200z1,1536
4200ba1,4608
4200bb1,4608
4200bc1,2560
4200bd1,332640
4200be1,1344
4200bf1,19200
4202a1,5200
4202b1,4400
4202c1,432
4203a1,476
4204a1,336
4204b1,2064
4205a1,3360
4208a1,512
4209a1,320
4209b1,336
4209c1,61344
4210a1,3600
4210b1,14080
4210c1,656
4210d1,368
4210e1,960
4210f1,896
4210g1,6960
4212a1,1080
4212b1,1080
4214a1,23040
4214b1,65280
4214c1,2304
4214d1,4032
4214e1,576
4215a1,4968
4215b1,496
4215c1,11088
4215d1,38376
4215e1,480
4215f1,312
4215g1,1152
4215h1,3600
4216a1,144
4216b1,496
4216c1,288
4216d1,10656
4216e1,912
4216f1,2368
4218a1,3080
4218b1,36960
4218c1,8232
4218d1,6440
4218e1,2592
4218f1,1120
4218g1,2496
4220a1,1620
4221a1,448
4221b1,2400
4221c1,27648
4221d1,23040
4221e1,2048
4221f1,1024
4221g1,1536
4221h1,6144
4222a1,1564
4224a1,1280
4224b1,384
4224c1,640
4224d1,768
4224e1,2688
4224f1,640
4224g1,640
4224h1,1280
4224i1,1280
4224j1,1280
4224k1,384
4224l1,768
4224m1,768
4224n1,2688
4224o1,2688
4224p1,640
4224q1,384
4224r1,384
4224s1,768
4224t1,2688
4225a1,2016
4225b1,8064
4225c1,14112
4225d1,432
4225e1,5616
4225f1,864
4225g1,11232
4225h1,10080
4225i1,14112
4225j1,4992
4225k1,1920
4225l1,28080
4225m1,384
4225n1,24960
4225o1,2160
4225p1,11232
4225q1,864
4226a1,384
4227a1,624
4227b1,728
4229a1,2184
4230a1,960
4230b1,1536
4230c1,1728
4230d1,82944
4230e1,11520
4230f1,4032
4230g1,3520
4230h1,510720
4230i1,2880
4230j1,4704
4230k1,7680
4230l1,960
4230m1,16128
4230n1,1536
4230o1,2400
4230p1,134400
4230q1,170240
4230r1,8640
4230s1,3840
4230t1,1344
4230u1,10560
4230v1,4608
4230w1,1728
4230x1,82944
4230y1,320
4230z1,3360
4230ba1,1536
4230bb1,9600
4230bc1,8960
4230bd1,6400
4230be1,126720
4230bf1,1920
4230bg1,19200
4230bh1,2304
4232a1,6336
4232b1,480
4232c1,4224
4232d1,11040
4232e1,12672
4232f1,384
4232g1,8832
4232h1,4224
4232i1,30912
4232j1,1344
4233a1,1728
4234a1,464
4234b1,3504
4235a1,2400
4235b1,900
4235c1,26400
4235d1,3168
4235e1,3840
4235f1,288
4235g1,7680
4236a1,756
4236b1,660
4238a1,5400
4238b1,1640
4238c1,408
4238d1,848
4239a1,2232
4239b1,1632
4239c1,4896
4239d1,744
4240a1,384
4240b1,1920
4240c1,1152
4240d1,768
4240e1,2688
4240f1,576
4240g1,28800
4242a1,2160
4242b1,1456
4242c1,2160
4245a1,248
4246a1,4200
4246b1,360
4248a1,1536
4248b1,2880
4248c1,480
4248d1,1568
4248e1,960
4248f1,512
4248g1,1440
4248h1,576
4248i1,560
4251a1,576
4251b1,4320
4251c1,1680
4251d1,416
4251e1,6480
4251f1,7200
4255a1,1280
4256a1,864
4256b1,864
4257a1,4800
4257b1,1344
4257c1,14400
4257d1,448
4257e1,6120
4258a1,600
4260a1,2880
4260b1,16896
4262a1,65964
4262b1,1292
4263a1,7056
4263b1,2520
4263c1,576
4263d1,1008
4263e1,1536
4263f1,4032
4263g1,18432
4263h1,17640
4264a1,416
4264b1,10720
4266a1,1080
4266b1,3024
4266c1,1944
4266d1,864
4266e1,4320
4266f1,456
4266g1,8640
4266h1,5616
4266i1,6120
4266j1,648
4266k1,1344
4266l1,12960
4266m1,5832
4266n1,2592
4266o1,2880
4266p1,1872
4266q1,2040
4266r1,4032
4266s1,360
4266t1,1008
4266u1,1368
4266v1,216
4268a1,384
4270a1,2688
4270b1,640
4270c1,352
4270d1,2880
4270e1,137280
4270f1,4480
4270g1,1280
4270h1,1536
4270i1,86400
4270j1,4320
4272a1,1920
4272b1,672
4272c1,720
4272d1,1152
4272e1,17136
4275a1,2560
4275b1,1536
4275c1,7680
4275d1,512
4275e1,1536
4275f1,4608
4275g1,13824
4275h1,40320
4275i1,13440
4275j1,3456
4275k1,864
4275l1,7680
4275m1,768
4275n1,8064
4275o1,512
4275p1,3840
4275q1,2560
4276a1,480
4277a1,304
4277b1,288
4277c1,2688
4278a1,6144
4278b1,122880
4278c1,16320
4278d1,268800
4278e1,672
4278f1,1440
4278g1,4608
4278h1,61440
4278i1,960
4278j1,126720
4278k1,99840
4278l1,10560
4278m1,448
4278n1,2560
4278o1,38880
4278p1,1728
4279a1,512
4279b1,256
4279c1,5760
4279d1,720
4279e1,5760
4279f1,3456
4280a1,432
4280b1,8640
4280c1,2496
4280d1,21952
4280e1,288
4280f1,448
4283a1,274
4284a1,15840
4284b1,5280
4284c1,1440
4284d1,480
4284e1,2880
4284f1,241920
4284g1,13824
4284h1,2304
4284i1,1728
4285a1,168
4286a1,1632
4286b1,204
4286c1,912
4286d1,2772
4286e1,5040
4286f1,1332
4288a1,400
4288b1,576
4288c1,288
4288d1,576
4288e1,288
4288f1,400
4289a1,872
4290a1,3072
4290b1,168960
4290c1,1680
4290d1,15360
4290e1,12288
4290f1,2560
4290g1,32256
4290h1,178640
4290i1,37632
4290j1,15600
4290k1,1536
4290l1,15120
4290m1,2560
4290n1,2160
4290o1,6912
4290p1,3840
4290q1,3072
4290r1,4608
4290s1,80640
4290t1,1152
4290u1,1161216
4290v1,2048
4290w1,6144
4290x1,336
4290y1,403200
4290z1,640
4290ba1,3584
4290bb1,13824
4290bc1,7680
4291a1,212
4291b1,3108
4292a1,10560
4292b1,1920
4292c1,2688
4294a1,864
4294b1,6804
4294c1,432
4294d1,2847600
4294e1,30240
4294f1,15120
4294g1,1248
4294h1,6300
4296a1,640
4296b1,384
4296c1,768
4296d1,3360
4296e1,7680
4299a1,512
4299b1,2304
4300a1,252
4300b1,1728
4300c1,1260
4302a1,1024
4302b1,10240
4304a1,480
4304b1,432
4305a1,32000
4305b1,2048
4305c1,1728
4305d1,1536
4305e1,7488
4305f1,2240
4305g1,576
4305h1,6144
4305i1,7680
4305j1,9216
4305k1,576
4305l1,2784
4305m1,3072
4305n1,14784
4306a1,720
4306b1,4400
4307a1,168
4307b1,3726
4307c1,180
4308a1,2112
4308b1,480
4308c1,1344
4310a1,1104
4310b1,1600
4312a1,8064
4312b1,4608
4312c1,1152
4312d1,3072
4312e1,46080
4312f1,2880
4312g1,4608
4312h1,1536
4312i1,1792
4312j1,256
4312k1,10752
4312l1,1536
4314a1,832
4314b1,384
4314c1,3024
4316a1,648
4317a1,648
4317b1,2240
4318a1,1024
4318b1,9216
4319a1,284
4320a1,2304
4320b1,480
4320c1,23040
4320d1,480
4320e1,23040
4320f1,768
4320g1,768
4320h1,1440
4320i1,7680
4320j1,2304
4320k1,1440
4320l1,7680
4323a1,16560
4325a1,3580
4325b1,716
4326a1,1440
4326b1,39744
4326c1,768
4326d1,768
4326e1,3840
4326f1,49920
4326g1,97440
4326h1,16800
4326i1,4608
4326j1,297600
4326k1,736
4326l1,3360
4326m1,2496
4326n1,768
4326o1,11520
4329a1,3648
4329b1,4800
4329c1,4928
4329d1,896
4329e1,1152
4329f1,17280
4330a1,336
4330b1,992
4330c1,1024
4330d1,2160
4332a1,18240
4332b1,960
4332c1,6480
4332d1,8640
4333a1,384
4333b1,317856
4335a1,9792
4335b1,102816
4335c1,117504
4335d1,1280
4335e1,6912
4335f1,576
4335g1,6048
4336a1,448
4336b1,1344
4336c1,2352
4337a1,704
4338a1,3072
4338b1,3072
4338c1,1024
4338d1,2688
4338e1,2560
4338f1,7680
4338g1,7680
4338h1,1536
4339a1,223
4340a1,1728
4342a1,1584
4342b1,1872
4342c1,2304
4342d1,1680
4342e1,10560
4342f1,30240
4342g1,1296
4342h1,43008
4342i1,1664
4343a1,352
4343b1,25328
4343c1,1152
4343d1,1392
4344a1,1568
4344b1,720
4344c1,2080
4344d1,6336
4344e1,640
4344f1,165664
4346a1,8928
4346b1,720
4347a1,816
4347b1,972
4347c1,1692
4347d1,4560
4347e1,2304
4347f1,2916
4347g1,2448
4347h1,6912
4347i1,13680
4347j1,564
4348a1,414
4350a1,38400
4350b1,1536
4350c1,480
4350d1,3920
4350e1,21120
4350f1,1024
4350g1,6144
4350h1,10240
4350i1,4032
4350j1,1680
4350k1,89760
4350l1,26880
4350m1,2304
4350n1,6144
4350o1,1280
4350p1,6912
4350q1,166320
4350r1,6144
4350s1,34560
4350t1,448800
4350u1,4608
4350v1,5616
4350w1,20160
4350x1,2400
4350y1,105600
4350z1,5120
4350ba1,30720
4350bb1,2048
4352a1,1024
4352b1,1024
4352c1,384
4352d1,384
4352e1,1024
4352f1,1024
4352g1,384
4352h1,384
4354a1,400
4354b1,1280
4354c1,2160
4354d1,8208
4354e1,1728
4355a1,408
4355b1,38400
4355c1,4608
4355d1,292
4356a1,288
4356b1,3168
4356c1,1440
4356d1,12672
4356e1,1152
4356f1,5760
4356g1,28800
4356h1,7200
4356i1,8064
4356j1,88704
4356k1,4032
4356l1,44352
4357a1,364
4360a1,736
4360b1,448
4360c1,1056
4360d1,960
4361a1,4608
4361b1,900
4361c1,576
4362a1,1092
4362b1,1600
4362c1,840
4362d1,1536
4362e1,1176
4364a1,750
4364b1,396
4365a1,384
4365b1,1280
4365c1,1536
4365d1,84480
4365e1,3072
4365f1,11520
4365g1,1120
4365h1,23040
4367a1,4536
4367b1,312
4368a1,7680
4368b1,8064
4368c1,768
4368d1,1024
4368e1,1792
4368f1,640
4368g1,10560
4368h1,887040
4368i1,1792
4368j1,576
4368k1,4608
4368l1,768
4368m1,1024
4368n1,28224
4368o1,1152
4368p1,5184
4368q1,26880
4368r1,960
4368s1,960
4368t1,2304
4368u1,2304
4368v1,576
4368w1,1920
4368x1,1920
4368y1,114240
4368z1,2880
4368ba1,5760
4369a1,1248
4370a1,3168
4371a1,81900
4371b1,1248
4371c1,2100
4372a1,1185
4376a1,256
4376b1,1600
4376c1,560
4376d1,1320
4376e1,240
4376f1,192
4377a1,232
4378a1,1160
4378b1,792
4379a1,660
4379b1,568
4382a1,4488
4384a1,608
4384b1,608
4385a1,1530
4385b1,7600
4385c1,784
4386a1,6480
4386b1,114240
4386c1,1680
4386d1,7680
4386e1,3456
4386f1,14080
4386g1,1440
4386h1,1920
4386i1,1680
4386j1,7056
4386k1,672
4386l1,704
4386m1,240
4386n1,7680
4387a1,480
4387b1,680
4389a1,3696
4389b1,208
4389c1,82320
4389d1,2640
4389e1,9360
4389f1,1728
4389g1,2160
4389h1,1008
4389i1,704
4389j1,10304
4389k1,5200
4390a1,752
4390b1,960
4390c1,2234624
4390d1,280
4390e1,2520
4390f1,1400
4392a1,1920
4392b1,1536
4392c1,7680
4392d1,10752
4392e1,768
4392f1,2560
4393a1,948
4395a1,576
4396a1,2328
4396b1,360
4396c1,648
4400a1,768
4400b1,2304
4400c1,13824
4400d1,6912
4400e1,1728
4400f1,3200
4400g1,640
4400h1,1920
4400i1,384
4400j1,3840
4400k1,768
4400l1,16128
4400m1,1120
4400n1,11520
4400o1,1152
4400p1,3168
4400q1,1536
4400r1,2304
4400s1,864
4400t1,3456
4400u1,864
4400v1,1152
4400w1,5760
4400x1,1152
4400y1,5760
4400z1,15840
4400ba1,384
4400bb1,1920
4400bc1,4320
4400bd1,4224
4400be1,21120
4402a1,2736
4402b1,2880
4403a1,320
4403b1,197316
4403c1,4240
4403d1,1008
4404a1,1080
4404b1,3024
4404c1,1584
4404d1,2088
4404e1,7344
4404f1,528
4404g1,1950
4407a1,608
4407b1,416
4407c1,224352
4407d1,4320
4407e1,5280
4408a1,896
4408b1,2688
4410a1,7168
4410b1,53760
4410c1,2880
4410d1,4608
4410e1,1024
4410f1,13440
4410g1,24960
4410h1,18432
4410i1,1680
4410j1,1536
4410k1,10080
4410l1,26880
4410m1,6144
4410n1,11760
4410o1,1440
4410p1,1920
4410q1,10752
4410r1,49152
4410s1,3840
4410t1,12288
4410u1,174720
4410v1,4608
4410w1,3072
4410x1,21504
4410y1,161280
4410z1,2880
4410ba1,14112
4410bb1,4608
4410bc1,94080
4410bd1,3456
4410be1,6144
4410bf1,720
4410bg1,125440
4410bh1,13440
4410bi1,24192
4410bj1,5040
4410bk1,36864
4410bl1,2016
4410bm1,17920
4414a1,608
4414b1,1904
4415a1,3492
4415b1,756
4416a1,3072
4416b1,384
4416c1,1024
4416d1,512
4416e1,1024
4416f1,10752
4416g1,1536
4416h1,1536
4416i1,1536
4416j1,384
4416k1,7168
4416l1,512
4416m1,10752
4416n1,1536
4416o1,1024
4416p1,7168
4416q1,1536
4416r1,1024
4416s1,4096
4416t1,512
4416u1,1536
4416v1,1536
4416w1,1536
4416x1,512
4416y1,1024
4416z1,3072
4416ba1,1024
4416bb1,4096
4418a1,4416
4418b1,45120
4418c1,960
4420a1,4896
4420b1,672
4422a1,2688
4422b1,3200
4422c1,43008
4422d1,42240
4422e1,2688
4422f1,1024
4422g1,1280
4422h1,12672
4422i1,55296
4422j1,11520
4422k1,7680
4422l1,1792
4422m1,768
4422n1,4480
4424a1,7200
4425a1,1152
4425b1,54600
4425c1,9600
4425d1,3360
4425e1,17760
4425f1,224
4425g1,480
4425h1,2400
4425i1,672
4425j1,3072
4425k1,5376
4425l1,10920
4425m1,1120
4425n1,3552
4426a1,12444
4426b1,392
4427a1,2232
4428a1,1188
4428b1,648
4428c1,360
4428d1,1080
4428e1,396
4428f1,1944
4429a1,180
4429b1,404
4430a1,5056
4430b1,1920
4430c1,1440
4432a1,640
4432b1,624
4434a1,1344
4434b1,600
4434c1,3046080
4434d1,600
4434e1,1176
4434f1,9240
4434g1,336
4434h1,1080
4434i1,29808
4434j1,1440
4434k1,1656
4435a1,1176
4437a1,448
4437b1,1344
4437c1,16128
4437d1,1280
4437e1,1680
4437f1,59904
4437g1,768
4437h1,19200
4437i1,16640
4437j1,4480
4437k1,2560
4438a1,2160
4440a1,2176
4440b1,640
4440c1,480
4440d1,1728
4440e1,576
4440f1,4032
4440g1,12672
4440h1,896
4440i1,37440
4442a1,420
4443a1,600
4444a1,1296
4445a1,5120
4445b1,7200
4445c1,8800
4445d1,4800
4445e1,336
4446a1,1212960
4446b1,3840
4446c1,8736
4446d1,5376
4446e1,1280
4446f1,2304
4446g1,9360
4446h1,4608
4446i1,2880
4446j1,62208
4446k1,404320
4446l1,1280
4446m1,2912
4446n1,960
4446o1,1200
4446p1,44352
4446q1,1088
4446r1,64512
4446s1,2128
4446t1,75264
4446u1,4032
4446v1,4608
4448a1,288
4448b1,288
4449a1,2080
4450a1,4800
4450b1,3456
4450c1,3840
4450d1,7488
4450e1,5760
4450f1,21600
4450g1,2400
4450h1,1536
4450i1,2304
4450j1,480
4450k1,21600
4450l1,1728
4450m1,13824
4450n1,3584
4450o1,10752
4450p1,1152
4451a1,327
4452a1,1728
4452b1,20160
4452c1,1728
4452d1,1056
4452e1,1440
4455a1,1152
4455b1,720
4455c1,720
4455d1,1152
4457a1,156
4458a1,792
4458b1,74880
4458c1,896
4458d1,928
4458e1,1120
4458f1,4040
4458g1,2816
4460a1,684
4462a1,1680
4464a1,960
4464b1,320
4464c1,3072
4464d1,2048
4464e1,512
4464f1,512
4464g1,1536
4464h1,384
4464i1,1920
4464j1,768
4464k1,2304
4464l1,23040
4464m1,5760
4464n1,5760
4464o1,1152
4464p1,384
4464q1,768
4464r1,8448
4464s1,3840
4464t1,960
4464u1,576
4464v1,11520
4464w1,768
4464x1,1536
4464y1,1536
4464z1,5376
4466a1,43008
4466b1,4800
4466c1,1280
4467a1,436
4470a1,1200
4470b1,115200
4470c1,6912
4470d1,512
4470e1,672
4470f1,7680
4470g1,960
4470h1,230880
4470i1,5120
4470j1,10800
4470k1,2880
4470l1,2016
4470m1,816
4470n1,37296
4470o1,3072
4472a1,1008
4472b1,192
4472c1,2208
4473a1,1200
4474a1,600
4475a1,576
4475b1,15552
4475c1,972
4475d1,3680
4475e1,736
4476a1,960
4477a1,2380
4477b1,900
4478a1,264
4480a1,6720
4480b1,6720
4480c1,1280
4480d1,6720
4480e1,320
4480f1,320
4480g1,1280
4480h1,320
4480i1,1280
4480j1,6720
4480k1,320
4480l1,1280
4481a1,784
4481b1,196
4481c1,180
4485a1,3200
4485b1,8064
4485c1,12096
4485d1,480
4485e1,34560
4485f1,2688
4485g1,576
4486a1,368
4487a1,252
4488a1,1152
4488b1,1920
4488c1,3072
4488d1,1920
4488e1,1152
4488f1,6144
4488g1,896
4488h1,5760
4488i1,1920
4488j1,107520
4488k1,2304
4489a1,1292
4489b1,22440
4490a1,1472
4490b1,2560
4490c1,1344
4490d1,2112
4490e1,368
4490f1,2176
4490g1,400
4490h1,640
4490i1,11648
4491a1,12672
4491b1,896
4493a1,260
4494a1,15000
4494b1,3168
4494c1,960
4494d1,408
4494e1,1344
4494f1,5280
4494g1,840
4494h1,672
4495a1,21360
4495b1,4224
4495c1,720
4495d1,8000
4496a1,960
4497a1,300
4498a1,880
4498b1,1320
4498c1,14784
4498d1,1904
4498e1,752
4499a1,866
4501a1,848
4502a1,884
4502b1,1140
4503a1,14976
4503b1,29952
4503c1,896
4503d1,320
4504a1,320
4504b1,416
4504c1,544
4505a1,5088
4505b1,6336
4506a1,4320
4506b1,960
4507a1,374
4508a1,1152
4508b1,720
4508c1,2304
4508d1,1728
4509a1,1656
4509b1,552
4510a1,2496
4510b1,2736
4510c1,2800
4510d1,7680
4510e1,240
4510f1,35200
4510g1,5760
4510h1,896
4510i1,6480
4510j1,88704
4510k1,1152
4510l1,3456
4511a1,544
4511b1,1032
4511c1,768
4511d1,2920
4511e1,472
4512a1,768
4512b1,960
4512c1,960
4512d1,3328
4512e1,768
4512f1,768
4512g1,17920
4512h1,3584
4512i1,17920
4512j1,1536
4512k1,768
4512l1,960
4512m1,3328
4512n1,1536
4512o1,768
4512p1,768
4512q1,3584
4512r1,960
4514a1,448
4514b1,14400
4514c1,912
4514d1,115920
4515a1,4608
4515b1,720
4515c1,2432
4515d1,12960
4515e1,896
4515f1,11648
4515g1,672
4515h1,28800
4515i1,2064
4518a1,2208
4518b1,544
4518c1,2080
4518d1,3648
4518e1,1920
4518f1,15488
4518g1,736
4518h1,1632
4518i1,2880
4518j1,5376
4518k1,6912
4518l1,43680
4520a1,2688
4520b1,1664
4520c1,3456
4521a1,384
4521b1,432
4522a1,49392
4522b1,504504
4522c1,3120
4522d1,968
4522e1,816
4522f1,204800
4522g1,2520
4522h1,5376
4522i1,9360
4522j1,18432
4524a1,3072
4524b1,480
4524c1,15552
4524d1,576
4524e1,4320
4524f1,1728
4525a1,4800
4525b1,1920
4525c1,1120
4525d1,352
4525e1,224
4525f1,1760
4526a1,3360
4526b1,8944
4526c1,288
4526d1,1008
4527a1,544
4527b1,1632
4527c1,960
4527d1,3000
4527e1,532
4527f1,660
4527g1,1392
4528a1,320
4528b1,192
4528c1,384
4528d1,576
4528e1,624
4528f1,480
4530a1,2880
4530b1,8000
4530c1,23296
4530d1,2240
4530e1,1920
4530f1,1728
4530g1,1664
4531a1,480
4531b1,828
4532a1,4800
4532b1,7728
4534a1,840
4534b1,440
4536a1,1440
4536b1,6912
4536c1,76032
4536d1,864
4536e1,4320
4536f1,480
4536g1,2304
4536h1,288
4536i1,25344
4536j1,1440
4539a1,1008
4539b1,29880
4539c1,12672
4540a1,276
4544a1,640
4544b1,768
4544c1,768
4544d1,2176
4544e1,1728
4544f1,1280
4544g1,640
4544h1,2176
4544i1,6912
4544j1,62208
4544k1,1728
4544l1,1280
4544m1,62208
4544n1,6912
4544o1,768
4544p1,768
4545a1,4704
4545b1,1568
4545c1,512
4546a1,1200
4546b1,592
4547a1,292
4550a1,7296
4550b1,1728
4550c1,13824
4550d1,1536
4550e1,19584
4550f1,126720
4550g1,5760
4550h1,23040
4550i1,1920
4550j1,26880
4550k1,2880
4550l1,1536
4550m1,3840
4550n1,5760
4550o1,3456
4550p1,508032
4550q1,6912
4550r1,2304
4550s1,23040
4550t1,20160
4550u1,24640
4550v1,9600
4550w1,768
4550x1,1152
4550y1,7680
4550z1,36480
4552a1,432
4553a1,394
4554a1,864
4554b1,640
4554c1,53760
4554d1,1440
4554e1,6144
4554f1,84480
4554g1,2304
4554h1,2496
4554i1,14592
4554j1,960
4554k1,184320
4554l1,3072
4554m1,145920
4554n1,768
4554o1,436800
4554p1,6912
4554q1,6400
4554r1,2048
4554s1,17920
4554t1,4320
4554u1,864
4554v1,1920
4554w1,6400
4554x1,38400
4554y1,1536
4554z1,3072
4554ba1,1344
4554bb1,145728
4554bc1,46080
4554bd1,80640
4554be1,2112
4554bf1,23040
4554bg1,91392
4554bh1,3840
4554bi1,1344
4554bj1,61440
4555a1,800
4555b1,528
4555c1,288
4555d1,176
4556a1,360
4556b1,20520
4557a1,3528
4557b1,4608
4557c1,1536
4557d1,2688
4557e1,6144
4557f1,340032
4557g1,7896
4557h1,11200
4557i1,1128
4557j1,504
4557k1,384
4557l1,48576
4557m1,1600
4557n1,46080
4557o1,2304
4560a1,4608
4560b1,640
4560c1,2560
4560d1,2048
4560e1,768
4560f1,512
4560g1,1024
4560h1,13440
4560i1,768
4560j1,768
4560k1,2560
4560l1,2304
4560m1,13440
4560n1,69120
4560o1,768
4560p1,384
4560q1,53760
4560r1,3456
4560s1,57600
4560t1,3072
4560u1,2304
4560v1,2304
4560w1,8064
4560x1,1536
4560y1,1536
4560z1,4608
4560ba1,1152
4560bb1,2304
4560bc1,23040
4560bd1,4608
4562a1,520
4562b1,440
4563a1,3744
4563b1,288
4563c1,1728
4563d1,7488
4563e1,576
4563f1,22464
4563g1,684
4564a1,528
4564b1,8496
4564c1,3600
4565a1,14880
4565b1,528
4566a1,1224
4566b1,4992
4566c1,504
4566d1,10200
4566e1,3600
4566f1,6744
4569a1,460
4569b1,912
4571a1,1056
4572a1,2016
4572b1,672
4572c1,4320
4572d1,4320
4572e1,4032
4572f1,16320
4573a1,744
4575a1,3456
4575b1,3456
4575c1,47040
4575d1,1600
4575e1,40320
4575f1,1536
4575g1,9408
4575h1,320
4576a1,736
4576b1,1344
4576c1,4352
4576d1,736
4576e1,2720
4576f1,1344
4576g1,4352
4576h1,2720
4578a1,25024
4578b1,2816
4578c1,832
4578d1,30720
4578e1,3456
4578f1,1552320
4578g1,2112
4578h1,2304
4580a1,3480
4582a1,27456
4582b1,864
4582c1,9344
4582d1,864
4584a1,3360
4584b1,480
4584c1,2048
4585a1,1608
4588a1,972
4588b1,1764
4588c1,672
4588d1,1728
4588e1,6720
4588f1,3168
4588g1,576
4588h1,6624
4589a1,636
4590a1,2016
4590b1,21600
4590c1,1296
4590d1,133056
4590e1,4800
4590f1,2880
4590g1,272160
4590h1,2016
4590i1,864
4590j1,5184
4590k1,14400
4590l1,960
4590m1,399168
4590n1,672
4590o1,7200
4590p1,15552
4590q1,816480
4590r1,672
4590s1,864
4590t1,3888
4592a1,960
4592b1,1344
4592c1,1728
4592d1,195840
4592e1,5376
4592f1,84672
4592g1,2880
4592h1,2880
4592i1,2880
4592j1,576
4592k1,11520
4592l1,2112
4593a1,576
4593b1,20736
4594a1,612
4595a1,312
4596a1,792
4596b1,148104
4598a1,11616
4598b1,7128
4598c1,89760
4598d1,2400
4598e1,840
4598f1,12480
4598g1,16632
4598h1,6720
4598i1,3168
4598j1,20064
4598k1,2800
4598l1,1056
4598m1,288
4598n1,2160
4598o1,1824
4598p1,648
4598q1,8160
4598r1,9240
4598s1,1512
4599a1,1440
4599b1,480
4599c1,4608
4599d1,1536
4600a1,640
4600b1,768
4600c1,9120
4600d1,768
4600e1,1536
4600f1,7680
4600g1,704
4600h1,17280
4600i1,1728
4600j1,6912
4600k1,3456
4600l1,1024
4600m1,1536
4600n1,1824
4600o1,3840
4600p1,3520
4602a1,453024
4602b1,14112
4602c1,4256
4602d1,1536
4602e1,480
4602f1,6016
4603a1,340
4605a1,3420
4605b1,1368
4605c1,30720
4605d1,2880
4605e1,1216
4605f1,1152
4605g1,274176
4606a1,5632
4606b1,241920
4606c1,3456
4606d1,576
4606e1,39424
4606f1,2304
4606g1,4032
4606h1,2856
4606i1,4608
4606j1,768
4606k1,50688
4606l1,408
4606m1,4608
4607a1,928
4609a1,1096
4609b1,672
4610a1,2352
4610b1,864
4610c1,2384
4610d1,1008
4611a1,480
4611b1,2328
4613a1,288
4614a1,110960
4614b1,720
4614c1,576
4614d1,3584
4617a1,864
4617b1,2592
4617c1,2592
4617d1,864
4617e1,252
4617f1,1296
4617g1,756
4617h1,432
4620a1,960
4620b1,8640
4620c1,4320
4620d1,1728
4620e1,436800
4620f1,3456
4620g1,30240
4620h1,40320
4620i1,480
4620j1,5184
4620k1,2592
4620l1,1728
4620m1,90720
4620n1,7776
4623a1,320
4623b1,1920
4623c1,5184
4624a1,4608
4624b1,8704
4624c1,512
4624d1,4608
4624e1,4608
4624f1,13824
4626a1,448
4626b1,5504
4626c1,5120
4626d1,768
4626e1,4096
4626f1,5504
4626g1,1344
4626h1,1600
4627a1,3960
4627b1,252
4628a1,600
4629a1,384
4630a1,7680
4630b1,576
4630c1,1152
4630d1,12480
4630e1,9812
4631a1,1344
4631b1,576
4632a1,960
4632b1,960
4632c1,672
4632d1,512
4632e1,39936
4632f1,2688
4634a1,3864
4634b1,166320
4634c1,6480
4634d1,336
4634e1,2160
4634f1,880
4634g1,352
4638a1,648
4638b1,1080
4640a1,384
4640b1,384
4640c1,16128
4640d1,768
4640e1,16128
4640f1,768
4641a1,1280
4641b1,1536
4641c1,32736
4641d1,768
4641e1,4128
4641f1,2208
4641g1,2240
4642a1,1920
4642b1,8316
4642c1,576
4642d1,2080
4642e1,23520
4646a1,2544
4646b1,856
4648a1,576
4650a1,12288
4650b1,576
4650c1,384
4650d1,97920
4650e1,2800
4650f1,34560
4650g1,18816
4650h1,3360
4650i1,7200
4650j1,7200
4650k1,7200
4650l1,12672
4650m1,7200
4650n1,4416
4650o1,3840
4650p1,8640
4650q1,112320
4650r1,4608
4650s1,3744
4650t1,2880
4650u1,2400
4650v1,4320
4650w1,2185920
4650x1,23040
4650y1,3024
4650z1,6912
4650ba1,864
4650bb1,2880
4650bc1,480
4650bd1,49920
4650be1,22080
4650bf1,18720
4650bg1,576
4650bh1,1728
4650bi1,6912
4650bj1,10560
4650bk1,1440
4650bl1,7200
4650bm1,6160
4650bn1,64512
4650bo1,8640
4650bp1,7200
4650bq1,2304
4650br1,2880
4650bs1,94080
4650bt1,1920
4650bu1,489600
4650bv1,16800
4650bw1,1440
4650bx1,63360
4652a1,408
4653a1,12960
4653b1,1008
4653c1,3600
4655a1,672
4655b1,1824
4655c1,6048
4655d1,1536
4655e1,7056
4655f1,480
4655g1,63840
4655h1,11136
4655i1,2240
4655j1,1152
4655k1,28800
4655l1,1008
4655m1,3360
4655n1,9120
4655o1,320
4655p1,864
4655q1,5760
4655r1,4704
4655s1,12768
4656a1,768
4656b1,768
4656c1,768
4656d1,512
4656e1,896
4656f1,1152
4656g1,1536
4656h1,672
4656i1,48384
4656j1,1152
4656k1,768
4656l1,480
4656m1,1920
4656n1,3840
4656o1,40480
4658a1,3456
4658b1,768
4658c1,14848
4658d1,115584
4659a1,336
4659b1,2288
4660a1,1440
4660b1,9168
4660c1,2400
4662a1,384
4662b1,1792
4662c1,4992
4662d1,9600
4662e1,23040
4662f1,2560
4662g1,3840
4662h1,1152
4662i1,31104
4662j1,1152
4662k1,2688
4662l1,3072
4662m1,5760
4662n1,16128
4662o1,30720
4662p1,4480
4664a1,1152
4664b1,1152
4664c1,384
4664d1,2816
4664e1,169728
4665a1,11088
4665b1,720
4665c1,864
4665d1,336
4665e1,364560
4665f1,7040
4665g1,384
4665h1,1120
4667a1,402
4668a1,1056
4669a1,384
4669b1,1856
4669c1,2496
4669d1,5184
4670a1,1680
4670b1,800
4670c1,2448
4672a1,768
4672b1,640
4672c1,640
4672d1,768
4674a1,75264
4674b1,8800
4674c1,51840
4674d1,3200
4674e1,800
4674f1,480
4674g1,3264
4674h1,47872
4674i1,14112
4675a1,240
4675b1,864
4675c1,2160
4675d1,25920
4675e1,6480
4675f1,1296
4675g1,2400
4675h1,35136
4675i1,1728
4675j1,13500
4675k1,960
4675l1,1728
4675m1,8640
4675n1,2700
4675o1,4320
4675p1,10800
4675q1,129600
4675r1,1200
4675s1,1296
4675t1,6480
4677a1,750
4678a1,264
4680a1,1920
4680b1,27648
4680c1,768
4680d1,13440
4680e1,768
4680f1,30720
4680g1,3072
4680h1,3840
4680i1,3072
4680j1,9216
4680k1,2304
4680l1,40320
4680m1,640
4680n1,7680
4680o1,3840
4680p1,1536
4680q1,12288
4680r1,6144
4680s1,1024
4680t1,3072
4680u1,42240
4680v1,3072
4683a1,504
4683b1,336
4683c1,9240
4683d1,1440
4684a1,432
4684b1,864
4685a1,476
4686a1,6720
4686b1,248640
4686c1,2432
4688a1,576
4688b1,1380
4688c1,3456
4688d1,768
4688e1,720
4690a1,448
4690b1,2688
4690c1,1728
4690d1,28800
4690e1,576
4692a1,2880
4692b1,3600
4692c1,1008
4692d1,648
4692e1,480
4692f1,105840
4694a1,614
4696a1,1224
4697a1,1128
4697b1,1920
4697c1,348
4698a1,384
4698b1,1800
4698c1,4608
4698d1,360
4698e1,9216
4698f1,443520
4698g1,2520
4698h1,792
4698i1,2160
4698j1,264
4698k1,13824
4698l1,1080
4698m1,147840
4698n1,9216
4698o1,6480
4698p1,1152
4698q1,840
4698r1,1800
4699a1,264
4699b1,456
4700a1,25920
4700b1,2016
4700c1,1728
4700d1,252
4700e1,110880
4700f1,8640
4700g1,8520
4700h1,1260
4700i1,672
4700j1,3120
4700k1,1704
4700l1,3360
4700m1,624
4701a1,380
4702a1,2640
4702b1,504
4702c1,2160
4702d1,2808
4704a1,9408
4704b1,1728
4704c1,6048
4704d1,12096
4704e1,5376
4704f1,1152
4704g1,864
4704h1,23040
4704i1,1728
4704j1,6048
4704k1,1344
4704l1,1536
4704m1,12096
4704n1,768
4704o1,864
4704p1,6240
4704q1,6720
4704r1,1344
4704s1,1536
4704t1,43680
4704u1,3072
4704v1,3072
4704w1,768
4704x1,960
4704y1,9408
4704z1,6240
4704ba1,6720
4704bb1,43680
4704bc1,5376
4704bd1,3072
4704be1,3072
4704bf1,1152
4704bg1,23040
4704bh1,960
4706a1,3528
4706b1,2088
4706c1,1104
4706d1,792
4706e1,5400
4706f1,13608
4706g1,792
4707a1,576
4708a1,696
4708b1,1512
4710a1,1024
4710b1,4480
4710c1,11968
4710d1,1152
4710e1,18720
4710f1,168960
4710g1,42240
4710h1,768
4710i1,12000
4710j1,2304
4710k1,1440
4710l1,20160
4710m1,7296
4710n1,2240
4711a1,324
4711b1,288
4711c1,2176
4712a1,640
4712b1,6144
4712c1,53760
4714a1,3936
4714b1,280
4715a1,2112
4715b1,2016
4716a1,1800
4716b1,2304
4716c1,4560
4717a1,128
4717b1,480
4717c1,576
4718a1,4352
4718b1,832
4719a1,4224
4719b1,31104
4719c1,1920
4719d1,1280
4719e1,84480
4719f1,384
4719g1,342144
4719h1,7680
4719i1,480
4719j1,7680
4719k1,3360
4719l1,5280
4719m1,36960
4720a1,576
4720b1,8448
4720c1,864
4720d1,1152
4720e1,1440
4720f1,6912
4722a1,6912
4722b1,5760
4722c1,684
4722d1,1456
4722e1,1680
4722f1,1056
4722g1,1120
4722h1,5712
4722i1,1120
4722j1,352
4725a1,1728
4725b1,576
4725c1,1296
4725d1,12096
4725e1,1728
4725f1,576
4725g1,5040
4725h1,1152
4725i1,20160
4725j1,1920
4725k1,1296
4725l1,4032
4725m1,1680
4725n1,384
4725o1,8640
4725p1,2880
4725q1,60480
4725r1,5760
4725s1,2880
4725t1,8640
4726a1,2392
4726b1,15104
4728a1,768
4728b1,18432
4730a1,576
4730b1,7680
4730c1,6768
4730d1,3360
4730e1,5760
4730f1,448
4730g1,4704
4730h1,3520
4730i1,425040
4730j1,1152
4730k1,219520
4731a1,6804
4731b1,2208
4731c1,9408
4732a1,33696
4732b1,20160
4732c1,18720
4732d1,2592
4732e1,1440
4732f1,4032
4733a1,318
4734a1,1280
4734b1,2048
4734c1,13312
4734d1,6144
4734e1,1536
4734f1,1024
4735a1,480
4737a1,1960
4737b1,832
4738a1,448
4738b1,23040
4739a1,1290
4739b1,656
4740a1,768
4743a1,2752
4743b1,8256
4743c1,1600
4743d1,1024
4744a1,2336
4746a1,576
4746b1,49392
4746c1,4032
4746d1,768
4746e1,1200
4746f1,640
4746g1,19968
4746h1,7680
4746i1,52224
4746j1,3200
4747a1,14580
4748a1,246
4749a1,10488
4749b1,1288
4752a1,768
4752b1,2304
4752c1,768
4752d1,2304
4752e1,3456
4752f1,3456
4752g1,11520
4752h1,2880
4752i1,2304
4752j1,5760
4752k1,864
4752l1,1152
4752m1,960
4752n1,17280
4752o1,288
4752p1,576
4752q1,1728
4752r1,34560
4752s1,768
4752t1,1152
4753a1,3276
4753b1,468
4755a1,2520
4755b1,912
4755c1,1320
4757a1,1944
4758a1,816
4758b1,960
4758c1,2880
4758d1,960
4758e1,20160
4758f1,12096
4758g1,6144
4758h1,2304
4758i1,20160
4758j1,1840
4760a1,10304
4760b1,7392
4760c1,4352
4760d1,3680
4760e1,11200
4761a1,7360
4761b1,320
4761c1,8448
4761d1,70656
4761e1,3072
4761f1,61824
4761g1,2688
4763a1,388
4764a1,528
4764b1,336
4764c1,4032
4764d1,1320
4764e1,960
4768a1,352
4768b1,352
4770a1,20736
4770b1,7680
4770c1,13824
4770d1,4608
4770e1,3456
4770f1,2560
4770g1,8192
4770h1,147456
4770i1,696960
4770j1,1536
4770k1,6912
4770l1,3840
4770m1,51840
4770n1,1440
4770o1,3840
4770p1,3840
4770q1,8064
4770r1,37632
4770s1,1152
4770t1,13824
4770u1,6912
4770v1,4608
4770w1,2560
4770x1,16800
4770y1,768
4770z1,19200
4770ba1,224640
4770bb1,26880
4770bc1,3360
4770bd1,2304
4770be1,13824
4770bf1,53760
4770bg1,3072
4770bh1,46080
4770bi1,1152
4771a1,240
4771b1,5880
4771c1,336
4771d1,344
4771e1,128
4774a1,4800
4774b1,5184
4774c1,4160
4774d1,6048
4774e1,705600
4774f1,800
4774g1,35840
4774h1,3840
4774i1,1152
4774j1,24000
4774k1,4000
4774l1,2880
4775a1,10560
4776a1,416
4776b1,800
4776c1,15840
4776d1,2720
4777a1,528
4778a1,252
4778b1,840
4778c1,5544
4778d1,1020
4780a1,1272
4780b1,360
4781a1,220
4784a1,1152
4784b1,1728
4784c1,6528
4784d1,1152
4784e1,2304
4784f1,11520
4784g1,864
4785a1,3584
4785b1,1280
4785c1,2816
4785d1,3072
4786a1,3456
4786b1,816
4788a1,10752
4788b1,6912
4788c1,3072
4788d1,67584
4788e1,7680
4788f1,960
4790a1,400
4790b1,960
4790c1,3600
4794a1,960
4794b1,2688
4794c1,23040
4794d1,9600
4794e1,28672
4794f1,42496
4794g1,3072
4794h1,3072
4794i1,9600
4795a1,704
4795b1,832
4795c1,744
4796a1,1104
4797a1,576
4797b1,8064
4797c1,4032
4797d1,638592
4799a1,304
4799b1,312
4799c1,336
4800a1,1536
4800b1,3072
4800c1,1024
4800d1,2880
4800e1,480
4800f1,960
4800g1,9216
4800h1,1024
4800i1,576
4800j1,5760
4800k1,7680
4800l1,1536
4800m1,3840
4800n1,4800
4800o1,3840
4800p1,5376
4800q1,1536
4800r1,3072
4800s1,1152
4800t1,2880
4800u1,960
4800v1,768
4800w1,9216
4800x1,1024
4800y1,3072
4800z1,9216
4800ba1,26880
4800bb1,576
4800bc1,1536
4800bd1,7680
4800be1,4800
4800bf1,480
4800bg1,768
4800bh1,1536
4800bi1,3072
4800bj1,192
4800bk1,1152
4800bl1,768
4800bm1,2112
4800bn1,3072
4800bo1,3072
4800bp1,9216
4800bq1,26880
4800br1,960
4800bs1,3840
4800bt1,768
4800bu1,1536
4800bv1,7680
4800bw1,480
4800bx1,10560
4800by1,768
4800bz1,7680
4800ca1,1536
4800cb1,1024
4800cc1,1536
4800cd1,3072
4800ce1,192
4800cf1,2112
4800cg1,480
4800ch1,3072
4800ci1,5760
4800cj1,960
4800ck1,7680
4800cl1,1536
4800cm1,768
4800cn1,3840
4800co1,10560
4800cp1,3840
4800cq1,7680
4800cr1,1536
4800cs1,3840
4800ct1,5376
4805a1,65100
4805b1,3840
4805c1,7680
4805d1,2100
4805e1,20460
4805f1,19200
4805g1,660
4806a1,13824
4806b1,24480
4806c1,576
4806d1,1152
4806e1,4608
4806f1,73440
4806g1,1728
4806h1,384
4807a1,544
4809a1,8184
4809b1,1008
4810a1,8400
4810b1,5120
4810c1,1040
4810d1,2304
4810e1,576
4810f1,19008
4810g1,41600
4810h1,9216
4811a1,416
4814a1,3456
4814b1,80256
4814c1,967104
4814d1,1260
4815a1,9984
4815b1,3328
4815c1,896
4815d1,1728
4815e1,24000
4815f1,1920
4815g1,1088
4816a1,896
4816b1,4224
4816c1,1088
4816d1,11520
4816e1,32640
4816f1,8832
4816g1,1152
4818a1,1600
4818b1,2688
4818c1,2304
4818d1,7168
4821a1,288
4821b1,546
4822a1,528
4822b1,1056
4823a1,576
4823b1,864
4824a1,1920
4824b1,640
4824c1,2048
4824d1,3328
4825a1,216
4825b1,1800
4825c1,2016
4825d1,300
4825e1,576
4825f1,1500
4825g1,2880
4825h1,360
4825i1,1080
4826a1,6552
4826b1,808
4826c1,1728
4827a1,288
4827b1,7436
4827c1,1036
4827d1,1140
4827e1,532
4827f1,268
4828a1,588
4830a1,15360
4830b1,18432
4830c1,212160
4830d1,1536
4830e1,27648
4830f1,6400
4830g1,2304
4830h1,72000
4830i1,1152
4830j1,1536
4830k1,768
4830l1,46080
4830m1,1024
4830n1,322560
4830o1,2880
4830p1,1920
4830q1,30720
4830r1,46080
4830s1,5120
4830t1,1536
4830u1,17472
4830v1,3840
4830w1,3072
4830x1,6720
4830y1,153600
4830z1,3072
4830ba1,9216
4830bb1,1728
4830bc1,165888
4830bd1,2048
4830be1,3456
4830bf1,8960
4830bg1,768
4830bh1,2048
4830bi1,49152
4830bj1,17280
4830bk1,20736
4830bl1,960
4832a1,320
4832b1,320
4834a1,588
4834b1,1722
4836a1,7392
4836b1,6336
4836c1,1200
4836d1,864
4836e1,7680
4836f1,1152
4837a1,1792
4838a1,1792
4838b1,320
4839a1,2016
4840a1,44352
4840b1,576
4840c1,1920
4840d1,4032
4840e1,6336
4840f1,5760
4840g1,1280
4840h1,34560
4840i1,17280
4842a1,792
4842b1,2376
4842c1,16400
4844a1,528
4844b1,552
4844c1,1296
4844d1,74520
4845a1,176640
4845b1,3840
4845c1,448
4845d1,2048
4845e1,768
4845f1,8064
4845g1,3072
4845h1,6144
4847a1,1264
4847b1,16008
4848a1,2048
4848b1,4992
4848c1,3200
4848d1,3840
4848e1,13824
4848f1,864
4848g1,768
4848h1,4752
4848i1,10368
4848j1,1152
4848k1,2400
4848l1,768
4848m1,1280
4848n1,8064
4848o1,1152
4848p1,34272
4850a1,5712
4850b1,1824
4850c1,3024
4850d1,1120
4850e1,3456
4850f1,400
4850g1,17280
4850h1,96096
4850i1,2000
4850j1,28560
4850k1,15120
4851a1,28224
4851b1,9408
4851c1,4032
4851d1,1440
4851e1,1344
4851f1,4320
4851g1,18816
4851h1,1152
4851i1,20160
4851j1,3456
4851k1,6912
4851l1,2160
4851m1,2688
4851n1,9600
4851o1,7680
4851p1,2688
4851q1,10240
4851r1,8064
4851s1,71680
4851t1,2880
4852a1,1980
4853a1,296
4854a1,5904
4854b1,640
4854c1,14400
4857a1,1008
4858a1,3800
4858b1,2080
4860a1,648
4860b1,648
4862a1,896
4862b1,672
4862c1,19584
4862d1,247520
4864a1,288
4864b1,576
4864c1,1152
4864d1,512
4864e1,288
4864f1,512
4864g1,1920
4864h1,960
4864i1,288
4864j1,256
4864k1,1920
4864l1,960
4864m1,288
4864n1,256
4864o1,1152
4864p1,576
4865a1,2120
4865b1,7480
4865c1,2592
4865d1,44128
4865e1,288
4867a1,604
4870a1,181440
4870b1,2260
4870c1,560
4870d1,576
4870e1,3024
4870f1,624
4872a1,1536
4872b1,107520
4872c1,1024
4872d1,1152
4872e1,21600
4872f1,1280
4872g1,1536
4874a1,656
4874b1,3280
4874c1,392
4874d1,1168
4874e1,184
4874f1,11752
4876a1,1968
4876b1,180
4876c1,1296
4878a1,42976
4878b1,2352
4878c1,1216
4878d1,5184
4878e1,1680
4878f1,128928
4878g1,5824
4880a1,384
4880b1,29568
4880c1,57120
4880d1,768
4880e1,1152
4880f1,1440
4880g1,2304
4880h1,1536
4882a1,860
4882b1,300
4883a1,780
4883b1,300
4884a1,2304
4884b1,10752
4884c1,5760
4884d1,18432
4886a1,1200
4886b1,3800
4886c1,8712
4886d1,2808
4886e1,392
4886f1,2200
4886g1,1800
4888a1,2544
4890a1,2304
4890b1,1024
4890c1,7680
4890d1,6720
4890e1,2304
4890f1,213440
4890g1,1248
4890h1,1920
4890i1,1920
4890j1,10752
4893a1,960
4893b1,1120
4893c1,26400
4893d1,1440
4895a1,1280
4895b1,1728
4895c1,768
4895d1,384
4896a1,7680
4896b1,2048
4896c1,2048
4896d1,512
4896e1,3072
4896f1,4608
4896g1,4608
4896h1,1536
4896i1,1152
4896j1,1152
4896k1,1536
4896l1,7680
4896m1,1536
4896n1,768
4896o1,768
4896p1,3072
4896q1,512
4896r1,1536
4897a1,352
4898a1,6336
4898b1,13895640
4898c1,9360
4898d1,792
4899a1,7616
4899b1,102400
4899c1,11520
4899d1,448
4899e1,272
4900a1,4536
4900b1,10368
4900c1,24192
4900d1,1728
4900e1,16128
4900f1,13824
4900g1,648
4900h1,72576
4900i1,2304
4900j1,4032
4900k1,4320
4900l1,576
4900m1,1728
4900n1,69120
4900o1,3456
4900p1,17280
4900q1,3456
4900r1,8640
4900s1,2880
4900t1,8640
4900u1,20160
4900v1,6912
4900w1,34560
4901a1,5304
4901b1,408
4901c1,2352
4902a1,6720
4902b1,4480
4902c1,20736
4902d1,1920
4902e1,24192
4902f1,2304
4902g1,1664
4902h1,6912
4902i1,1792
4902j1,384
4902k1,36480
4902l1,5760
4902m1,5440
4902n1,1728
4902o1,76160
4905a1,960
4905b1,2880
4905c1,3264
4906a1,3036
4907a1,456
4907b1,1836
4907c1,936
4907d1,792
4907e1,3240
4908a1,960
4908b1,9792
4910a1,400
4910b1,448
4910c1,3520
4910d1,23040
4910e1,720
4910f1,1024
4910g1,7680
4910h1,2688
4912a1,656
4912b1,440
4912c1,1152
4912d1,936
4912e1,2304
4912f1,600
4912g1,640
4912h1,216
4914a1,3024
4914b1,287280
4914c1,1440
4914d1,2160
4914e1,483840
4914f1,2880
4914g1,7776
4914h1,1296
4914i1,1248
4914j1,1728
4914k1,1440
4914l1,65520
4914m1,2592
4914n1,3888
4914o1,3744
4914p1,9072
4914q1,95760
4914r1,480
4914s1,480
4914t1,720
4914u1,161280
4914v1,960
4914w1,1296
4914x1,5184
4914y1,21840
4914z1,7776
4914ba1,2592
4914bb1,3888
4916a1,2067
4917a1,504
4917b1,8568
4917c1,1332
4917d1,744
4918a1,504
4918b1,600
4920a1,3360
4920b1,20480
4920c1,1024
4920d1,2560
4920e1,1280
4920f1,1024
4920g1,11520
4920h1,1664
4920i1,1280
4920j1,3072
4921a1,1152
4921b1,9360
4921c1,33264
4921d1,2592
4921e1,7776
4922a1,1824
4922b1,304
4923a1,1408
4923b1,1344
4923c1,1472
4923d1,87360
4925a1,3456
4925b1,2304
4925c1,312
4925d1,1440
4925e1,1560
4926a1,3276
4928a1,512
4928b1,768
4928c1,3840
4928d1,384
4928e1,3072
4928f1,3072
4928g1,1536
4928h1,4608
4928i1,4608
4928j1,576
4928k1,1536
4928l1,512
4928m1,512
4928n1,3840
4928o1,960
4928p1,1024
4928q1,384
4928r1,15360
4928s1,512
4928t1,960
4928u1,15360
4928v1,6144
4928w1,1024
4928x1,768
4928y1,1536
4928z1,1536
4928ba1,1536
4928bb1,4608
4928bc1,4608
4928bd1,768
4928be1,1536
4928bf1,576
4928bg1,768
4928bh1,3072
4928bi1,3072
4928bj1,6144
4929a1,3712
4929b1,592
4930a1,8448
4930b1,6144
4930c1,225280
4930d1,11520
4930e1,5120
4930f1,1152
4930g1,16128
4930h1,896
4932a1,1440
4932b1,1440
4934a1,444
4934b1,2108
4935a1,988416
4935b1,8736
4935c1,25920
4935d1,3456
4935e1,3456
4935f1,21600
4935g1,2592
4935h1,864
4935i1,5376
4935j1,832
4936a1,1184
4938a1,432
4938b1,1200
4938c1,4160
4938d1,516
4939a1,6216
4940a1,4560
4940b1,10560
4940c1,10440
4940d1,792
4940e1,35856
4940f1,49896
4940g1,432
4940h1,264
4941a1,1944
4941b1,792
4941c1,648
4941d1,792
4942a1,2464
4942b1,1344
4942c1,240
4942d1,29520
4942e1,17472
4944a1,1600
4944b1,1728
4944c1,1560
4944d1,1280
4944e1,5376
4944f1,17280
4944g1,480
4944h1,14784
4944i1,864
4944j1,960
4944k1,1152
4944l1,10944
4945a1,12240
4945b1,1344
4945c1,1488
4945d1,4608
4945e1,2736
4946a1,472
4947a1,720
4947b1,8904
4947c1,1456
4947d1,179280
4949a1,2352
4949b1,18816
4949c1,4992
4949d1,720
4949e1,2688
4949f1,336
4950a1,1152
4950b1,4608
4950c1,4608
4950d1,41472
4950e1,19200
4950f1,5760
4950g1,1280
4950h1,30720
4950i1,9600
4950j1,12672
4950k1,9600
4950l1,12288
4950m1,20160
4950n1,51840
4950o1,4608
4950p1,864
4950q1,5760
4950r1,15840
4950s1,5760
4950t1,1440
4950u1,2464
4950v1,2688
4950w1,1536
4950x1,41472
4950y1,1152
4950z1,4608
4950ba1,5760
4950bb1,3840
4950bc1,6400
4950bd1,3168
4950be1,36864
4950bf1,12800
4950bg1,1152
4950bh1,14400
4950bi1,6144
4950bj1,2880
4950bk1,13440
4950bl1,4096
4950bm1,430080
4950bn1,1152
4950bo1,9600
4950bp1,63360
4950bq1,7200
4950br1,9600
4950bs1,12320
4950bt1,10368
4950bu1,4320
4952a1,824
4952b1,368
4953a1,2688
4953b1,2048
4956a1,2016
4956b1,960
4956c1,1536
4956d1,86016
4959a1,1056
4959b1,3168
4959c1,3072
4959d1,720
4959e1,720
4959f1,2304
4959g1,16128
4959h1,800
4960a1,320
4960b1,384
4960c1,896
4960d1,384
4960e1,896
4960f1,320
4961a1,384
4961b1,4224
4961c1,4320
4962a1,864
4962b1,768
4962c1,4320
4962d1,1512
4962e1,2016
4962f1,3936
4962g1,2016
4962h1,480
4962i1,1440
4962j1,3360
4962k1,2816
4962l1,6240
4962m1,384
4962n1,6528
4962o1,11904
4963a1,576
4963b1,640
4963c1,852
4963d1,1536
4963e1,960
4966a1,10360
4966b1,440
4966c1,3496
4968a1,2592
4968b1,8640
4968c1,576
4968d1,864
4968e1,576
4968f1,1728
4968g1,2880
4968h1,2880
4968i1,8640
4968j1,30240
4968k1,864
4968l1,960
4968m1,2880
4968n1,960
4968o1,10080
4968p1,2880
4968q1,1728
4968r1,288
4968s1,1728
4968t1,288
4968u1,864
4968v1,576
4970a1,15120
4970b1,432
4970c1,2160
4970d1,6480
4970e1,36288
4970f1,960
4970g1,5760
4970h1,2031120
4970i1,5040
4970j1,720
4970k1,4400
4971a1,328
4971b1,8160
4971c1,960
4972a1,2760
4974a1,3520
4974b1,6400
4974c1,2080
4974d1,1296
4974e1,368
4974f1,7392
4974g1,1344
4975a1,1056
4975b1,1728
4975c1,5440
4975d1,1088
4976a1,544
4976b1,2016
4977a1,768
4977b1,1536
4977c1,2048
4977d1,2880
4978a1,660
4978b1,31680
4978c1,5544
4978d1,576
4979a1,160
4979b1,4480
4981a1,1056
4981b1,752
4982a1,448
4982b1,1632
4982c1,520
4982d1,109120
4983a1,1440
4983b1,416
4983c1,1344
4984a1,1664
4984b1,2688
4984c1,1024
4984d1,6144
4986a1,5120
4986b1,2816
4989a1,720
4990a1,3360
4990b1,18032
4990c1,2160
4992a1,3584
4992b1,768
4992c1,3584
4992d1,768
4992e1,3584
4992f1,768
4992g1,3584
4992h1,768
4994a1,384
4994b1,9408
4994c1,3040
4995a1,396
4995b1,1188
4998a1,1872
4998b1,40320
4998c1,5040
4998d1,10944
4998e1,32256
4998f1,4320
4998g1,8640
4998h1,4032
4998i1,56448
4998j1,60480
4998k1,423360
4998l1,30240
4998m1,282240
4998n1,5760
4998o1,720
4998p1,28224
4998q1,4608
4998r1,8064
4998s1,13104
4998t1,76608
4998u1,97920
4998v1,225792
4998w1,64512
4998x1,2880
4998y1,24192
4998z1,1440
4998ba1,1330560
4998bb1,2688
4998bc1,9408
4998bd1,6144
4998be1,864
4998bf1,117936
4998bg1,51840
4998bh1,6048
4998bi1,16848
4998bj1,10080
4998bk1,190080
4998bl1,9216
4998bm1,184320
4998bn1,18816
4998bo1,1920
4998bp1,1344
4998bq1,40320
4998br1,3456
5002a1,44160
5002b1,2880
5002c1,6720
5004a1,1440
5004b1,480
5004c1,1152
5004d1,576
5004e1,3024
5004f1,6528
5005a1,4800
5005b1,8064
5005c1,178848
5005d1,64320
5005e1,480
5005f1,11616
5006a1,560
5008a1,1440
5008b1,480
5008c1,12768
5010a1,15120
5010b1,864
5010c1,1920
5010d1,10752
5010e1,1824
5010f1,1344
5010g1,1536
5010h1,9408
5013a1,4368
5013b1,4864
5013c1,512
5013d1,420
5014a1,5796
5014b1,324
5015a1,7392
5015b1,416
5016a1,1792
5016b1,4000
5016c1,2304
5016d1,1056
5016e1,34272
5017a1,1056
5018a1,28200
5019a1,2620
5020a1,3480
5020b1,1512
5020c1,792
5021a1,518
5022a1,720
5022b1,2160
5022c1,2400
5022d1,11592
5022e1,7920
5022f1,240
5022g1,3864
5022h1,2160
5022i1,7200
5022j1,2640
5024a1,3392
5024b1,3392
5025a1,11520
5025b1,1680
5025c1,2640
5025d1,2640
5025e1,8640
5025f1,6480
5025g1,1728
5025h1,528
5025i1,528
5026a1,400
5026b1,1224
5027a1,1756
5028a1,408
5028b1,648
5028c1,1560
5030a1,640
5030b1,1152
5030c1,397440
5030d1,548
5030e1,800
5030f1,5184
5030g1,2304
5030h1,4480
5030i1,1476
5031a1,1152
5031b1,3456
5031c1,896
5031d1,1152
5034a1,1488
5034b1,3840
5034c1,768
5034d1,294000
5034e1,6000
5034f1,4608
5034g1,720
5036a1,426
5037a1,1344
5037b1,4992
5037c1,1728
5037d1,672
5037e1,704
5037f1,480
5037g1,5568
5037h1,1984
5040a1,1536
5040b1,1536
5040c1,46080
5040d1,2304
5040e1,4608
5040f1,15360
5040g1,512
5040h1,768
5040i1,4096
5040j1,6720
5040k1,1024
5040l1,2048
5040m1,2048
5040n1,1024
5040o1,2048
5040p1,1024
5040q1,30720
5040r1,3072
5040s1,3072
5040t1,960
5040u1,2304
5040v1,1152
5040w1,1152
5040x1,80640
5040y1,2304
5040z1,1152
5040ba1,384
5040bb1,26880
5040bc1,18432
5040bd1,2048
5040be1,3840
5040bf1,1440
5040bg1,6144
5040bh1,768
5040bi1,24576
5040bj1,9216
5040bk1,1440
5040bl1,2304
5040bm1,26880
5040bn1,3072
5040bo1,3072
5040bp1,3360
5042a1,468
5042b1,560
5042c1,1008
5043a1,336
5043b1,33600
5043c1,6720
5043d1,13776
5046a1,23520
5046b1,1200
5046c1,243600
5046d1,10080
5046e1,146160
5046f1,560
5046g1,76560
5046h1,8400
5046i1,1293600
5046j1,2640
5046k1,16240
5046l1,5040
5046m1,8400
5046n1,43680
5046o1,34800
5049a1,8640
5049b1,4800
5049c1,68928
5049d1,2880
5049e1,14400
5049f1,206784
5050a1,21504
5050b1,3840
5050c1,960
5050d1,4352
5050e1,4800
5052a1,1404
5053a1,504
5054a1,2520
5054b1,47880
5054c1,2376
5056a1,1536
5056b1,9216
5056c1,1152
5056d1,1024
5056e1,320
5056f1,1152
5056g1,1024
5056h1,320
5056i1,2560
5056j1,1152
5056k1,6144
5056l1,1024
5056m1,256
5056n1,2560
5056o1,1152
5056p1,6144
5056q1,1536
5056r1,9216
5056s1,1152
5056t1,1024
5056u1,256
5056v1,1152
5058a1,1536
5058b1,24960
5058c1,1280
5058d1,960
5060a1,8640
5060b1,2160
5060c1,2880
5060d1,1440
5060e1,92880
5060f1,12960
5061a1,3248
5062a1,792
5064a1,15360
5064b1,1920
5064c1,768
5066a1,1000
5066b1,7680
5067a1,272
5067b1,816
5067c1,1560
5068a1,348
5068b1,1044
5068c1,300
5068d1,8316
5069a1,840
5069b1,2752
5069c1,72720
5070a1,10752
5070b1,2688
5070c1,212160
5070d1,1872
5070e1,8064
5070f1,528528
5070g1,960
5070h1,336960
5070i1,3024
5070j1,87360
5070k1,8064
5070l1,24336
5070m1,13440
5070n1,40656
5070o1,12480
5070p1,25920
5070q1,5376
5070r1,34944
5070s1,16320
5070t1,120960
5070u1,39312
5070v1,4608
5070w1,53760
5070x1,6720
5073a1,1344
5073b1,1728
5073c1,3240
5073d1,77280
5073e1,1016064
5073f1,352
5073g1,12000
5073h1,1248
5074a1,732
5074b1,864
5074c1,208
5074d1,14800
5074e1,168288
5075a1,2304
5075b1,1536
5075c1,3840
5075d1,449280
5075e1,2304
5075f1,5040
5075g1,1120
5075h1,10080
5075i1,2016
5075j1,25200
5076a1,19008
5076b1,6336
5076c1,1512
5076d1,504
5077a1,1984
5080a1,384
5082a1,42240
5082b1,7920
5082c1,720720
5082d1,3840
5082e1,80640
5082f1,16896
5082g1,185856
5082h1,42240
5082i1,5120
5082j1,11520
5082k1,84480
5082l1,31680
5082m1,1584
5082n1,23040
5082o1,1536
5082p1,2044416
5082q1,3840
5082r1,3840
5082s1,3840
5082t1,7680
5082u1,57600
5082v1,87120
5082w1,65520
5082x1,42240
5082y1,2880
5082z1,17424
5082ba1,499200
5082bb1,7680
5083a1,288
5083b1,22680
5083c1,2160
5083d1,672
5083e1,888
5085a1,2880
5085b1,6784
5085c1,1920
5085d1,6784
5085e1,5760
5085f1,8640
5085g1,3072
5085h1,1280
5085i1,8960
5085j1,1152
5085k1,4352
5085l1,1024
5088a1,2464
5088b1,2784
5088c1,2496
5088d1,2464
5088e1,2496
5088f1,2784
5090a1,2560
5090b1,2408
5090c1,576
5090d1,15360
5090e1,816
5090f1,261120
5090g1,5184
5090h1,512
5091a1,1382
5092a1,402
5094a1,2112
5094b1,780
5094c1,7680
5094d1,14336
5094e1,704
5094f1,768
5094g1,4608
5095a1,696
5095b1,208
5095c1,408
5095d1,600
5096a1,8064
5096b1,4032
5096c1,2304
5096d1,576
5096e1,1152
5096f1,32256
5096g1,2688
5096h1,4608
5096i1,384
5096j1,1872
5096k1,4608
5097a1,1392
5098a1,348
5100a1,161280
5100b1,1680
5100c1,17280
5100d1,19584
5100e1,25920
5100f1,8640
5100g1,1728
5100h1,4320
5100i1,4800
5100j1,12096
5100k1,4032
5100l1,3456
5100m1,2880
5100n1,12096
5100o1,18480
5100p1,864
5100q1,3456
5100r1,960
5100s1,97920
5100t1,60480
5104a1,2112
5104b1,3680
5105a1,648
5106a1,1056
5106b1,2240
5106c1,8448
5106d1,3200
5106e1,6656
5106f1,384
5109a1,5616
5109b1,960
5109c1,1280
5109d1,656
5110a1,1728
5110b1,21952
5110c1,3168
5110d1,2400
5110e1,7840
5110f1,2304
5110g1,480
5110h1,14784
5111a1,920
5112a1,3072
5112b1,3072
5112c1,2400
5112d1,1280
5112e1,1536
5115a1,8400
5115b1,20160
5115c1,2048
5115d1,640
5115e1,2560
5115f1,6144
5115g1,960
5115h1,768
5115i1,624
5115j1,896
5115k1,1152
5117a1,704
5117b1,480
5117c1,49728
5117d1,320
5123a1,288
5124a1,1440
5124b1,5328
5124c1,12960
5126a1,51840
5126b1,1088
5126c1,2592
5126d1,185920
5126e1,960
5128a1,624
5128b1,1256
5130a1,480
5130b1,146880
5130c1,288288
5130d1,22176
5130e1,864
5130f1,2592
5130g1,70560
5130h1,3888
5130i1,1200
5130j1,1440
5130k1,48960
5130l1,864
5130m1,23520
5130n1,3888
5130o1,3600
5130p1,96096
5130q1,7392
5130r1,7776
5131a1,1260
5133a1,4480
5133b1,672
5133c1,992
5133d1,7040
5134a1,432
5134b1,1232
5134c1,4512
5135a1,7216
5135b1,1296
5136a1,384
5136b1,2832
5136c1,37440
5136d1,320
5136e1,2112
5136f1,896
5136g1,221760
5136h1,1344
5136i1,576
5136j1,960
5136k1,648
5136l1,7776
5136m1,480
5136n1,864
5136o1,5760
5136p1,192
5136q1,4992
5136r1,1728
5136s1,2880
5138a1,416
5139a1,1548
5139b1,516
5139c1,2880
5139d1,960
5139e1,1152
5140a1,864
5140b1,624
5141a1,272
5142a1,7956
5142b1,900
5142c1,720
5142d1,1296
5142e1,13032
5143a1,3312
5143b1,5664
5143c1,2160
5144a1,768
5144b1,448
5144c1,640
5146a1,468
5148a1,576
5148b1,1728
5148c1,10752
5148d1,3600
5148e1,62208
5148f1,4608
5149a1,568
5150a1,624
5150b1,4896
5150c1,32400
5150d1,3600
5150e1,71280
5150f1,432
5150g1,6912
5150h1,5040
5150i1,15120
5150j1,2160
5150k1,10080
5150l1,1200
5150m1,3024
5150n1,720
5150o1,14256
5150p1,2880
5150q1,34560
5150r1,1008
5150s1,6480
5150t1,3120
5151a1,1152
5152a1,3584
5152b1,3584
5152c1,384
5152d1,576
5152e1,384
5152f1,576
5154a1,980
5156a1,492
5157a1,756
5157b1,252
5158a1,960
5159a1,4608
5159b1,6816
5159c1,552
5159d1,168240
5159e1,1408
5159f1,5760
5159g1,384
5160a1,2816
5160b1,1024
5160c1,2304
5160d1,10240
5160e1,1536
5160f1,6144
5160g1,3200
5160h1,768
5160i1,896
5160j1,3153920
5160k1,21120
5160l1,4800
5160m1,4224
5160n1,2304
5162a1,3696
5162b1,33280
5162c1,672
5162d1,336
5163a1,256
5166a1,213120
5166b1,320
5166c1,2016
5166d1,1152
5166e1,4320
5166f1,8640
5166g1,7168
5166h1,2640
5166i1,36480
5166j1,4096
5166k1,15360
5166l1,37440
5166m1,11520
5166n1,4480
5166o1,69696
5166p1,3600
5166q1,2112
5166r1,49392
5166s1,9216
5166t1,2304
5166u1,71040
5166v1,960
5166w1,672
5166x1,3456
5166y1,12960
5166z1,8640
5166ba1,6720
5166bb1,720
5166bc1,11520
5166bd1,2304
5166be1,17280
5166bf1,3600
5166bg1,21888
5166bh1,67200
5166bi1,1680
5166bj1,4608
5166bk1,5376
5166bl1,14400
5166bm1,195840
5168a1,320
5168b1,1280
5168c1,4608
5168d1,4608
5168e1,10080
5168f1,3168
5168g1,480
5168h1,10752
5168i1,4608
5168j1,4608
5170a1,3280
5170b1,2112
5170c1,22032
5170d1,880
5171a1,292
5172a1,720
5172b1,2160
5172c1,3672
5175a1,43200
5175b1,2304
5175c1,57600
5175d1,23040
5175e1,7680
5175f1,15360
5175g1,18432
5175h1,36864
5175i1,15360
5175j1,3072
5175k1,1344
5175l1,384
5175m1,34560
5175n1,7680
5175o1,6720
5175p1,1920
5175q1,6912
5175r1,640
5175s1,1920
5175t1,1344
5175u1,8640
5175v1,3200
5175w1,9600
5175x1,115200
5175y1,76800
5175z1,6720
5178a1,1200
5178b1,9120
5178c1,1680
5178d1,6656
5178e1,1680
5178f1,2352
5178g1,576
5178h1,576
5178i1,3040
5178j1,120384
5178k1,3648
5178l1,1024
5178m1,7920
5178n1,4608
5180a1,8640
5180b1,504
5180c1,648
5180d1,4200
5180e1,1248
5181a1,7392
5181b1,384
5181c1,528
5181d1,720
5184a1,1152
5184b1,768
5184c1,576
5184d1,576
5184e1,384
5184f1,2304
5184g1,192
5184h1,192
5184i1,1152
5184j1,2304
5184k1,576
5184l1,1152
5184m1,2304
5184n1,960
5184o1,960
5184p1,1152
5184q1,1152
5184r1,576
5184s1,2880
5184t1,2880
5184u1,1152
5184v1,768
5184w1,384
5184x1,2304
5184y1,1152
5184z1,2304
5184ba1,576
5184bb1,1152
5184bc1,2304
5184bd1,1152
5184be1,1152
5184bf1,576
5185a1,1344
5186a1,2160
5187a1,4560
5187b1,1152
5187c1,1152
5187d1,1344
5187e1,768
5187f1,7440
5187g1,5120
5187h1,1152
5187i1,2880
5187j1,2880
5187k1,720
5187l1,1296
5190a1,2304
5190b1,17952
5190c1,591360
5190d1,1536
5190e1,21504
5190f1,960
5190g1,512
5190h1,5760
5190i1,44800
5190j1,2400
5190k1,1120
5190l1,3200
5190m1,2304
5190n1,768
5190o1,2880
5190p1,4608
5190q1,10080
5190r1,15360
5192a1,11520
5192b1,384
5193a1,544
5193b1,3200
5193c1,896
5194a1,36960
5194b1,9408
5194c1,1920
5194d1,28800
5194e1,5280
5194f1,3072
5194g1,1344
5194h1,184320
5194i1,3600
5194j1,268800
5194k1,16128
5194l1,10752
5194m1,7680
5194n1,13824
5194o1,2160
5194p1,1536
5194q1,53760
5196a1,864
5196b1,6840
5197a1,490
5200a1,2880
5200b1,1536
5200c1,576
5200d1,2880
5200e1,1536
5200f1,2240
5200g1,1728
5200h1,3200
5200i1,8640
5200j1,640
5200k1,576
5200l1,14400
5200m1,2880
5200n1,4608
5200o1,2880
5200p1,1728
5200q1,864
5200r1,8640
5200s1,13824
5200t1,8640
5200u1,2880
5200v1,768
5200w1,3360
5200x1,288
5200y1,20160
5200z1,4608
5200ba1,46080
5200bb1,3072
5200bc1,6720
5200bd1,1440
5200be1,4032
5200bf1,3360
5200bg1,576
5200bh1,4320
5200bi1,1728
5200bj1,43200
5200bk1,14400
5202a1,13824
5202b1,36864
5202c1,18144
5202d1,68544
5202e1,308448
5202f1,4032
5202g1,1728
5202h1,55296
5202i1,2016
5202j1,87040
5202k1,5120
5202l1,18432
5202m1,29376
5202n1,34272
5203a1,24480
5203b1,2700
5205a1,30008
5205b1,58968
5205c1,2592
5206a1,528
5208a1,13824
5208b1,1536
5208c1,4032
5208d1,1344
5208e1,40320
5208f1,896
5208g1,1152
5208h1,2880
5208i1,87360
5208j1,768
5208k1,3456
5208l1,3840
5208m1,896
5208n1,640
5210a1,520
5210b1,1024
5210c1,13440
5210d1,1152
5210e1,117648
5210f1,2320
5211a1,312
5211b1,936
5214a1,4480
5214b1,1400
5214c1,3200
5215a1,54720
5215b1,6720
5215c1,1632
5216a1,288
5216b1,288
5217a1,6496
5217b1,32160
5219a1,2304
5219b1,8592
5219c1,11424
5220a1,1152
5220b1,1440
5220c1,5760
5220d1,1152
5220e1,4320
5220f1,1920
5220g1,960
5220h1,109440
5220i1,3840
5220j1,3072
5220k1,30720
5220l1,2304
5220m1,2688
5220n1,768
5220o1,9216
5220p1,3456
5221a1,240
5222a1,1456
5222b1,2832
5225a1,1536
5225b1,105984
5225c1,2592
5226a1,6240
5226b1,2400
5226c1,2720
5226d1,7200
5226e1,1920
5226f1,33696
5229a1,15360
5229b1,259200
5229c1,4224
5232a1,640
5232b1,1632
5232c1,1408
5232d1,480
5232e1,576
5232f1,1024
5232g1,3072
5232h1,528
5232i1,288
5232j1,6144
5232k1,480
5234a1,208
5234b1,1040
5235a1,1200
5235b1,768
5235c1,12240
5236a1,312
5236b1,13440
5236c1,1008
5236d1,2304
5236e1,5040
5237a1,234
5238a1,21384
5238b1,960
5238c1,408
5238d1,1224
5238e1,7128
5238f1,2880
5239a1,936
5239b1,12168
5239c1,504
5239d1,6552
5240a1,6912
5240b1,320
5240c1,1408
5240d1,3120
5240e1,1680
5240f1,1536
5241a1,2320
5243a1,1536
5244a1,40320
5244b1,3456
5244c1,3840
5245a1,344
5245b1,408
5246a1,2176
5246b1,1920
5246c1,46272
5247a1,11520
5247b1,17472
5247c1,1440
5248a1,512
5248b1,512
5248c1,512
5248d1,512
5252a1,552
5252b1,720
5253a1,54144
5254a1,4032
5254b1,2304
5254c1,504
5254d1,1824
5254e1,110112
5254f1,224
5254g1,41184
5256a1,2560
5256b1,1536
5256c1,8448
5256d1,3072
5256e1,107520
5256f1,768
5256g1,6144
5256h1,5120
5256i1,3072
5256j1,1024
5256k1,1536
5256l1,2048
5258a1,2752
5258b1,960
5259a1,1284
5259b1,348
5259c1,756
5260a1,29340
5260b1,864
5260c1,1008
5262a1,960
5262b1,800
5262c1,576
5262d1,416
5262e1,3024
5264a1,2560
5264b1,512
5264c1,896
5264d1,1088
5264e1,25344
5264f1,1152
5264g1,2304
5264h1,120960
5264i1,2304
5264j1,11520
5264k1,1728
5265a1,3456
5265b1,1080
5265c1,12960
5265d1,4896
5265e1,2592
5265f1,576
5265g1,171360
5265h1,4320
5265i1,2592
5265j1,1296
5265k1,1728
5265l1,514080
5265m1,1296
5265n1,1152
5265o1,360
5265p1,14688
5266a1,480
5268a1,408
5268b1,1560
5269a1,272
5270a1,7040
5270b1,2112
5270c1,67200
5270d1,8480
5270e1,2560
5270f1,3360
5271a1,3776
5271b1,7488
5271c1,400
5271d1,2040
5272a1,896
5272b1,1352
5274a1,480
5274b1,4320
5274c1,25536
5274d1,960
5274e1,4480
5274f1,1440
5274g1,20736
5274h1,720
5274i1,5312
5274j1,1920
5275a1,1152
5275b1,1440
5275c1,288
5276a1,546
5276b1,246
5277a1,816
5277b1,1584
5278a1,7728
5278b1,6072
5278c1,117720
5278d1,7920
5278e1,5840
5278f1,1472
5278g1,648
5280a1,1536
5280b1,10752
5280c1,768
5280d1,4608
5280e1,61440
5280f1,1024
5280g1,1536
5280h1,512
5280i1,768
5280j1,1024
5280k1,30720
5280l1,1024
5280m1,512
5280n1,2304
5280o1,61440
5280p1,2304
5280q1,10752
5280r1,30720
5280s1,1024
5280t1,4608
5282a1,6800
5283a1,640
5283b1,1920
5285a1,1344
5285b1,6336
5285c1,1152
5285d1,2304
5286a1,12672
5286b1,576
5288a1,432
5289a1,288
5289b1,339360
5289c1,4560
5289d1,2400
5289e1,3984
5290a1,13248
5290b1,8832
5290c1,576
5290d1,203136
5291a1,576
5292a1,540
5292b1,4536
5292c1,324
5292d1,3456
5292e1,10368
5292f1,10368
5292g1,3456
5292h1,648
5292i1,2268
5292j1,3780
5292k1,1404
5292l1,10368
5292m1,3456
5293a1,2160
5294a1,560
5296a1,416
5296b1,384
5296c1,1776
5296d1,3840
5296e1,768
5296f1,432
5298a1,6300
5298b1,1456
5300a1,1536
5300b1,4608
5300c1,16560
5300d1,720
5300e1,1344
5300f1,3600
5300g1,3312
5302a1,6336
5302b1,2400
5302c1,640
5302d1,576
5302e1,8640
5302f1,3328
5302g1,864
5302h1,576
5302i1,8000
5302j1,6464
5303a1,434
5304a1,7680
5304b1,12288
5304c1,512
5304d1,18432
5304e1,2304
5304f1,4608
5304g1,3584
5304h1,1024
5304i1,1024
5304j1,2560
5304k1,1536
5304l1,2304
5306a1,5400
5306b1,304
5306c1,696
5306d1,1152
5306e1,4464
5307a1,1240
5307b1,2808
5309a1,302
5310a1,960
5310b1,24192
5310c1,8640
5310d1,29952
5310e1,7680
5310f1,6912
5310g1,13312
5310h1,7040
5310i1,8640
5310j1,8064
5310k1,2880
5310l1,1536
5310m1,24192
5310n1,1920
5310o1,1920
5310p1,53760
5310q1,8448
5310r1,8064
5312a1,256
5312b1,512
5312c1,256
5312d1,1536
5312e1,1024
5312f1,512
5312g1,2560
5312h1,1536
5312i1,1024
5312j1,768
5312k1,3840
5312l1,2560
5312m1,256
5312n1,768
5312o1,256
5312p1,3840
5313a1,7680
5313b1,2176
5313c1,1088
5313d1,4800
5314a1,544
5316a1,1944
5316b1,1296
5316c1,1350
5318a1,432
5318b1,1216
5318c1,5200
5319a1,684
5319b1,5580
5319c1,1860
5319d1,228
5320a1,8000
5320b1,3648
5320c1,1280
5320d1,960
5320e1,69120
5320f1,2496
5320g1,1024
5320h1,3072
5322a1,4800
5322b1,672
5325a1,768
5325b1,3360
5325c1,32016
5325d1,47520
5325e1,2160
5325f1,1200
5325g1,60480
5325h1,672
5325i1,160080
5325j1,3072
5325k1,2304
5325l1,9504
5325m1,6000
5325n1,2304
5325o1,432
5325p1,12096
5327a1,296
5328a1,640
5328b1,1920
5328c1,960
5328d1,1536
5328e1,960
5328f1,2048
5328g1,6400
5328h1,1024
5328i1,1024
5328j1,3072
5328k1,2304
5328l1,5760
5328m1,768
5328n1,1920
5328o1,768
5328p1,8448
5328q1,1120
5328r1,1536
5328s1,9984
5328t1,2304
5328u1,1440
5328v1,6912
5328w1,1440
5328x1,476928
5329a1,7992
5330a1,2304
5330b1,896
5330c1,3072
5330d1,1536
5330e1,86016
5330f1,896
5330g1,3840
5330h1,5760
5331a1,336
5331b1,456
5331c1,720
5331d1,312
5331e1,408
5332a1,1080
5332b1,474
5334a1,1600
5334b1,2592
5334c1,704
5334d1,734720
5334e1,1536
5334f1,32768
5335a1,207648
5335b1,14400
5336a1,20736
5336b1,480
5337a1,392
5337b1,1176
5337c1,696
5337d1,1680
5337e1,660
5338a1,616
5339a1,180
5340a1,1584
5340b1,1536
5340c1,1344
5341a1,1440
5341b1,2880
5343a1,432
5344a1,13056
5344b1,13056
5345a1,280
5346a1,1512
5346b1,11232
5346c1,1512
5346d1,1296
5346e1,1296
5346f1,6480
5346g1,2160
5346h1,28080
5346i1,1080
5346j1,4536
5346k1,1296
5346l1,504
5346m1,3744
5346n1,720
5346o1,9360
5346p1,1080
5346q1,3888
5346r1,6480
5348a1,864
5350a1,63360
5350b1,2592
5350c1,3024
5350d1,1728
5350e1,840
5350f1,2800
5350g1,5760
5350h1,4800
5350i1,1680
5350j1,23712
5350k1,560
5350l1,4200
5353a1,7200
5353b1,320
5355a1,1152
5355b1,384
5355c1,1920
5355d1,4096
5355e1,1024
5355f1,8192
5355g1,3072
5355h1,1024
5355i1,672
5355j1,161280
5355k1,4608
5355l1,41184
5355m1,6144
5355n1,336000
5355o1,4224
5355p1,6144
5355q1,2048
5355r1,6144
5355s1,3072
5355t1,23520
5356a1,480
5356b1,10080
5359a1,2520
5360a1,160
5360b1,3200
5360c1,4480
5360d1,17280
5360e1,864
5360f1,1120
5360g1,1280
5360h1,1920
5360i1,336
5360j1,7296
5360k1,2160
5360l1,17280
5360m1,12672
5360n1,576
5360o1,1152
5361a1,608
5361b1,272
5361c1,1872
5362a1,872
5362b1,720
5362c1,4224
5362d1,5200
5362e1,1440
5365a1,4480
5368a1,7872
5368b1,672
5368c1,704
5368d1,1680
5369a1,864
5369b1,2016
5369c1,448
5370a1,106560
5370b1,624
5370c1,10240
5370d1,3136
5370e1,9072
5370f1,4640
5370g1,8448
5372a1,1296
5372b1,17424
5373a1,1512
5373b1,504
5376a1,1024
5376b1,2304
5376c1,2304
5376d1,768
5376e1,1024
5376f1,768
5376g1,768
5376h1,1024
5376i1,768
5376j1,1024
5376k1,2304
5376l1,2304
5378a1,800
5380a1,1440
5380b1,2592
5380c1,1296
5380d1,7392
5380e1,2112
5382a1,2304
5382b1,10240
5382c1,8160
5382d1,6144
5382e1,1440
5382f1,12288
5382g1,6144
5382h1,768
5382i1,3072
5382j1,10752
5382k1,14336
5382l1,6144
5382m1,6720
5382n1,4096
5382o1,4096
5382p1,30720
5384a1,640
5385a1,1440
5385b1,864
5385c1,2304
5385d1,6240
5388a1,4836
5388b1,540
5389a1,9332
5390a1,6720
5390b1,146016
5390c1,122880
5390d1,12288
5390e1,63840
5390f1,114240
5390g1,32256
5390h1,211680
5390i1,480
5390j1,12288
5390k1,16320
5390l1,9120
5390m1,30240
5390n1,3360
5390o1,960
5390p1,27648
5390q1,3072
5390r1,225792
5390s1,6552
5390t1,1022112
5390u1,18144
5390v1,88704
5390w1,1440
5390x1,9216
5390y1,3584
5390z1,5376
5390ba1,6600
5390bb1,157696
5390bc1,12672
5390bd1,10080
5390be1,1512
5390bf1,27648
5390bg1,25088
5390bh1,768
5390bi1,2592
5390bj1,22528
5391a1,1760
5392a1,544
5392b1,864
5392c1,1152
5392d1,44640
5393a1,1142
5394a1,1584
5394b1,22800
5394c1,4224
5394d1,1344
5394e1,4032
5394f1,5760
5394g1,1120
5394h1,5184
5394i1,20592
5394j1,14400
5394k1,864
5394l1,6720
5395a1,1608
5395b1,804
5395c1,696
5397a1,3840
5397b1,624
5397c1,480
5398a1,4704
5400a1,3456
5400b1,2304
5400c1,720
5400d1,1152
5400e1,30240
5400f1,5040
5400g1,4320
5400h1,960
5400i1,288
5400j1,5760
5400k1,1152
5400l1,5760
5400m1,5760
5400n1,5760
5400o1,10080
5400p1,8064
5400q1,10800
5400r1,1152
5400s1,3456
5400t1,1920
5400u1,17280
5400v1,2016
5400w1,14400
5400x1,75600
5400y1,6912
5400z1,2160
5400ba1,17280
5400bb1,3456
5400bc1,17280
5400bd1,10080
5400be1,3360
5400bf1,24192
5400bg1,15120
5400bh1,1440
5400bi1,384
5400bj1,1152
5400bk1,5760
5400bl1,5760
5400bm1,2880
5400bn1,1152
5400bo1,864
5400bp1,17280
5400bq1,3456
5400br1,1920
5400bs1,3600
5400bt1,6048
5400bu1,4800
5400bv1,25200
5401a1,840
5403a1,672
5404a1,1080
5405a1,2976
5406a1,4160
5406b1,35712
5406c1,1152
5406d1,4800
5406e1,2048
5406f1,153600
5406g1,768
5406h1,2304
5406i1,4608
5406j1,25344
5406k1,96000
5408a1,960
5408b1,2688
5408c1,17472
5408d1,1344
5408e1,480
5408f1,1728
5408g1,22464
5408h1,2688
5408i1,1344
5408j1,17472
5408k1,6240
5408l1,22464
5408m1,1728
5409a1,960
5409b1,1280
5410a1,1136
5410b1,1008
5411a1,264
5414a1,2992
5415a1,640
5415b1,21168
5415c1,14400
5415d1,720
5415e1,1296
5415f1,12160
5415g1,13680
5415h1,8640
5415i1,402192
5415j1,24624
5415k1,1728
5415l1,25920
5416a1,304
5417a1,430
5417b1,2496
5417c1,224
5418a1,7488
5418b1,3840
5418c1,8640
5418d1,4480
5418e1,766080
5418f1,32640
5418g1,4608
5418h1,19584
5418i1,896
5418j1,91520
5418k1,2496
5418l1,1280
5418m1,8640
5418n1,8064
5418o1,9216
5418p1,672
5418q1,40800
5418r1,28800
5418s1,15360
5418t1,36480
5418u1,1536
5418v1,1920
5418w1,5760
5419a1,245
5420a1,732
5421a1,13824
5422a1,864
5423a1,704
5424a1,896
5424b1,2496
5424c1,384
5424d1,576
5424e1,1120
5424f1,736
5424g1,40800
5424h1,800
5424i1,2880
5424j1,4800
5424k1,432
5424l1,12096
5424m1,1728
5424n1,5184
5424o1,336
5424p1,335664
5424q1,3840
5424r1,432
5424s1,960
5424t1,6912
5424u1,1344
5424v1,1680
5424w1,5376
5424x1,5040
5424y1,384
5425a1,80640
5425b1,1920
5425c1,6912
5425d1,27648
5425e1,2304
5425f1,313344
5425g1,720
5425h1,64512
5425i1,3072
5425j1,3600
5426a1,700
5426b1,1664
5427a1,1152
5427b1,1152
5427c1,936
5427d1,2808
5427e1,1728
5427f1,576
5428a1,1296
5428b1,864
5430a1,2816
5430b1,1400
5430c1,3672
5430d1,124160
5432a1,208
5432b1,1056
5432c1,720
5433a1,528
5433b1,376
5433c1,888
5434a1,2400
5434b1,150144
5434c1,5760
5434d1,23520
5434e1,30464
5434f1,14784
5434g1,5760
5434h1,10560
5434i1,7392
5436a1,672
5436b1,2016
5436c1,5040
5436d1,6720
5439a1,7680
5439b1,11520
5439c1,4480
5439d1,2304
5439e1,4608
5439f1,2304
5439g1,640
5439h1,3840
5439i1,1048320
5440a1,2304
5440b1,768
5440c1,3072
5440d1,6144
5440e1,16128
5440f1,24960
5440g1,24960
5440h1,1024
5440i1,768
5440j1,1920
5440k1,1920
5440l1,30720
5440m1,1536
5440n1,1536
5440o1,2048
5440p1,3840
5440q1,2304
5440r1,768
5440s1,6144
5440t1,3072
5440u1,16128
5440v1,1024
5440w1,768
5440x1,2048
5440y1,30720
5440z1,3840
5442a1,2016
5442b1,804
5443a1,546
5443b1,186
5445a1,10560
5445b1,960
5445c1,2880
5445d1,31680
5445e1,3840
5445f1,1680
5445g1,2560
5445h1,18480
5445i1,16896
5445j1,1536
5445k1,3456
5445l1,38016
5446a1,28728
5446b1,800
5446c1,3360
5446d1,600
5448a1,2048
5448b1,3040
5450a1,4032
5450b1,3744
5450c1,2112
5450d1,15552
5450e1,95040
5450f1,2592
5450g1,1920
5450h1,8640
5450i1,9600
5450j1,6720
5450k1,1344
5450l1,76608
5450m1,4800
5450n1,2016
5450o1,1728
5450p1,1920
5451a1,1184
5451b1,1440
5452a1,612
5454a1,384
5454b1,362880
5454c1,1080
5454d1,2520
5454e1,576
5454f1,720
5454g1,360360
5454h1,5760
5454i1,1728
5454j1,2160
5454k1,1081080
5454l1,1920
5454m1,840
5454n1,1152
5454o1,120960
5454p1,3240
5456a1,18240
5456b1,2112
5456c1,704
5456d1,576
5456e1,14400
5456f1,1440
5456g1,10944
5456h1,1728
5456i1,288
5457a1,10400
5457b1,1280
5458a1,472
5458b1,372
5460a1,10368
5460b1,1344
5460c1,12960
5460d1,672
5460e1,5184
5460f1,2016
5460g1,2592
5461a1,372
5461b1,4780
5466a1,672
5467a1,1480
5467b1,86688
5468a1,708
5472a1,1920
5472b1,640
5472c1,672
5472d1,2048
5472e1,12288
5472f1,3072
5472g1,1792
5472h1,15360
5472i1,768
5472j1,672
5472k1,2048
5472l1,1024
5472m1,1792
5472n1,6144
5472o1,15360
5472p1,640
5472q1,1920
5472r1,768
5472s1,1024
5472t1,6144
5472u1,12288
5472v1,3072
5474a1,5632
5474b1,23936
5474c1,11904
5474d1,576
5474e1,2304
5474f1,2880
5475a1,1296
5475b1,2304
5475c1,697680
5475d1,20064
5475e1,4320
5475f1,100320
5475g1,864
5475h1,4800
5475i1,1680
5475j1,139536
5476a1,16416
5478a1,3584
5478b1,3136
5478c1,52800
5478d1,7680
5478e1,5760
5478f1,5376
5478g1,8064
5478h1,2304
5478i1,512
5478j1,4612608
5478k1,11520
5478l1,3072
5478m1,2688
5478n1,704
5478o1,282240
5478p1,2304
5481a1,432
5481b1,1296
5481c1,1296
5481d1,432
5481e1,12096
5481f1,20160
5481g1,6720
5481h1,4032
5484a1,504
5484b1,456
5484c1,4488
5484d1,3672
5489a1,744
5489b1,1448
5490a1,10080
5490b1,4032
5490c1,800
5490d1,131040
5490e1,92160
5490f1,1536
5490g1,7680
5490h1,2880
5490i1,66560
5490j1,8960
5490k1,3584
5490l1,6336
5490m1,43680
5490n1,3360
5490o1,1344
5490p1,2400
5490q1,14784
5490r1,10752
5490s1,19200
5490t1,3840
5490u1,3072
5490v1,1920
5490w1,6912
5491a1,1680
5491b1,40320
5491c1,28288
5491d1,1664
5491e1,832
5491f1,14144
5492a1,432
5492b1,2511
5495a1,1152
5495b1,3584
5495c1,2896
5496a1,816
5496b1,384
5496c1,448
5497a1,672
5499a1,3072
5499b1,2400
5499c1,3072
5499d1,800
5499e1,51840
5499f1,3456
5499g1,1536
5499h1,13440
5499i1,18816
5499j1,812
5502a1,752
5502b1,2016
5502c1,329472
5502d1,3648
5502e1,480
5502f1,141120
5502g1,1152
5502h1,12096
5502i1,5520
5503a1,1264
5508a1,576
5508b1,576
5508c1,1728
5508d1,1728
5510a1,3648
5510b1,12960
5510c1,672
5510d1,26400
5510e1,1632
5510f1,28152
5510g1,1120
5510h1,1440
5510i1,11400
5510j1,31200
5510k1,3080
5510l1,205920
5511a1,7320
5511b1,672
5511c1,1104
5511d1,14280
5512a1,928
5512b1,896
5512c1,704
5512d1,1376
5514a1,4860
5515a1,600
5516a1,816
5516b1,864
5518a1,1440
5520a1,12288
5520b1,1536
5520c1,19200
5520d1,21120
5520e1,896
5520f1,2688
5520g1,768
5520h1,6144
5520i1,768
5520j1,2304
5520k1,10752
5520l1,5760
5520m1,11520
5520n1,1152
5520o1,1152
5520p1,2560
5520q1,19200
5520r1,1536
5520s1,5376
5520t1,5760
5520u1,9216
5520v1,2016
5520w1,7680
5520x1,5760
5520y1,2304
5520z1,8064
5520ba1,43008
5520bb1,480
5520bc1,10752
5520bd1,174720
5520be1,414720
5520bf1,3840
5520bg1,3456
5522a1,1632
5522b1,720
5523a1,22568
5523b1,812
5523c1,804
5523d1,600
5523e1,360
5523f1,1176
5525a1,14400
5525b1,2400
5525c1,19200
5525d1,9600
5525e1,3072
5525f1,3840
5525g1,960
5525h1,4800
5525i1,19200
5525j1,480
5525k1,2880
5526a1,3744
5526b1,5760
5526c1,2304
5526d1,1536
5526e1,11232
5526f1,6400
5526g1,4608
5528a1,400
5529a1,3456
5529b1,25920
5529c1,30960
5530a1,3360
5530b1,544
5530c1,2784
5530d1,672
5530e1,34560
5530f1,5760
5530g1,5760
5530h1,4320
5530i1,285600
5530j1,8640
5530k1,960
5530l1,13824
5532a1,1824
5532b1,660
5532c1,276
5533a1,1758
5535a1,768
5535b1,16128
5535c1,504
5535d1,1728
5535e1,5184
5535f1,2304
5535g1,5376
5535h1,1728
5535i1,576
5535j1,1512
5536a1,480
5536b1,480
5537a1,6912
5537b1,8448
5537c1,2304
5537d1,1152
5538a1,2304
5538b1,4800
5538c1,3648
5538d1,1920
5538e1,4224
5538f1,410880
5538g1,960
5538h1,3584
5538i1,12480
5538j1,640
5538k1,1152
5538l1,975744
5538m1,2880
5538n1,4032
5538o1,7488
5538p1,448
5539a1,1260
5539b1,2376
5542a1,1056
5542b1,900
5542c1,1144
5544a1,23040
5544b1,5376
5544c1,256
5544d1,16128
5544e1,8192
5544f1,768
5544g1,6144
5544h1,5376
5544i1,3072
5544j1,1024
5544k1,7680
5544l1,768
5544m1,5376
5544n1,1792
5544o1,5376
5544p1,3072
5544q1,11520
5544r1,30720
5544s1,2880
5544t1,92160
5544u1,1280
5544v1,2304
5544w1,3840
5544x1,23040
5544y1,1536
5546a1,20496
5546b1,5880
5546c1,10944
5547a1,13860
5547b1,882
5547c1,37926
5547d1,14784
5548a1,4920
5550a1,1728
5550b1,190080
5550c1,1680
5550d1,1920
5550e1,24192
5550f1,21840
5550g1,40320
5550h1,1632
5550i1,34560
5550j1,10800
5550k1,5760
5550l1,1280
5550m1,41472
5550n1,10368
5550o1,28800
5550p1,8064
5550q1,6336
5550r1,2160
5550s1,64800
5550t1,9072
5550u1,7680
5550v1,17280
5550w1,45360
5550x1,24192
5550y1,4160
5550z1,51840
5550ba1,432
5550bb1,12960
5550bc1,138240
5550bd1,1536
5550be1,2160
5550bf1,4608
5550bg1,198720
5550bh1,17280
5550bi1,4368
5550bj1,1920
5550bk1,2688
5550bl1,8160
5550bm1,1182720
5550bn1,28800
5550bo1,6400
5550bp1,8400
5550bq1,201600
5550br1,6912
5551a1,12240
5551b1,1168
5551c1,11520
5552a1,352
5552b1,560
5553a1,1568
5554a1,780
5554b1,660
5554c1,2300
5555a1,1440
5555b1,432
5556a1,990
5556b1,2880
5556c1,576
5558a1,2688
5558b1,1824
5558c1,5408
5559a1,7128
5560a1,2016
5560b1,224
5560c1,1824
5561a1,979
5562a1,1344
5562b1,2544
5562c1,4032
5562d1,7632
5563a1,308
5564a1,468
5565a1,6912
5565b1,2256
5565c1,6144
5565d1,11264
5565e1,2352
5565f1,1536
5565g1,4352
5566a1,10080
5566b1,12480
5566c1,2880
5566d1,110880
5566e1,6720
5566f1,10560
5566g1,24000
5566h1,342720
5566i1,7000
5568a1,1280
5568b1,5376
5568c1,384
5568d1,768
5568e1,1920
5568f1,1280
5568g1,295680
5568h1,2688
5568i1,384
5568j1,5376
5568k1,9984
5568l1,768
5568m1,2304
5568n1,11520
5568o1,5760
5568p1,2304
5568q1,384
5568r1,1920
5568s1,5376
5568t1,9984
5568u1,768
5568v1,2304
5568w1,11520
5568x1,5760
5568y1,1344
5568z1,2304
5568ba1,1280
5568bb1,1920
5568bc1,5376
5568bd1,384
5568be1,768
5568bf1,1344
5568bg1,1920
5568bh1,1280
5568bi1,295680
5568bj1,2688
5570a1,784
5570b1,2880
5570c1,1200
5571a1,864
5572a1,1824
5572b1,336
5572c1,1248
5572d1,1248
5572e1,3600
5574a1,30624
5574b1,2072
5574c1,11648
5574d1,640
5574e1,540
5574f1,3072
5574g1,2560
5575a1,1344
5575b1,1296
5576a1,576
5576b1,3328
5576c1,800
5576d1,608
5576e1,1440
5576f1,7200
5576g1,224
5576h1,1440
5576i1,3360
5576j1,5376
5577a1,1296
5577b1,2352
5577c1,2688
5577d1,3456
5577e1,30576
5577f1,16848
5577g1,10752
5578a1,1008
5579a1,252
5579b1,3744
5580a1,1536
5580b1,2304
5580c1,1008
5580d1,5760
5580e1,3072
5580f1,2160
5584a1,736
5584b1,1008
5586a1,55296
5586b1,1787520
5586c1,960
5586d1,7680
5586e1,3456
5586f1,12288
5586g1,3072
5586h1,56448
5586i1,960
5586j1,15360
5586k1,9216
5586l1,6720
5586m1,395136
5586n1,255360
5586o1,6720
5586p1,24192
5586q1,21504
5586r1,5760
5586s1,3072
5586t1,56448
5586u1,3456
5586v1,35840
5586w1,3072
5586x1,64512
5586y1,395136
5586z1,23040
5586ba1,5120
5586bb1,23040
5587a1,3648
5588a1,1440
5588b1,1152
5588c1,17856
5588d1,6240
5589a1,936
5589b1,936
5589c1,936
5589d1,2808
5589e1,1296
5589f1,432
5590a1,15840
5590b1,6192
5590c1,2240
5590d1,720
5590e1,7920
5590f1,768
5590g1,1440
5590h1,2464
5592a1,720
5593a1,7200
5593b1,672
5593c1,174720
5594a1,288
5595a1,1280
5595b1,3312
5595c1,2328
5595d1,100800
5595e1,1800
5595f1,760
5596a1,276
5596b1,1932
5598a1,288
5598b1,11360
5598c1,2560
5598d1,13440
5598e1,2688
5598f1,1920
5598g1,11360
5598h1,864
5598i1,8704
5598j1,13056
5598k1,1920
5598l1,2048
5598m1,12288
5598n1,10752
5600a1,9216
5600b1,4608
5600c1,4608
5600d1,9216
5600e1,2304
5600f1,4800
5600g1,7680
5600h1,253440
5600i1,4608
5600j1,960
5600k1,2304
5600l1,4608
5600m1,7680
5600n1,4800
5600o1,32256
5600p1,1152
5600q1,253440
5600r1,4608
5600s1,4608
5600t1,32256
5600u1,1152
5600v1,960
5601a1,340
5602a1,904
5603a1,464
5604a1,3990
5606a1,906
5607a1,2944
5607b1,8832
5607c1,1088
5607d1,2880
5607e1,9792
5610a1,2048
5610b1,1680
5610c1,49920
5610d1,1024
5610e1,1920
5610f1,9216
5610g1,14080
5610h1,9360
5610i1,18432
5610j1,10080
5610k1,8064
5610l1,14112
5610m1,2304
5610n1,11520
5610o1,73440
5610p1,673200
5610q1,1440
5610r1,46080
5610s1,1024
5610t1,55296
5610u1,15840
5610v1,2304
5610w1,5600
5610x1,542640
5610y1,1280
5610z1,134400
5610ba1,2560
5610bb1,6144
5610bc1,1200
5610bd1,2304
5610be1,13824
5610bf1,45360
5610bg1,20480
5610bh1,4752
5610bi1,4608
5610bj1,5120
5610bk1,5376
5610bl1,10752
5612a1,4608
5614a1,6400
5614b1,2112
5614c1,2288
5614d1,896
5616a1,2880
5616b1,960
5616c1,672
5616d1,6336
5616e1,1920
5616f1,5760
5616g1,2880
5616h1,2016
5616i1,8640
5616j1,1920
5616k1,5760
5616l1,1152
5616m1,2112
5616n1,384
5616o1,288
5616p1,864
5616q1,8640
5616r1,15840
5616s1,10944
5616t1,32832
5616u1,1728
5616v1,1728
5616w1,1440
5616x1,25920
5616y1,864
5616z1,288
5616ba1,2880
5616bb1,1728
5616bc1,47520
5616bd1,576
5616be1,4320
5616bf1,12096
5616bg1,4032
5616bh1,25920
5618a1,324
5618b1,134784
5618c1,16848
5618d1,33072
5618e1,5304
5618f1,22464
5618g1,28080
5618h1,17172
5618i1,624
5618j1,281112
5619a1,468
5619b1,228
5620a1,21168
5620b1,912
5621a1,480
5621b1,61440
5621c1,1408
5621d1,3040
5622a1,3456
5622b1,3072
5622c1,1152
5622d1,2560
5622e1,1152
5622f1,1260672
5624a1,3168
5624b1,19584
5626a1,1376
5626b1,336
5626c1,978432
5626d1,1920
5627a1,364
5628a1,764640
5628b1,576
5628c1,23040
5628d1,960
5628e1,864
5628f1,4608
5629a1,2016
5629b1,240
5633a1,592
5634a1,2688
5634b1,24000
5634c1,896
5634d1,640
5634e1,8960
5634f1,1536
5634g1,15960
5634h1,6144
5635a1,1032
5635b1,4032
5635c1,5760
5635d1,13440
5635e1,576
5635f1,40320
5635g1,274560
5635h1,7224
5635i1,1920
5635j1,6912
5635k1,17280
5635l1,3780
5635m1,17280
5637a1,368
5637b1,1320
5640a1,1728
5640b1,576
5640c1,5760
5640d1,1920
5640e1,3200
5640f1,9984
5640g1,2560
5640h1,4032
5642a1,864
5642b1,10080
5642c1,8352
5642d1,10080
5642e1,4800
5642f1,1120
5642g1,21760
5643a1,360
5643b1,10440
5643c1,2304
5643d1,648
5643e1,6912
5643f1,648
5643g1,1080
5643h1,31320
5646a1,900
5648a1,928
5648b1,864
5648c1,6624
5648d1,1152
5648e1,1920
5648f1,768
5649a1,1056
5649b1,29280
5650a1,23040
5650b1,1152
5650c1,1920
5650d1,576
5650e1,7680
5650f1,20160
5650g1,7040
5650h1,1408
5650i1,2880
5650j1,4032
5651a1,701
5652a1,1536
5652b1,1536
5652c1,1152
5653a1,336
5655a1,3072
5655b1,12288
5655c1,2304
5655d1,310464
5655e1,6048
5655f1,7200
5655g1,17280
5655h1,69120
5655i1,1728
5656a1,9120
5656b1,960
5656c1,672
5656d1,35280
5656e1,18240
5656f1,1728
5656g1,672
5656h1,944
5658a1,92160
5658b1,6912
5658c1,3456
5658d1,2160
5658e1,5760
5658f1,5760
5658g1,9984
5658h1,768
5658i1,4368
5660a1,151776
5661a1,40000
5661b1,120000
5661c1,157760
5661d1,1280
5661e1,5040
5661f1,1568
5661g1,4800
5661h1,7040
5661i1,1152
5662a1,1728
5662b1,864
5662c1,4224
5662d1,2464
5663a1,3880
5663b1,360
5664a1,448
5664b1,512
5664c1,448
5664d1,512
5665a1,4320
5666a1,2128
5667a1,504
5667b1,1232
5668a1,4704
5670a1,3744
5670b1,3360
5670c1,1536
5670d1,34560
5670e1,3840
5670f1,18144
5670g1,864
5670h1,32400
5670i1,1296
5670j1,864
5670k1,18144
5670l1,10080
5670m1,1248
5670n1,1296
5670o1,32400
5670p1,4608
5670q1,34560
5670r1,11520
5672a1,480
5672b1,1376
5673a1,21600
5673b1,1512
5673c1,1088
5673d1,2080
5675a1,3850
5675b1,6720
5675c1,4800
5675d1,770
5675e1,1344
5676a1,864
5676b1,8640
5676c1,3360
5676d1,504
5676e1,56160
5676f1,1944
5676g1,2304
5676h1,27720
5676i1,576
5676j1,20160
5677a1,420
5677b1,4884
5677c1,47600
5677d1,1328
5677e1,684
5677f1,1872
5678a1,3672
5678b1,4848
5678c1,736
5678d1,1792
5678e1,1152
5679a1,1280
5679b1,1280
5680a1,448
5680b1,1280
5680c1,7392
5680d1,1920
5680e1,23040
5680f1,6528
5680g1,2304
5680h1,17280
5680i1,576
5680j1,2688
5680k1,1152
5680l1,1104
5681a1,568
5681b1,4672
5681c1,1088
5681d1,209600
5681e1,11200
5682a1,2288
5682b1,15984
5682c1,6256
5682d1,1008
5682e1,672
5684a1,5040
5684b1,1440
5684c1,3672
5684d1,4608
5684e1,720
5684f1,2304
5684g1,2160
5684h1,34560
5684i1,6912
5684j1,10080
5684k1,25704
5685a1,19152
5685b1,368
5685c1,6480
5687a1,8640
5687b1,14400
5687c1,51840
5688a1,1184
5688b1,89856
5688c1,1920
5688d1,3552
5688e1,1280
5689a1,1601
5690a1,864
5690b1,608
5690c1,1760
5691a1,5040
5691b1,46512
5691c1,5328
5691d1,2880
5691e1,7056
5691f1,720
5691g1,3520
5692a1,516
5692b1,444
5694a1,672
5694b1,26112
5694c1,51744
5694d1,1920
5694e1,1760
5694f1,2176
5695a1,544
5696a1,1024
5696b1,6144
5696c1,768
5696d1,768
5696e1,384
5696f1,1280
5696g1,1280
5696h1,5376
5696i1,6144
5696j1,1024
5696k1,640
5696l1,640
5696m1,384
5696n1,1280
5696o1,5376
5696p1,1280
5697a1,360
5697b1,1080
5698a1,5376
5698b1,122880
5698c1,3328
5698d1,3264
5699a1,2520
5699b1,1408
5700a1,3600
5700b1,2304
5700c1,6480
5700d1,4320
5700e1,10080
5700f1,13824
5700g1,4608
5700h1,2160
5700i1,5040
5700j1,2304
5700k1,432
5700l1,1008
5700m1,2592
5700n1,13824
5700o1,18000
5700p1,1296
5700q1,864
5700r1,50400
5703a1,756
5703b1,9680
5703c1,624
5704a1,1344
5704b1,928
5706a1,1568
5707a1,232
5708a1,282
5709a1,696
5709b1,1392
5709c1,1188
5709d1,3024
5709e1,1296
5709f1,432
5709g1,1288
5710a1,752
5712a1,3840
5712b1,640
5712c1,1280
5712d1,33792
5712e1,1728
5712f1,8448
5712g1,69120
5712h1,1280
5712i1,10752
5712j1,768
5712k1,864
5712l1,4480
5712m1,25920
5712n1,6912
5712o1,1920
5712p1,1152
5712q1,48960
5712r1,2304
5712s1,2304
5712t1,92160
5712u1,960
5712v1,1440
5712w1,32256
5712x1,20160
5712y1,120960
5712z1,39168
5712ba1,2880
5712bb1,4608
5714a1,944
5715a1,320
5715b1,960
5715c1,5376
5715d1,720
5715e1,1200
5717a1,392
5718a1,2912
5718b1,2016
5719a1,1152
5720a1,1152
5720b1,2560
5720c1,4224
5720d1,70400
5720e1,1920
5720f1,512
5720g1,10752
5721a1,2784
5722a1,532
5722b1,852
5722c1,548
5723a1,1160
5724a1,2592
5724b1,2052
5724c1,1152
5724d1,252
5724e1,3456
5724f1,2592
5724g1,756
5724h1,7992
5724i1,2664
5724j1,684
5725a1,864
5725b1,8352
5726a1,2184
5727a1,49920
5727b1,2880
5727c1,2304
5727d1,704
5727e1,8000
5727f1,3392
5727g1,11200
5727h1,8640
5727i1,2816
5728a1,400
5728b1,400
5730a1,960
5730b1,13440
5730c1,5600
5730d1,1152
5730e1,1600
5730f1,11648
5730g1,21504
5730h1,4480
5730i1,10560
5730j1,11520
5730k1,1152
5730l1,41472
5730m1,566400
5730n1,1536
5730o1,12800
5730p1,8640
5730q1,3456
5730r1,7392
5731a1,336
5732a1,720
5733a1,4608
5733b1,1536
5733c1,32256
5733d1,1920
5733e1,1536
5733f1,4608
5733g1,2304
5733h1,18432
5733i1,10752
5733j1,4608
5733k1,13440
5733l1,6144
5733m1,258048
5734a1,10368
5734b1,127008
5734c1,592
5735a1,13056
5735b1,1296
5736a1,768
5736b1,32640
5736c1,4480
5736d1,576
5736e1,1152
5736f1,512
5736g1,384
5736h1,7680
5736i1,1280
5736j1,1536
5738a1,5640
5738b1,600
5739a1,564
5740a1,768
5740b1,1152
5740c1,5520
5740d1,672
5741a1,288
5742a1,2688
5742b1,2560
5742c1,8064
5742d1,1920
5742e1,9600
5742f1,86400
5742g1,9216
5742h1,3456
5742i1,9600
5742j1,20736
5742k1,5760
5742l1,432000
5742m1,24192
5742n1,748800
5742o1,40320
5742p1,5760
5742q1,8064
5742r1,8064
5742s1,7680
5742t1,26880
5742u1,1920
5742v1,3072
5742w1,28800
5742x1,8064
5742y1,1920
5744a1,2880
5744b1,5760
5744c1,2688
5744d1,512
5744e1,1024
5744f1,768
5745a1,288
5746a1,16128
5746b1,1152
5746c1,8064
5746d1,1774080
5746e1,4608
5746f1,217152
5746g1,32256
5746h1,14976
5746i1,16704
5746j1,10752
5747a1,216
5748a1,816
5748b1,2160
5753a1,776
5753b1,2160
5753c1,228
5754a1,1920
5754b1,48384
5754c1,1152
5754d1,34560
5754e1,1408
5754f1,3456
5754g1,218880
5754h1,19200
5754i1,1536
5755a1,1176
5755b1,864
5757a1,552
5757b1,840
5757c1,1760
5757d1,4224
5757e1,9072
5757f1,196200
5757g1,336000
5758a1,316
5760a1,512
5760b1,1536
5760c1,512
5760d1,1536
5760e1,512
5760f1,1536
5760g1,512
5760h1,1536
5760i1,1536
5760j1,1536
5760k1,1024
5760l1,6144
5760m1,15360
5760n1,1024
5760o1,1024
5760p1,15360
5760q1,1536
5760r1,1536
5760s1,1536
5760t1,1536
5760u1,1536
5760v1,1536
5760w1,1024
5760x1,15360
5760y1,1536
5760z1,7680
5760ba1,512
5760bb1,1536
5760bc1,1536
5760bd1,512
5760be1,1536
5760bf1,512
5760bg1,1536
5760bh1,512
5760bi1,1536
5760bj1,1536
5760bk1,1024
5760bl1,6144
5760bm1,7680
5760bn1,7680
5760bo1,1024
5760bp1,6144
5760bq1,1024
5760br1,15360
5760bs1,6144
5760bt1,1024
5760bu1,7680
5760bv1,1536
5763a1,5760
5763b1,1656
5763c1,1024
5763d1,7040
5764a1,1824
5766a1,4200
5766b1,130944
5766c1,26880
5766d1,4224
5766e1,42240
5766f1,130200
5766g1,19200
5766h1,1560
5766i1,48360
5768a1,768
5768b1,544
5768c1,10112
5768d1,5888
5769a1,864
5770a1,472
5770b1,3240
5770c1,316
5772a1,3840
5772b1,5760
5772c1,816
5772d1,10560
5775a1,3456
5775b1,864
5775c1,23040
5775d1,46080
5775e1,20160
5775f1,144000
5775g1,184800
5775h1,18816
5775i1,2304
5775j1,8064
5775k1,4800
5775l1,52800
5775m1,2880
5775n1,2560
5775o1,27648
5775p1,6912
5775q1,3456
5775r1,9600
5775s1,2304
5775t1,104832
5775u1,6144
5775v1,52800
5775w1,36960
5775x1,14400
5775y1,4320
5775z1,960
5775ba1,4032
5776a1,19152
5776b1,2016
5776c1,5760
5776d1,1008
5776e1,38304
5776f1,5760
5776g1,1440
5776h1,4104
5776i1,16416
5776j1,2880
5776k1,54720
5776l1,17280
5776m1,864
5776n1,216
5776o1,17280
5776p1,8640
5776q1,8640
5777a1,220
5777b1,29708
5777c1,3144
5778a1,648
5778b1,5184
5778c1,2184
5778d1,2016
5778e1,17784
5778f1,1944
5778g1,648
5778h1,6552
5778i1,672
5778j1,1944
5778k1,15552
5778l1,5928
5780a1,1512
5780b1,18360
5780c1,1080
5780d1,6912
5780e1,2304
5780f1,25704
5781a1,51840
5781b1,1440
5781c1,800
5781d1,1152
5781e1,9984
5781f1,14976
5781g1,80256
5781h1,20160
5782a1,12540
5782b1,10560
5782c1,1512
5782d1,8640
5782e1,1128
5782f1,2464
5782g1,352
5782h1,3960
5782i1,7896
5782j1,1980
5784a1,1088
5784b1,2464
5784c1,2400
5784d1,1248
5784e1,1536
5784f1,8064
5784g1,2048
5785a1,1872
5785b1,1600
5786a1,7520
5786b1,5984
5787a1,768
5789a1,284
5789b1,6720
5789c1,704
5790a1,1536
5790b1,1344
5790c1,1344
5790d1,2176
5790e1,29568
5790f1,64512
5792a1,800
5792b1,800
5793a1,848
5793b1,1408
5793c1,864
5793d1,5040
5793e1,496
5793f1,1536
5793g1,2856
5793h1,800
5793i1,520
5794a1,4032
5794b1,1062
5794c1,1536
5795a1,448
5795b1,208
5795c1,416
5795d1,1872
5795e1,1120
5796a1,864
5796b1,10368
5796c1,2592
5796d1,31104
5796e1,1440
5796f1,14400
5796g1,720
5796h1,95040
5797a1,416
5797b1,4464
5797c1,1152
5798a1,21888
5798b1,832
5798c1,600
5799a1,544
5800a1,2240
5800b1,5088
5800c1,3072
5800d1,8160
5800e1,2304
5800f1,640
5800g1,1728
5800h1,1536
5800i1,4608
5800j1,3072
5800k1,11520
5800l1,25440
5800m1,3200
5800n1,1632
5802a1,112200
5802b1,376
5802c1,2744
5804a1,906
5805a1,7296
5805b1,384120
5805c1,21888
5805d1,128040
5805e1,3168
5805f1,2040
5805g1,1224
5805h1,1056
5805i1,6120
5805j1,1224
5808a1,1152
5808b1,12672
5808c1,10560
5808d1,960
5808e1,3840
5808f1,5760
5808g1,80640
5808h1,6336
5808i1,576
5808j1,63360
5808k1,5760
5808l1,1536
5808m1,16896
5808n1,3840
5808o1,1280
5808p1,11520
5808q1,2304
5808r1,25344
5808s1,2880
5808t1,44352
5808u1,4032
5808v1,57600
5808w1,22176
5808x1,2016
5808y1,38016
5808z1,3456
5808ba1,576
5808bb1,6336
5808bc1,11520
5808bd1,126720
5808be1,14400
5808bf1,11520
5808bg1,11520
5808bh1,1440
5808bi1,15840
5810a1,1760
5810b1,3024
5810c1,12480
5810d1,720
5811a1,200
5811b1,672
5813a1,296
5814a1,4032
5814b1,1088
5814c1,4800
5814d1,182400
5814e1,4608
5814f1,5376
5814g1,4608
5814h1,10752
5814i1,4096
5814j1,6144
5814k1,3456
5814l1,3264
5814m1,14400
5814n1,12096
5814o1,24960
5814p1,1536
5814q1,1280
5814r1,6881280
5814s1,7168
5814t1,45056
5814u1,6144
5817a1,1024
5817b1,1728
5817c1,2592
5819a1,2530
5820a1,5760
5820b1,3840
5822a1,896
5822b1,41920
5823a1,624
5823b1,1872
5823c1,11232
5824a1,1536
5824b1,576
5824c1,59136
5824d1,768
5824e1,34560
5824f1,320
5824g1,6912
5824h1,576
5824i1,2304
5824j1,576
5824k1,3840
5824l1,768
5824m1,1536
5824n1,10752
5824o1,26880
5824p1,2304
5824q1,2176
5824r1,5760
5824s1,576
5824t1,3840
5824u1,768
5824v1,10752
5824w1,1536
5824x1,26880
5824y1,1536
5824z1,5760
5824ba1,59136
5824bb1,2176
5824bc1,768
5824bd1,34560
5824be1,320
5824bf1,6912
5825a1,1728
5826a1,2880
5826b1,4864
5826c1,4800
5826d1,249600
5826e1,1440
5826f1,876
5826g1,640
5828a1,3456
5828b1,1584
5828c1,3456
5828d1,1920
5828e1,3456
5828f1,768
5830a1,9600
5830b1,1728
5830c1,768
5830d1,112896
5830e1,30720
5830f1,10752
5830g1,2688
5830h1,50688
5833a1,472
5834a1,608
5834b1,3200
5835a1,584
5835b1,1512
5835c1,17400
5835d1,1512
5835e1,150696
5835f1,19800
5835g1,728
5835h1,5000
5835i1,576
5835j1,195264
5835k1,3744
5835l1,540
5836a1,972
5838a1,19040
5838b1,482944
5838c1,13824
5838d1,864
5838e1,2304
5838f1,1308608
5838g1,3360
5838h1,27648
5838i1,4608
5838j1,49920
5838k1,59136
5838l1,29952
5838m1,704
5838n1,1728
5840a1,5440
5840b1,3360
5840c1,9216
5840d1,1344
5840e1,10080
5840f1,672
5840g1,20160
5840h1,12096
5840i1,15552
5840j1,864
5840k1,6912
5840l1,2880
5840m1,1728
5841a1,1024
5841b1,1856
5841c1,5568
5841d1,3072
5841e1,720
5841f1,2112
5841g1,1280
5841h1,5376
5841i1,768
5841j1,32640
5842a1,14688
5842b1,2280
5842c1,67320
5845a1,18400
5845b1,2048
5845c1,53856
5845d1,264
5845e1,2808
5846a1,5376
5846b1,14208
5846c1,768
5847a1,4680
5848a1,6144
5848b1,768
5848c1,672
5848d1,10560
5848e1,864
5848f1,129600
5848g1,38400
5848h1,960
5850a1,12960
5850b1,13824
5850c1,6144
5850d1,3168
5850e1,368640
5850f1,5280
5850g1,2592
5850h1,8640
5850i1,2160
5850j1,138240
5850k1,5184
5850l1,13824
5850m1,40960
5850n1,6144
5850o1,1536
5850p1,15360
5850q1,268800
5850r1,61440
5850s1,1344
5850t1,46080
5850u1,15360
5850v1,5040
5850w1,8400
5850x1,154560
5850y1,10240
5850z1,24576
5850ba1,14336
5850bb1,43200
5850bc1,12960
5850bd1,13824
5850be1,2048
5850bf1,1056
5850bg1,122880
5850bh1,15840
5850bi1,2592
5850bj1,6144
5850bk1,1680
5850bl1,30912
5850bm1,12288
5850bn1,9216
5850bo1,8640
5850bp1,9216
5850bq1,3920
5850br1,9216
5850bs1,25200
5850bt1,46080
5850bu1,2048
5850bv1,7680
5850bw1,268800
5850bx1,6720
5850by1,71680
5850bz1,122880
5850ca1,1728
5850cb1,3072
5850cc1,25920
5852a1,8448
5852b1,1728
5853a1,720
5853b1,264
5854a1,1984
5854b1,5440
5854c1,896
5856a1,832
5856b1,864
5856c1,13824
5856d1,1536
5856e1,832
5856f1,864
5856g1,13824
5856h1,1536
5858a1,7920
5859a1,3600
5859b1,2160
5859c1,10800
5859d1,720
5859e1,1944
5859f1,1944
5860a1,13680
5860b1,624
5862a1,1272
5862b1,3168
5862c1,1092
5862d1,4140
5862e1,3040
5862f1,43680
5862g1,4224
5862h1,815616
5862i1,4320
5862j1,1440
5862k1,768
5862l1,3456
5862m1,576
5863a1,336
5864a1,704
5864b1,224
5864c1,480
5865a1,3168
5865b1,576
5865c1,16320
5865d1,12480
5865e1,3552
5865f1,1728
5865g1,2304
5865h1,2688
5865i1,4320
5867a1,420
5868a1,3600
5868b1,5376
5871a1,800
5871b1,4800
5871c1,3984
5871d1,4320
5872a1,400
5872b1,360
5872c1,2160
5874a1,17920
5874b1,704
5874c1,8640
5874d1,2560
5874e1,1728
5874f1,1280
5874g1,9856
5880a1,11520
5880b1,6720
5880c1,3840
5880d1,5376
5880e1,29568
5880f1,5376
5880g1,2304
5880h1,92160
5880i1,4224
5880j1,768
5880k1,3072
5880l1,6144
5880m1,80640
5880n1,26880
5880o1,960
5880p1,9216
5880q1,768
5880r1,53760
5880s1,26880
5880t1,6144
5880u1,3072
5880v1,329280
5880w1,1920
5880x1,3072
5880y1,11520
5880z1,9216
5880ba1,26880
5880bb1,47040
5880bc1,12288
5880bd1,80640
5880be1,13440
5880bf1,6144
5880bg1,3840
5880bh1,3840
5880bi1,7680
5880bj1,3072
5882a1,5104
5882b1,1456
5882c1,816
5882d1,328992
5882e1,1488
5883a1,560
5885a1,1232
5885b1,2400
5885c1,132000
5885d1,8160
5885e1,480
5886a1,2304
5886b1,504
5886c1,10368
5886d1,1728
5886e1,1200
5886f1,2520
5886g1,3456
5886h1,1728
5886i1,840
5886j1,3600
5886k1,6912
5886l1,1512
5887a1,6720
5887b1,10080
5887c1,40320
5888a1,6528
5888b1,6528
5888c1,6528
5888d1,6528
5889a1,9600
5890a1,56448
5890b1,14400
5890c1,20800
5890d1,3744
5890e1,6144
5890f1,3072
5890g1,529920
5890h1,960
5891a1,1072
5891b1,188
5893a1,14280
5893b1,456
5894a1,504
5894b1,968
5895a1,1664
5895b1,13440
5895c1,2016
5898a1,920
5898b1,1056
5898c1,512
5898d1,37440
5898e1,552
5898f1,166056
5898g1,3528
5898h1,1472
5900a1,1512
5900b1,5184
5900c1,840
5904a1,3456
5904b1,1152
5904c1,6912
5904d1,7680
5904e1,1152
5904f1,4608
5904g1,1536
5904h1,1024
5904i1,5760
5904j1,1920
5904k1,768
5904l1,57600
5904m1,4608
5904n1,8448
5904o1,6400
5904p1,16128
5904q1,322560
5904r1,9216
5904s1,2304
5904t1,2304
5904u1,6912
5904v1,3840
5906a1,2052
5906b1,504
5906c1,2664
5907a1,1280
5907b1,10624
5907c1,576
5907d1,3744
5907e1,7296
5910a1,1920
5910b1,15120
5910c1,1360800
5910d1,5184
5910e1,624
5910f1,21504
5910g1,672
5910h1,480
5910i1,351120
5910j1,7200
5910k1,1280
5910l1,3360
5910m1,12288
5912a1,1280
5913a1,648
5913b1,216
5914a1,496
5915a1,5376
5915b1,28080
5915c1,2520
5915d1,2376
5915e1,3000
5915f1,1368
5915g1,2160
5915h1,39000
5915i1,32760
5915j1,30888
5915k1,8064
5916a1,1440
5916b1,2304
5916c1,1440
5916d1,2880
5918a1,14960
5918b1,2160
5918c1,1456
5918d1,2160
5919a1,700
5919b1,536
5919c1,952
5919d1,6688
5919e1,640
5920a1,768
5920b1,3840
5920c1,3840
5920d1,23520
5920e1,992
5920f1,155904
5920g1,2816
5920h1,155904
5920i1,768
5920j1,23520
5920k1,992
5920l1,2304
5920m1,2304
5920n1,2816
5922a1,2880
5922b1,43008
5922c1,384000
5922d1,18432
5922e1,3072
5922f1,4096
5922g1,32768
5922h1,4096
5922i1,6144
5922j1,5120
5922k1,1344
5922l1,33792
5922m1,15360
5922n1,151200
5922o1,1728
5922p1,2048
5922q1,36864
5922r1,1440
5925a1,8880
5925b1,12672
5925c1,4032
5925d1,10560
5925e1,8640
5925f1,570240
5925g1,5760
5925h1,2112
5925i1,44400
5928a1,57600
5928b1,7680
5928c1,2560
5928d1,1152
5928e1,4224
5928f1,138720
5928g1,20160
5928h1,5760
5928i1,576
5928j1,4480
5928k1,4608
5928l1,3072
5928m1,2560
5928n1,19968
5929a1,1536
5929b1,38400
5929c1,23040
5929d1,2160
5929e1,1280
5929f1,2160
5929g1,34560
5929h1,8640
5930a1,1792
5930b1,9216
5930c1,2048
5930d1,19008
5930e1,1280
5930f1,1728
5930g1,3360
5930h1,4032
5930i1,1008
5930j1,528
5930k1,3600
5931a1,1728
5931b1,4230
5931c1,960
5931d1,1200
5932a1,960
5934a1,16128
5934b1,3072
5934c1,19200
5934d1,12672
5934e1,104832
5934f1,9216
5934g1,22464
5934h1,1536
5934i1,9120
5934j1,768
5935a1,25680
5935b1,1812
5936a1,512
5936b1,832
5936c1,6080
5936d1,7680
5936e1,1024
5936f1,896
5936g1,288
5936h1,14400
5936i1,2400
5936j1,3840
5936k1,92160
5936l1,134400
5936m1,480
5936n1,960
5936o1,43680
5936p1,2048
5936q1,26880
5936r1,8064
5938a1,780
5940a1,4320
5940b1,7920
5940c1,3456
5940d1,1008
5940e1,1296
5940f1,3888
5940g1,3024
5940h1,3456
5940i1,1008
5940j1,4032
5940k1,1296
5940l1,3888
5940m1,12096
5940n1,3024
5940o1,1440
5940p1,23760
5943a1,1656
5943b1,6104
5944a1,264
5946a1,2988
5950a1,2048
5950b1,8960
5950c1,64512
5950d1,5760
5950e1,12672
5950f1,2304
5950g1,94080
5950h1,4800
5950i1,1152
5950j1,10368
5950k1,11520
5950l1,12672
5950m1,51840
5950n1,6400
5950o1,40320
5950p1,1024
5950q1,960
5950r1,5760
5950s1,470400
5952a1,8064
5952b1,1536
5952c1,1920
5952d1,1536
5952e1,5376
5952f1,3840
5952g1,960
5952h1,960
5952i1,2048
5952j1,896
5952k1,11520
5952l1,512
5952m1,960
5952n1,2304
5952o1,896
5952p1,23040
5952q1,768
5952r1,8448
5952s1,8064
5952t1,3072
5952u1,768
5952v1,8448
5952w1,3072
5952x1,512
5952y1,2304
5952z1,23040
5952ba1,3840
5952bb1,960
5952bc1,2048
5952bd1,11520
5952be1,1536
5952bf1,1920
5952bg1,1536
5952bh1,5376
5954a1,69120
5954b1,576
5954c1,4368
5954d1,1620
5954e1,4608
5954f1,1280
5954g1,5600
5954h1,3840
5955a1,3248
5955b1,17420
5955c1,564
5956a1,468
5956b1,3060
5957a1,232
5957b1,640
5958a1,2400
5958b1,4416
5958c1,12160
5958d1,800
5958e1,1472
5958f1,1600
5958g1,4800
5958h1,3840
5958i1,20160
5958j1,2816
5958k1,29952
5958l1,1152
5959a1,928
5960a1,2608
5960b1,832
5960c1,4160
5960d1,832
5962a1,624
5962b1,3456
5962c1,1360
5963a1,376
5964a1,696
5964b1,1080
5964c1,3432
5964d1,1560
5965a1,512
5966a1,232
5966b1,1536
5966c1,76704
5966d1,5880
5966e1,42240
5967a1,720
5967b1,2304
5967c1,2160
5967d1,768
5968a1,880
5968b1,336
5970a1,5376
5970b1,28160
5970c1,3808
5970d1,3808
5970e1,68000
5970f1,11232
5970g1,3200
5970h1,608
5970i1,14112
5970j1,3456
5973a1,1152
5974a1,720
5975a1,1344
5975b1,5088
5976a1,896
5976b1,480
5976c1,480
5976d1,4992
5976e1,2240
5976f1,2688
5978a1,60840
5978b1,13824
5978c1,512
5978d1,3584
5978e1,425880
5978f1,11520
5978g1,1872
5978h1,2520
5978i1,3072
5978j1,360
5978k1,7168
5978l1,16128
5978m1,50176
5979a1,384
5979b1,888
5980a1,2016
5980b1,1296
5980c1,39552
5980d1,7920
5980e1,12528
5982a1,19008
5982b1,2688
5982c1,1440
5982d1,3744
5982e1,2400
5982f1,864
5982g1,1344
5982h1,4320
5982i1,9612
5982j1,1120
5982k1,864
5982l1,2016
5982m1,2880
5982n1,972000
5982o1,864
5983a1,552
5984a1,576
5984b1,2880
5984c1,2880
5984d1,576
5985a1,544
5985b1,640
5985c1,9120
5985d1,1632
5985e1,1920
5985f1,27360
5985g1,4032
5985h1,5632
5985i1,1024
5985j1,3584
5985k1,720
5985l1,168960
5985m1,18000
5985n1,156672
5985o1,3248
5985p1,10752
5985q1,15360
5985r1,2880
5985s1,3600
5986a1,384
5986b1,960
5986c1,576
5987a1,228
5987b1,205
5987c1,897
5988a1,432
5988b1,2160
5989a1,304
5990a1,6688
5990b1,1488
5990c1,864
5990d1,1088
5991a1,668
5992a1,2208
5992b1,3072
5992c1,1728
5992d1,27648
5992e1,43008
5992f1,3264
5993a1,570
5994a1,2016
5994b1,4752
5994c1,6264
5994d1,1548
5994e1,516
5994f1,672
5994g1,1584
5994h1,2088
5995a1,1848
5997a1,344
5997b1,648
5997c1,708
5998a1,480
5998b1,8704
6003a1,1024
6003b1,46080
6003c1,2240
6004a1,1752
6004b1,1536
6004c1,6480
6005a1,512
6005b1,1800
6006a1,15360
6006b1,267520
6006c1,6912
6006d1,5120
6006e1,8064
6006f1,12288
6006g1,15360
6006h1,21504
6006i1,15360
6006j1,10752
6006k1,2560
6006l1,9216
6006m1,61440
6006n1,1536
6006o1,829440
6006p1,4608
6006q1,10368
6006r1,3456
6006s1,1024
6006t1,1152
6006u1,46080
6006v1,768
6006w1,3072
6006x1,672000
6006y1,38400
6006z1,1920
6006ba1,8960
6006bb1,3072
6006bc1,3840
6006bd1,98304
6006be1,3840
6006bf1,30720
6008a1,416
6010a1,44352
6010b1,1008
6011a1,198
6011b1,917
6011c1,308
6013a1,876
6013b1,1440
6014a1,1152
6014b1,448
6016a1,576
6016b1,576
6016c1,576
6016d1,576
6017a1,272
6017b1,1856
6018a1,2304
6018b1,10560
6018c1,8640
6018d1,16848
6018e1,8400
6018f1,28272
6018g1,960
6018h1,21120
6018i1,2640
6018j1,2000
6018k1,516480
6018l1,8976
6019a1,1100
6020a1,3120
6020b1,18576
6020c1,1824
6021a1,384
6021b1,1296
6021c1,432
6021d1,1344
6021e1,4032
6021f1,8640
6021g1,1152
6021h1,2880
6024a1,1440
6024b1,576
6024c1,6480
6024d1,640
6024e1,2432
6024f1,2048
6024g1,2240
6026a1,2016
6026b1,34080
6026c1,15840
6026d1,27040
6027a1,78336
6027b1,107520
6027c1,7200
6027d1,3840
6027e1,2976
6027f1,20832
6027g1,1152
6027h1,2688
6030a1,19968
6030b1,27648
6030c1,1024
6030d1,5120
6030e1,4608
6030f1,8960
6030g1,13824
6030h1,1024
6030i1,25088
6030j1,3072
6030k1,7296
6030l1,11520
6030m1,2560
6030n1,59904
6030o1,27648
6030p1,3072
6030q1,15360
6030r1,1536
6030s1,7680
6030t1,16896
6030u1,1152
6030v1,1280
6030w1,353280
6030x1,71680
6030y1,6144
6031a1,1488
6032a1,384
6032b1,37248
6032c1,896
6032d1,3456
6032e1,5760
6032f1,896
6032g1,29952
6032h1,1152
6033a1,448
6034a1,11424
6034b1,1216
6034c1,87120
6034d1,2304
6034e1,38016
6034f1,2912
6036a1,792
6036b1,840
6036c1,1512
6036d1,1512
6036e1,2040
6040a1,800
6040b1,576
6040c1,18432
6040d1,1792
6040e1,576
6040f1,1056
6040g1,2016
6040h1,320
6040i1,14976
6040j1,2688
6041a1,3090
6042a1,4320
6042b1,12096
6042c1,41472
6042d1,7920
6042e1,28800
6042f1,1440
6042g1,5280
6042h1,9504
6042i1,53568
6042j1,2880
6042k1,1600
6042l1,37584
6042m1,1152
6042n1,2016
6043a1,216
6045a1,826896
6045b1,1152
6045c1,27360
6045d1,1600
6045e1,1439424
6045f1,15600
6045g1,2560
6045h1,58320
6045i1,2592
6045j1,16800
6045k1,82560
6045l1,1920
6046a1,1208
6046b1,8840
6048a1,2016
6048b1,768
6048c1,3840
6048d1,2304
6048e1,11520
6048f1,672
6048g1,2304
6048h1,768
6048i1,3840
6048j1,6912
6048k1,2304
6048l1,11520
6048m1,6912
6048n1,2304
6048o1,3840
6048p1,2304
6048q1,11520
6048r1,768
6048s1,672
6048t1,11520
6048u1,768
6048v1,2016
6048w1,2304
6048x1,3840
6050a1,720
6050b1,10368
6050c1,17280
6050d1,63360
6050e1,25344
6050f1,152064
6050g1,2700
6050h1,80640
6050i1,6336
6050j1,1728
6050k1,4320
6050l1,411840
6050m1,39600
6050n1,5760
6050o1,28800
6050p1,79200
6050q1,7488
6050r1,2880
6050s1,137280
6050t1,21120
6050u1,2496
6050v1,7920
6050w1,114048
6050x1,190080
6050y1,5760
6050z1,57600
6050ba1,2304
6050bb1,13824
6050bc1,11520
6050bd1,576
6050be1,19008
6050bf1,15840
6050bg1,37440
6050bh1,3600
6050bi1,2700
6050bj1,28800
6050bk1,82368
6050bl1,5760
6050bm1,31680
6050bn1,21600
6050bo1,105600
6050bp1,12480
6050bq1,27456
6051a1,708
6051b1,900
6051c1,700
6054a1,2016
6054b1,880
6054c1,7744
6054d1,480
6057a1,1920
6057b1,640
6057c1,1728
6057d1,3840
6057e1,9856
6057f1,24960
6058a1,1728
6058b1,4416
6058c1,1440
6058d1,544
6058e1,1056
6058f1,2080
6060a1,1800
6060b1,2520
6060c1,1320
6060d1,1920
6062a1,15912
6063a1,2592
6063b1,1056
6063c1,2128
6063d1,4320
6064a1,320
6064b1,640
6064c1,1920
6064d1,2112
6065a1,664
6066a1,672
6066b1,18432
6066c1,4608
6066d1,12672
6066e1,4928
6066f1,5120
6066g1,2560
6066h1,8192
6066i1,26040
6066j1,1536
6066k1,2016
6066l1,8640
6066m1,10368
6066n1,1080
6066o1,46656
6067a1,515
6069a1,32256
6069b1,2304
6069c1,13824
6069d1,9216
6069e1,156672
6070a1,2772
6070b1,13248
6070c1,12096
6070d1,660
6070e1,864
6070f1,360
6071a1,1008
6071b1,1920
6072a1,640
6072b1,40320
6072c1,7680
6072d1,2560
6072e1,6720
6072f1,26880
6072g1,1728
6072h1,21600
6072i1,896
6072j1,576
6072k1,1344
6072l1,640
6074a1,2080
6075a1,2160
6075b1,432
6075c1,1296
6075d1,216
6075e1,4320
6075f1,1728
6075g1,648
6075h1,12960
6075i1,5184
6075j1,2592
6075k1,2592
6075l1,864
6075m1,864
6075n1,1350
6075o1,702
6075p1,972
6075q1,2916
6075r1,270
6075s1,4320
6075t1,4320
6075u1,864
6075v1,3510
6075w1,14580
6075x1,7776
6075y1,4860
6075z1,2592
6075ba1,5184
6075bb1,15552
6075bc1,432
6075bd1,2160
6075be1,3240
6075bf1,1080
6075bg1,4320
6075bh1,4320
6075bi1,12960
6075bj1,12960
6076a1,2268
6076b1,1980
6078a1,360
6078b1,4216
6080a1,4608
6080b1,1536
6080c1,1024
6080d1,35840
6080e1,1024
6080f1,7680
6080g1,768
6080h1,16896
6080i1,1536
6080j1,7680
6080k1,1024
6080l1,1280
6080m1,1024
6080n1,35840
6080o1,7680
6080p1,4608
6080q1,1280
6080r1,1536
6080s1,1152
6080t1,1536
6080u1,7680
6080v1,1152
6080w1,768
6080x1,16896
6082a1,2768
6082b1,3696
6083a1,3440
6083b1,1000
6083c1,41552
6083d1,1400
6083e1,31416
6083f1,536
6083g1,272
6084a1,2304
6084b1,2016
6084c1,26208
6084d1,96768
6084e1,32256
6084f1,16128
6084g1,4032
6084h1,32760
6084i1,8064
6084j1,52416
6084k1,2520
6084l1,18720
6084m1,1440
6084n1,16128
6084o1,29952
6084p1,2304
6085a1,320
6085b1,924
6085c1,400
6088a1,848
6088b1,592
6088c1,400
6090a1,3072
6090b1,112320
6090c1,6480
6090d1,2304
6090e1,13440
6090f1,6720
6090g1,32256
6090h1,4224
6090i1,5760
6090j1,51840
6090k1,19440
6090l1,6080
6090m1,2880
6090n1,2304
6090o1,1370880
6090p1,1296
6090q1,82320
6090r1,3200
6090s1,46080
6090t1,206720
6090u1,11520
6090v1,1152
6090w1,6720
6090x1,4032
6090y1,2688
6090z1,95040
6090ba1,9216
6090bb1,21120
6090bc1,2048
6092a1,696
6092b1,462
6092c1,4392
6093a1,768
6093b1,660
6093c1,11264
6093d1,2048
6093e1,199680
6094a1,672
6094b1,19712
6095a1,3280
6096a1,960
6096b1,4480
6096c1,2304
6096d1,576
6096e1,4320
6096f1,88704
6096g1,1440
6096h1,2304
6096i1,1440
6096j1,80640
6096k1,1760
6096l1,2016
6096m1,12672
6096n1,8160
6096o1,1920
6097a1,4272
6097b1,1800
6098a1,1248
6098b1,576
6099a1,4872
6099b1,1008
6099c1,6840
6100a1,6912
6100b1,1296
6102a1,1620
6102b1,4752
6102c1,540
6102d1,14256
6103a1,360
6103b1,2868
6104a1,2080
6104b1,4320
6104c1,80000
6104d1,1408
6104e1,432
6104f1,2976
6105a1,2560
6105b1,4608
6105c1,640
6105d1,1152
6105e1,3456
6105f1,768
6105g1,4608
6105h1,34560
6105i1,1008
6105j1,61440
6105k1,28560
6105l1,1536
6108a1,1440
6108b1,1440
6110a1,3024
6110b1,7200
6110c1,30800
6110d1,3920
6111a1,5376
6111b1,5376
6111c1,1920
6111d1,11520
6111e1,2560
6114a1,2520
6114b1,800
6114c1,4032
6115a1,660
6118a1,21600
6118b1,4800
6118c1,352
6118d1,2880
6118e1,704
6118f1,24288
6118g1,4224
6118h1,1920
6118i1,10752
6118j1,6336
6118k1,4864
6118l1,3168
6118m1,98560
6120a1,2304
6120b1,2560
6120c1,768
6120d1,9216
6120e1,1440
6120f1,26880
6120g1,9216
6120h1,2560
6120i1,2304
6120j1,42240
6120k1,2048
6120l1,1536
6120m1,13824
6120n1,9984
6120o1,2304
6120p1,7680
6120q1,6912
6120r1,6144
6120s1,4608
6120t1,768
6120u1,3840
6120v1,26880
6120w1,1536
6120x1,1280
6120y1,69888
6120z1,215040
6122a1,688
6122b1,2880
6123a1,384
6123b1,640
6123c1,1920
6123d1,4480
6123e1,1440
6123f1,960
6124a1,92256
6124b1,864
6126a1,10524
6126b1,1080
6128a1,3168
6129a1,1560
6129b1,4680
6130a1,6160
6130b1,840
6130c1,1884
6131a1,492
6132a1,480
6132b1,110880
6132c1,3840
6132d1,5760
6132e1,13104
6132f1,1015200
6135a1,19008
6135b1,1872
6135c1,2560
6135d1,3456
6135e1,640
6135f1,1408
6136a1,1920
6136b1,2048
6136c1,100480
6136d1,3072
6136e1,896
6136f1,3744
6136g1,576
6137a1,50400
6137b1,1728
6138a1,5760
6138b1,7680
6138c1,14592
6138d1,2048
6138e1,10752
6138f1,86016
6138g1,12288
6138h1,5120
6138i1,1728
6138j1,23040
6138k1,1920
6138l1,56320
6138m1,59904
6138n1,9216
6138o1,2304
6138p1,6144
6139a1,332
6140a1,552
6140b1,2976
6142a1,1680
6142b1,3760
6146a1,2592
6146b1,672
6146c1,7040
6146d1,3744
6149a1,5472
6149b1,960
6149c1,4800
6150a1,47040
6150b1,6240
6150c1,27648
6150d1,13248
6150e1,42000
6150f1,161280
6150g1,17280
6150h1,2880
6150i1,3072
6150j1,98560
6150k1,36960
6150l1,768
6150m1,11760
6150n1,36864
6150o1,1536
6150p1,7680
6150q1,2880
6150r1,800
6150s1,27456
6150t1,43200
6150u1,6144
6150v1,137280
6150w1,215040
6150x1,2160
6150y1,4608
6150z1,4000
6150ba1,7680
6150bb1,6144
6150bc1,4752
6150bd1,9216
6150be1,1248
6150bf1,19712
6150bg1,66240
6150bh1,7392
6150bi1,3456
6150bj1,3840
6154a1,11760
6156a1,648
6156b1,1944
6156c1,3888
6156d1,1296
6156e1,1008
6156f1,1296
6156g1,1296
6156h1,3024
6157a1,288
6159a1,400
6160a1,24576
6160b1,1024
6160c1,1792
6160d1,1024
6160e1,1024
6160f1,13824
6160g1,13824
6160h1,1536
6160i1,6912
6160j1,6144
6160k1,4608
6160l1,2048
6160m1,1152
6160n1,4096
6160o1,6144
6160p1,61440
6160q1,384
6162a1,17856
6162b1,5440
6162c1,11760
6162d1,20160
6162e1,16128
6162f1,11520
6162g1,768
6162h1,960
6162i1,2880
6162j1,6336
6162k1,2880
6162l1,9072
6162m1,1152
6162n1,2160
6162o1,13248
6162p1,912
6162q1,3888
6164a1,1158
6164b1,2376
6164c1,36072
6165a1,2400
6165b1,800
6165c1,7488
6165d1,46080
6165e1,1600
6165f1,896
6165g1,53760
6165h1,6720
6167a1,276
6168a1,1440
6168b1,640
6168c1,544
6168d1,2592
6168e1,528
6168f1,1152
6168g1,2688
6168h1,384
6170a1,3120
6170b1,576
6170c1,271872
6170d1,1008
6170e1,1792
6171a1,38400
6171b1,15840
6171c1,1440
6171d1,3840
6171e1,15504
6171f1,19200
6171g1,2700
6171h1,7680
6171i1,170544
6175a1,528
6175b1,120000
6175c1,912
6175d1,672
6175e1,4560
6175f1,7680
6175g1,3360
6175h1,2640
6175i1,24000
6175j1,1536
6177a1,800
6177b1,352
6179a1,3816
6180a1,1128
6180b1,1248
6180c1,4800
6181a1,432
6181b1,1854
6181c1,2160
6182a1,2304
6184a1,896
6186a1,4320
6186b1,3776
6186c1,1056
6186d1,35424
6186e1,2800
6188a1,504
6188b1,1344
6188c1,695640
6188d1,21600
6188e1,648
6188f1,3240
6190a1,2128
6190b1,1776
6190c1,1680
6190d1,544
6190e1,1440
6190f1,5200
6192a1,640
6192b1,1920
6192c1,3456
6192d1,1152
6192e1,1024
6192f1,2560
6192g1,1536
6192h1,10752
6192i1,4608
6192j1,4608
6192k1,1024
6192l1,3072
6192m1,1344
6192n1,1152
6192o1,32256
6192p1,37632
6192q1,1536
6192r1,2304
6192s1,7680
6192t1,9216
6192u1,4608
6192v1,4608
6192w1,11520
6192x1,3840
6192y1,145920
6192z1,1536
6192ba1,1920
6193a1,1088
6193b1,38000
6194a1,2448
6194b1,1296
6195a1,27200
6195b1,3648
6195c1,960
6195d1,26400
6195e1,3840
6195f1,1632
6195g1,1920
6195h1,5760
6195i1,768
6195j1,11200
6198a1,1632
6198b1,1248
6198c1,6528
6199a1,308
6199b1,660
6200a1,2304
6200b1,2048
6200c1,5760
6200d1,9216
6200e1,10368
6200f1,864
6200g1,15840
6200h1,3168
6200i1,1120
6200j1,80640
6200k1,25344
6200l1,2304
6201a1,2976
6201b1,992
6201c1,4032
6201d1,960
6201e1,2880
6202a1,7600
6204a1,1152
6204b1,11520
6204c1,1152
6204d1,3456
6204e1,768
6204f1,74880
6204g1,2304
6205a1,584
6205b1,3240
6205c1,13464
6206a1,640
6206b1,960
6206c1,1600
6207a1,880
6208a1,2688
6208b1,640
6208c1,2688
6208d1,640
6209a1,924
6210a1,5040
6210b1,5184
6210c1,1728
6210d1,1152
6210e1,9216
6210f1,3456
6210g1,5760
6210h1,1584
6210i1,19200
6210j1,6912
6210k1,45360
6210l1,1008
6210m1,2304
6210n1,34560
6210o1,2160
6210p1,57600
6210q1,768
6210r1,103680
6210s1,720
6210t1,1728
6210u1,1728
6210v1,2304
6210w1,10368
6210x1,17280
6210y1,4752
6210z1,3024
6210ba1,9216
6210bb1,3456
6210bc1,15120
6210bd1,1680
6211a1,194
6213a1,3744
6213b1,624
6213c1,5880
6213d1,1656
6214a1,1080
6214b1,10584
6214c1,6360
6214d1,344
6215a1,1008
6215b1,928
6216a1,6912
6216b1,1728
6216c1,3456
6216d1,3456
6216e1,768
6216f1,1152
6216g1,23040
6216h1,16320
6216i1,2048
6216j1,26880
6216k1,1280
6216l1,640
6216m1,3584
6216n1,6144
6216o1,640
6216p1,3584
6216q1,1536
6216r1,1920
6216s1,896
6216t1,14336
6216u1,2560
6220a1,2052
6220b1,816
6222a1,640
6222b1,45792
6222c1,12288
6222d1,1008
6222e1,161280
6222f1,28160
6223a1,416
6223b1,2912
6224a1,768
6224b1,768
6224c1,384
6224d1,1600
6225a1,3472
6225b1,4320
6225c1,7200
6225d1,1440
6225e1,2304
6225f1,21600
6225g1,74880
6225h1,3360
6225i1,1120
6225j1,17360
6226a1,2808
6226b1,360
6226c1,17496
6226d1,2400
6226e1,756
6226f1,960
6226g1,106704
6226h1,576
6226i1,6048
6226j1,1584
6226k1,13200
6227a1,412
6227b1,322
6227c1,7210
6228a1,1584
6228b1,816
6228c1,528
6228d1,2448
6228e1,2016
6228f1,1476
6228g1,11232
6230a1,7168
6230b1,6240
6230c1,4480
6230d1,2688
6230e1,1216
6230f1,1731840
6230g1,10080
6230h1,1440
6231a1,5248
6232a1,1184
6234a1,1460
6235a1,7632
6237a1,12960
6237b1,1944
6237c1,38880
6237d1,864
6237e1,18720
6237f1,6240
6237g1,288
6237h1,864
6237i1,528
6237j1,648
6237k1,2592
6237l1,1584
6238a1,392
6238b1,412
6240a1,768
6240b1,1536
6240c1,1024
6240d1,107520
6240e1,1920
6240f1,13440
6240g1,384
6240h1,1920
6240i1,9600
6240j1,4480
6240k1,1536
6240l1,107520
6240m1,1024
6240n1,1920
6240o1,1152
6240p1,13440
6240q1,384
6240r1,9216
6240s1,1920
6240t1,4480
6240u1,3456
6240v1,5760
6240w1,1152
6240x1,29568
6240y1,9216
6240z1,24576
6240ba1,768
6240bb1,3456
6240bc1,5760
6240bd1,29568
6240be1,9600
6240bf1,24576
6241a1,113760
6241b1,1440
6241c1,12480
6242a1,792
6242b1,1296
6242c1,240
6242d1,16560
6243a1,1080
6243b1,2232
6243c1,488
6243d1,504
6244a1,9024
6246a1,640
6246b1,5792
6246c1,2208
6246d1,2176
6246e1,1088
6246f1,5792
6246g1,1920
6246h1,6720
6248a1,2976
6248b1,2592
6248c1,2176
6252a1,2244
6252b1,300
6253a1,1440
6253b1,19152
6253c1,4608
6254a1,3240
6254b1,5568
6255a1,2112
6255b1,704
6255c1,3520
6255d1,6912
6256a1,5248
6256b1,2880
6256c1,2112
6256d1,4032
6256e1,80640
6256f1,1728
6256g1,2496
6256h1,960
6256i1,9600
6256j1,672
6258a1,4480
6258b1,81536
6258c1,403200
6258d1,2016
6258e1,3744
6258f1,2592
6258g1,30240
6258h1,23328
6258i1,7840
6258j1,1280
6258k1,5664
6258l1,16320
6258m1,7200
6258n1,2880
6258o1,6829920
6258p1,1728
6258q1,12000
6258r1,1056
6258s1,49728
6258t1,1212960
6258u1,2880
6258v1,73440
6260a1,23760
6262a1,1144
6262b1,1440
6264a1,2688
6264b1,5760
6264c1,2304
6264d1,8064
6264e1,1920
6264f1,768
6265a1,102704
6265b1,6048
6266a1,1152
6266b1,1560
6267a1,1116
6267b1,2952
6267c1,11700
6267d1,972
6267e1,420
6268a1,414
6268b1,408
6270a1,6144
6270b1,20480
6270c1,1536
6270d1,7680
6270e1,130560
6270f1,1536
6270g1,4608
6270h1,53760
6270i1,21504
6270j1,5376
6270k1,43008
6270l1,64512
6270m1,1536
6270n1,16128
6270o1,11520
6270p1,27648
6270q1,4608
6270r1,32000
6272a1,1536
6272b1,1536
6272c1,1536
6272d1,1152
6272e1,1536
6272f1,1152
6272g1,1152
6272h1,1152
6273a1,17664
6273b1,1408
6274a1,1480
6276a1,2490
6279a1,672
6279b1,117600
6279c1,960
6279d1,1440
6279e1,3456
6279f1,241920
6279g1,41760
6279h1,896
6279i1,11264
6279j1,5760
6279k1,68640
6280a1,4608
6280b1,3072
6280c1,2496
6280d1,960
6280e1,2240
6281a1,2736
6282a1,2208
6282b1,6624
6283a1,236
6283b1,656
6283c1,384
6283d1,796
6284a1,774
6286a1,22464
6286b1,864
6286c1,3312
6286d1,3072
6288a1,704
6288b1,896
6288c1,1344
6288d1,20160
6288e1,6336
6288f1,4032
6288g1,1152
6288h1,6720
6288i1,3648
6288j1,12096
6288k1,12096
6288l1,3456
6288m1,3456
6288n1,960
6288o1,2280
6288p1,5184
6288q1,311040
6288r1,6912
6289a1,1552
6290a1,1872
6290b1,23184
6290c1,187680
6290d1,3072
6290e1,6000
6290f1,6720
6290g1,2160
6290h1,3456
6290i1,3136
6291a1,396
6291b1,864
6291c1,288
6291d1,1188
6292a1,3168
6292b1,34848
6292c1,864
6292d1,14400
6292e1,576
6292f1,19008
6292g1,2100
6292h1,9504
6292i1,6336
6292j1,1728
6293a1,720
6293b1,7120
6293c1,912
6293d1,1200
6293e1,25440
6293f1,1008
6294a1,1920
6294b1,90496
6297a1,504
6297b1,344
6298a1,7296
6300a1,6912
6300b1,6912
6300c1,6912
6300d1,2304
6300e1,1152
6300f1,23040
6300g1,51840
6300h1,8640
6300i1,864
6300j1,6912
6300k1,13824
6300l1,11520
6300m1,16128
6300n1,4608
6300o1,161280
6300p1,3840
6300q1,20160
6300r1,1152
6300s1,11520
6300t1,2304
6300u1,80640
6300v1,2016
6300w1,32256
6300x1,7680
6300y1,5760
6300z1,2304
6300ba1,5760
6300bb1,10368
6300bc1,10080
6300bd1,4320
6300be1,161280
6300bf1,1536
6302a1,83520
6302b1,800
6302c1,2408
6302d1,3744
6304a1,1472
6304b1,1472
6304c1,1160
6304d1,832
6304e1,1160
6304f1,832
6305a1,1056
6305b1,21728
6306a1,8928
6306b1,1760
6306c1,3136
6307a1,2112
6307b1,960
6307c1,28320
6307d1,4400
6307e1,624
6307f1,4200
6307g1,528
6308a1,14472
6308b1,504
6308c1,29232
6308d1,3744
6308e1,1104
6309a1,2112
6309b1,1008
6309c1,82368
6310a1,616
6310b1,2240
6310c1,1088
6310d1,3240
6310e1,1400
6312a1,2560
6312b1,1632
6314a1,1728
6314b1,10752
6314c1,3584
6314d1,2016
6314e1,2880
6314f1,13440
6314g1,6880
6315a1,2112
6315b1,2304
6315c1,2784
6315d1,576
6316a1,270
6318a1,29808
6318b1,1728
6318c1,576
6318d1,1440
6318e1,10368
6318f1,1296
6318g1,9936
6318h1,1728
6318i1,1728
6318j1,4320
6318k1,1296
6318l1,10368
6319a1,480
6320a1,576
6320b1,2880
6320c1,512
6320d1,640
6320e1,864
6320f1,2016
6320g1,2304
6320h1,2720
6320i1,3072
6320j1,4608
6321a1,2880
6321b1,2304
6321c1,43776
6321d1,24192
6321e1,2880
6321f1,3456
6322a1,720
6323a1,746
6324a1,1512
6324b1,960
6324c1,8160
6324d1,2016
6325a1,3264
6325b1,432
6325c1,432
6325d1,6000
6325e1,2160
6325f1,2160
6325g1,6000
6326a1,1392
6327a1,4224
6327b1,1408
6327c1,10080
6327d1,1792
6328a1,768
6328b1,1024
6328c1,1792
6330a1,1600
6330b1,3072
6330c1,95760
6330d1,1440
6330e1,11520
6330f1,11520
6330g1,2160
6330h1,1104
6334a1,720
6334b1,8400
6334c1,2992
6335a1,3600
6335b1,1488
6335c1,69336
6336a1,1536
6336b1,6144
6336c1,512
6336d1,1024
6336e1,6144
6336f1,512
6336g1,6144
6336h1,1536
6336i1,3072
6336j1,2048
6336k1,6144
6336l1,3072
6336m1,7680
6336n1,30720
6336o1,6144
6336p1,2048
6336q1,3072
6336r1,1920
6336s1,1792
6336t1,960
6336u1,43008
6336v1,3072
6336w1,2048
6336x1,3072
6336y1,480
6336z1,2048
6336ba1,1536
6336bb1,30720
6336bc1,2048
6336bd1,6144
6336be1,960
6336bf1,3072
6336bg1,30720
6336bh1,3072
6336bi1,6144
6336bj1,9216
6336bk1,3072
6336bl1,3072
6336bm1,1024
6336bn1,2048
6336bo1,1024
6336bp1,6144
6336bq1,9216
6336br1,3072
6336bs1,3072
6336bt1,1024
6336bu1,6144
6336bv1,2048
6336bw1,1344
6336bx1,480
6336by1,960
6336bz1,2048
6336ca1,1536
6336cb1,1536
6336cc1,6144
6336cd1,30720
6336ce1,6144
6336cf1,1344
6336cg1,960
6336ch1,7680
6336ci1,6144
6336cj1,1536
6336ck1,3072
6336cl1,1792
6336cm1,1920
6336cn1,43008
6338a1,1188
6338b1,1280
6340a1,2544
6340b1,3864
6340c1,648
6342a1,2640
6342b1,9408
6342c1,61200
6342d1,1280
6342e1,43200
6342f1,17280
6342g1,768
6342h1,6336
6342i1,120960
6342j1,4608
6342k1,21120
6342l1,2160
6342m1,2352
6342n1,12672
6342o1,832
6342p1,7680
6345a1,1224
6345b1,408
6346a1,528
6346b1,2000
6346c1,1401840
6346d1,2160
6346e1,1632
6347a1,1540
6348a1,5760
6348b1,132480
6348c1,1440
6348d1,33120
6349a1,912
6350a1,3888
6350b1,3072
6350c1,2304
6350d1,6000
6350e1,1680
6350f1,1200
6351a1,2688
6352a1,1984
6352b1,960
6352c1,1728
6352d1,5184
6352e1,384
6352f1,2112
6354a1,4032
6354b1,960
6354c1,896
6354d1,1920
6354e1,8832
6354f1,6912
6354g1,4608
6354h1,1536
6354i1,65664
6354j1,4480
6354k1,2304
6354l1,2688
6354m1,1344
6354n1,2880
6354o1,5760
6354p1,864
6354q1,4736
6354r1,9984
6355a1,9216
6355b1,15360
6355c1,1280
6355d1,3072
6355e1,672
6355f1,800
6355g1,853248
6355h1,4608
6357a1,1520
6357b1,6576
6357c1,408
6358a1,47736
6358b1,9792
6358c1,5630400
6358d1,11520
6358e1,576
6358f1,331200
6358g1,2808
6358h1,179928
6358i1,10584
6360a1,6144
6360b1,896
6360c1,10560
6360d1,1536
6360e1,1280
6360f1,1152
6360g1,1920
6360h1,1626240
6360i1,672
6360j1,6720
6360k1,1536
6360l1,4608
6362a1,1728
6363a1,2496
6363b1,4608
6363c1,2560
6364a1,864
6364b1,285120
6366a1,504
6366b1,19152
6366c1,1624
6366d1,2200
6366e1,18240
6366f1,1792
6366g1,720
6366h1,16200
6369a1,2496
6369b1,336
6369c1,5120
6369d1,8448
6369e1,1536
6369f1,331776
6369g1,7920
6370a1,5184
6370b1,1016064
6370c1,6912
6370d1,640
6370e1,4608
6370f1,4480
6370g1,6912
6370h1,13824
6370i1,36288
6370j1,46080
6370k1,266112
6370l1,3072
6370m1,59136
6370n1,12672
6370o1,46592
6370p1,17472
6370q1,53760
6370r1,2496
6370s1,88704
6370t1,253440
6370u1,6656
6370v1,27648
6370w1,38016
6370x1,3072
6370y1,11520
6370z1,39168
6370ba1,8448
6370bb1,23040
6372a1,17280
6372b1,1296
6372c1,576
6372d1,3456
6372e1,2160
6372f1,5760
6372g1,504
6372h1,432
6372i1,1728
6372j1,10368
6372k1,6480
6372l1,1512
6373a1,392
6376a1,960
6378a1,3168
6378b1,800
6378c1,98784
6378d1,4000
6378e1,1440
6378f1,16800
6380a1,3264
6380b1,12240
6380c1,47040
6381a1,1320
6382a1,560040
6382b1,648
6384a1,2304
6384b1,1280
6384c1,1024
6384d1,188160
6384e1,768
6384f1,1536
6384g1,19200
6384h1,768
6384i1,1536
6384j1,512
6384k1,1024
6384l1,2304
6384m1,3072
6384n1,12288
6384o1,23040
6384p1,2560
6384q1,27648
6384r1,3840
6384s1,6144
6384t1,7680
6384u1,1536
6384v1,33792
6384w1,1536
6384x1,3840
6384y1,4608
6384z1,10752
6384ba1,32256
6384bb1,1536
6384bc1,3456
6384bd1,11520
6384be1,7680
6384bf1,5376
6384bg1,1536
6390a1,1344
6390b1,17600
6390c1,4608
6390d1,21600
6390e1,24576
6390f1,2048
6390g1,11581440
6390h1,3360
6390i1,3072
6390j1,12288
6390k1,8160
6390l1,3072
6390m1,7168
6390n1,52800
6390o1,4032
6390p1,2880
6390q1,64512
6390r1,73728
6390s1,4096
6390t1,3584
6390u1,18432
6390v1,8192
6390w1,5120
6392a1,1920
6392b1,1152
6393a1,868
6394a1,4512
6394b1,1704
6394c1,1568
6394d1,11016
6396a1,528
6396b1,3888
6396c1,64800
6396d1,600
6396e1,2280
6396f1,31248
6396g1,2520
6398a1,10560
6398b1,40320
6398c1,2160
6399a1,792
6399b1,2376
6400a1,640
6400b1,576
6400c1,768
6400d1,1152
6400e1,768
6400f1,1152
6400g1,384
6400h1,1920
6400i1,1152
6400j1,3840
6400k1,576
6400l1,3840
6400m1,640
6400n1,1152
6400o1,384
6400p1,576
6400q1,384
6400r1,1152
6400s1,1920
6400t1,384
6400u1,576
6400v1,1920
6400w1,1152
6400x1,1920
6402a1,9216
6402b1,2304
6402c1,2304
6402d1,80640
6402e1,19968
6402f1,5376
6402g1,2560
6402h1,9600
6402i1,24576
6402j1,5120
6402k1,1280
6402l1,13312
6402m1,1280
6402n1,37632
6402o1,2048
6402p1,12288
6402q1,7680
6402r1,8064
6402s1,24576
6402t1,5376
6405a1,25920
6405b1,12000
6405c1,2400
6405d1,3072
6405e1,184320
6405f1,576
6405g1,15840
6405h1,10080
6405i1,864
6405j1,3840
6405k1,67392
6405l1,311808
6405m1,12000
6407a1,36792
6408a1,7680
6408b1,2688
6408c1,1920
6409a1,896
6409b1,2560
6409c1,1872
6410a1,1632
6410b1,1248
6410c1,3456
6410d1,1824
6410e1,864
6411a1,1160
6412a1,2208
6412b1,1056
6412c1,660
6412d1,828
6413a1,624
6413b1,6864
6413c1,6912
6413d1,76032
6413e1,12672
6413f1,1152
6413g1,2880
6413h1,46080
6413i1,149760
6413j1,5760
6414a1,13248
6414b1,8568
6414c1,576
6414d1,1152
6414e1,35712
6414f1,6336
6414g1,680
6414h1,84096
6414i1,3240
6414j1,1120
6414k1,1120
6416a1,1248
6416b1,1008
6417a1,1536
6417b1,1056
6417c1,1408
6417d1,512
6417e1,1056
6417f1,4224
6417g1,600
6417h1,10368
6417i1,1536
6417j1,26880
6417k1,20160
6417l1,1728
6417m1,2304
6418a1,552
6418b1,1176
6419a1,2706
6419b1,18942
6419c1,756
6420a1,3024
6420b1,624
6420c1,4368
6422a1,52416
6422b1,4680
6422c1,22464
6422d1,567840
6422e1,5712
6422f1,4104
6422g1,1728
6422h1,25536
6422i1,6720
6422j1,43680
6424a1,28560
6425a1,1344
6426a1,115200
6426b1,13824
6426c1,7200
6426d1,8640
6426e1,36960
6426f1,7680
6426g1,26400
6426h1,34560
6426i1,768
6426j1,36000
6426k1,1920
6426l1,16128
6426m1,1536
6426n1,2016
6426o1,2592
6426p1,345600
6426q1,4608
6426r1,12000
6426s1,2400
6426t1,864
6426u1,11520
6426v1,2304
6426w1,672
6426x1,23040
6426y1,2880
6426z1,5760
6426ba1,110880
6426bb1,5376
6426bc1,4608
6426bd1,79200
6427a1,506
6430a1,2944
6430b1,564
6431a1,16416
6432a1,800
6432b1,768
6432c1,3456
6432d1,3456
6432e1,172800
6432f1,3200
6432g1,800
6432h1,768
6432i1,1920
6432j1,1920
6432k1,3456
6432l1,3456
6432m1,172800
6432n1,3200
6433a1,1320
6435a1,3840
6435b1,1536
6435c1,4608
6435d1,1280
6435e1,2816
6435f1,159744
6435g1,3840
6435h1,43008
6435i1,1152
6435j1,1536
6435k1,1792
6435l1,10752
6435m1,408576
6435n1,16896
6437a1,856
6438a1,13680
6438b1,1440
6438c1,12960
6438d1,6864
6440a1,3584
6440b1,2688
6440c1,1728
6440d1,1920
6440e1,640
6440f1,12288
6440g1,640
6440h1,1024
6440i1,72000
6440j1,2304
6440k1,1920
6441a1,1568
6441b1,5184
6441c1,7560
6442a1,504
6444a1,576
6444b1,1728
6444c1,1536
6444d1,7680
6444e1,4608
6446a1,31680
6446b1,832
6446c1,18176
6446d1,3200
6446e1,1560
6447a1,3328
6447b1,512
6447c1,776
6447d1,14080
6448a1,1728
6448b1,2688
6448c1,1184
6448d1,5760
6448e1,9360
6448f1,4224
6448g1,1920
6448h1,1632
6448i1,24960
6448j1,24192
6448k1,1344
6448l1,3840
6448m1,672
6448n1,25344
6450a1,23520
6450b1,1536
6450c1,69120
6450d1,6528
6450e1,15360
6450f1,52224
6450g1,33600
6450h1,7680
6450i1,5376
6450j1,4800
6450k1,82080
6450l1,11520
6450m1,6912
6450n1,120960
6450o1,7680
6450p1,14400
6450q1,60720
6450r1,33600
6450s1,3600
6450t1,46080
6450u1,720
6450v1,303600
6450w1,11520
6450x1,25643520
6450y1,4320
6450z1,2688
6450ba1,253440
6450bb1,6912
6450bc1,2880
6450bd1,4608
6450be1,6720
6450bf1,25088
6450bg1,5760
6450bh1,253440
6450bi1,3360
6450bj1,32640
6450bk1,26880
6450bl1,960
6450bm1,261120
6450bn1,6720
6450bo1,1536
6451a1,2340
6452a1,3120
6456a1,4608
6457a1,30856
6457b1,2600
6458a1,9040
6460a1,1344
6460b1,35280
6460c1,528
6460d1,2016
6460e1,3456
6460f1,1200
6461a1,184
6461b1,4312
6461c1,672
6461d1,1136
6462a1,960
6462b1,3264
6462c1,7168
6462d1,7680
6462e1,73728
6462f1,1152
6462g1,4608
6462h1,2880
6462i1,1088
6462j1,5376
6462k1,3840
6462l1,8960
6462m1,2688
6462n1,10880
6462o1,1344
6462p1,84480
6464a1,384
6464b1,6528
6464c1,320
6464d1,320
6464e1,896
6464f1,288
6464g1,912
6464h1,2176
6464i1,912
6464j1,1792
6464k1,384
6464l1,6528
6464m1,896
6464n1,1792
6464o1,288
6464p1,2176
6465a1,302400
6465b1,8640
6465c1,2240
6465d1,624
6465e1,33792
6465f1,13440
6465g1,960
6465h1,1344
6466a1,2720256
6466b1,1020
6466c1,1456
6466d1,4560
6468a1,6048
6468b1,50400
6468c1,1008
6468d1,5760
6468e1,3456
6468f1,17280
6468g1,8064
6468h1,2160
6468i1,147840
6468j1,155520
6468k1,7056
6468l1,3456
6468m1,10800
6468n1,201600
6468o1,17280
6468p1,1152
6468q1,14976
6468r1,7200
6468s1,864
6468t1,21120
6470a1,9520
6470b1,592
6471a1,4704
6471b1,51744
6471c1,9824
6471d1,1312
6472a1,1120
6474a1,116064
6474b1,23296
6474c1,17952
6474d1,17472
6474e1,3072
6474f1,768
6474g1,1248
6474h1,1152
6474i1,5760
6474j1,2496
6474k1,9408
6475a1,2880
6475b1,107520
6475c1,4800
6475d1,7680
6475e1,15360
6475f1,960
6475g1,3072
6476a1,1986
6477a1,1104
6477b1,928
6477c1,1584
6478a1,2880
6478b1,48000
6479a1,376
6480a1,1920
6480b1,960
6480c1,1152
6480d1,5760
6480e1,384
6480f1,2880
6480g1,960
6480h1,1728
6480i1,3456
6480j1,1728
6480k1,5184
6480l1,768
6480m1,1728
6480n1,25920
6480o1,2880
6480p1,864
6480q1,1728
6480r1,5184
6480s1,1728
6480t1,1728
6480u1,5184
6480v1,25920
6480w1,864
6480x1,5184
6480y1,3456
6480z1,2304
6482a1,14400
6482b1,4160
6483a1,4396
6483b1,23672
6484a1,1992
6486a1,13824
6486b1,5760
6486c1,1024
6486d1,8064
6486e1,1013760
6486f1,4608
6486g1,8192
6486h1,9216
6486i1,2688
6486j1,2304
6486k1,27648
6486l1,2240
6486m1,15360
6486n1,4480
6486o1,10368
6486p1,6656
6487a1,20628
6489a1,1120
6489b1,3360
6489c1,8448
6489d1,2560
6489e1,2496
6489f1,100928
6489g1,1408
6490a1,640
6490b1,138320
6490c1,4480
6490d1,75840
6490e1,768
6490f1,3120
6490g1,12800
6493a1,490
6494a1,672
6494b1,21120
6494c1,14080
6495a1,2304
6495b1,1376
6495c1,3072
6495d1,1152
6496a1,960
6496b1,15360
6496c1,832
6496d1,3584
6496e1,960
6496f1,15360
6496g1,7680
6496h1,768
6496i1,7680
6496j1,768
6496k1,832
6496l1,3584
6497a1,21600
6497b1,512
6497c1,624
6498a1,109440
6498b1,1920
6498c1,27360
6498d1,17280
6498e1,4320
6498f1,31920
6498g1,17920
6498h1,196992
6498i1,218880
6498j1,21600
6498k1,57600
6498l1,1080
6498m1,5760
6498n1,82080
6498o1,36480
6498p1,5760
6498q1,1440
6498r1,11520
6498s1,20520
6498t1,1680
6498u1,340480
6498v1,34560
6498w1,172800
6498x1,21600
6498y1,10368
6501a1,2976
6501b1,20768
6501c1,4864
6501d1,2520
6504a1,3808
6504b1,3040
6504c1,1056
6505a1,336
6505b1,928
6505c1,4096
6507a1,66600
6507b1,22200
6508a1,1170
6508b1,2352
6510a1,4704
6510b1,2304
6510c1,3072
6510d1,57120
6510e1,6144
6510f1,7200
6510g1,6048
6510h1,6912
6510i1,1440
6510j1,2592
6510k1,6912
6510l1,12288
6510m1,2150400
6510n1,2400
6510o1,6144
6510p1,20480
6510q1,67200
6510r1,40960
6510s1,211680
6510t1,3072
6510u1,5120
6510v1,43008
6510w1,1920
6510x1,635040
6510y1,36864
6510z1,16384
6510ba1,49152
6510bb1,2400
6510bc1,36960
6510bd1,38016
6512a1,640
6512b1,384
6512c1,3456
6512d1,1920
6513a1,576
6513b1,19488
6513c1,960
6513d1,4608
6514a1,1540
6514b1,1280
6515a1,384
6515b1,256
6516a1,11712
6516b1,35136
6516c1,384
6516d1,1152
6516e1,768
6516f1,1152
6516g1,3168
6518a1,6570
6518b1,792
6518c1,12360
6519a1,2112
6519b1,5632
6519c1,2304
6520a1,17040
6520b1,2496
6520c1,368
6522a1,4160
6522b1,1536
6522c1,268800
6523a1,544
6523b1,7140
6523c1,1392
6524a1,960
6524b1,21120
6525a1,5760
6525b1,1920
6525c1,2688
6525d1,26880
6525e1,9216
6525f1,15360
6525g1,3840
6525h1,3072
6525i1,13440
6525j1,1536
6525k1,7680
6525l1,7296
6525m1,36480
6526a1,1632
6528a1,640
6528b1,768
6528c1,640
6528d1,19200
6528e1,640
6528f1,768
6528g1,768
6528h1,19200
6528i1,19200
6528j1,512
6528k1,768
6528l1,19200
6528m1,512
6528n1,512
6528o1,640
6528p1,512
6530a1,2080
6530b1,2272
6531a1,832
6531b1,496
6534a1,2592
6534b1,28512
6534c1,864
6534d1,17424
6534e1,4752
6534f1,172800
6534g1,2700
6534h1,9504
6534i1,17280
6534j1,190080
6534k1,17280
6534l1,5760
6534m1,28800
6534n1,23760
6534o1,720
6534p1,28512
6534q1,2592
6534r1,9504
6534s1,1584
6534t1,52272
6534u1,5760
6534v1,864
6534w1,5760
6534x1,17280
6534y1,57600
6534z1,63360
6534ba1,2700
6534bb1,2160
6534bc1,86400
6534bd1,7920
6535a1,608
6536a1,2496
6536b1,1536
6536c1,5280
6537a1,560
6537b1,2592
6538a1,29808
6538b1,87040
6538c1,18400
6538d1,2912
6540a1,2880
6540b1,8640
6540c1,1728
6540d1,672
6540e1,9504
6540f1,2880
6540g1,1152
6540h1,3072
6540i1,1056
6540j1,39744
6543a1,896
6544a1,640
6545a1,10800
6545b1,1632
6545c1,2016
6545d1,56800
6545e1,816
6545f1,160320
6546a1,14352
6546b1,8160
6546c1,8720
6546d1,1344
6546e1,1820
6546f1,3680
6546g1,608
6546h1,5600
6549a1,720
6550a1,6240
6550b1,1680
6550c1,5632
6550d1,48960
6550e1,7920
6550f1,5040
6550g1,67680
6550h1,5200
6550i1,15552
6550j1,1728
6550k1,244800
6550l1,13536
6550m1,1584
6550n1,5760
6550o1,1008
6550p1,8400
6550q1,1040
6552a1,13440
6552b1,2304
6552c1,7680
6552d1,5760
6552e1,1792
6552f1,7168
6552g1,3072
6552h1,4096
6552i1,2304
6552j1,32256
6552k1,2304
6552l1,4096
6552m1,18432
6552n1,40320
6552o1,768
6552p1,23040
6552q1,1920
6552r1,5376
6552s1,3072
6552t1,30720
6552u1,1440
6552v1,2560
6552w1,3072
6552x1,42240
6552y1,3548160
6552z1,16128
6552ba1,7168
6554a1,1152
6554b1,840
6555a1,23800
6555b1,2976
6555c1,928
6555d1,36288
6555e1,12555000
6555f1,2376
6555g1,1000
6555h1,21600
6555i1,3328
6555j1,544
6555k1,2520
6555l1,286440
6555m1,504
6555n1,57960
6556a1,1008
6557a1,6280
6557b1,1096
6558a1,1960
6558b1,25056
6558c1,67500
6558d1,1800
6558e1,1068
6558f1,1120
6558g1,432
6558h1,3264
6558i1,8288280
6558j1,2016
6558k1,11520
6558l1,12168
6559a1,636
6560a1,640
6560b1,8960
6560c1,3584
6560d1,3584
6560e1,384
6560f1,384
6560g1,640
6560h1,640
6560i1,8960
6560j1,1536
6560k1,1024
6560l1,1536
6560m1,1024
6560n1,640
6562a1,4080
6562b1,720
6562c1,2080
6562d1,1088
6564a1,648
6564b1,3234
6565a1,2176
6565b1,3840
6565c1,19680
6565d1,3040
6566a1,3840
6566b1,26880
6566c1,3072
6566d1,21504
6566e1,2304
6566f1,57600
6566g1,206976
6566h1,29568
6566i1,9216
6566j1,768
6566k1,5376
6566l1,5376
6566m1,37632
6566n1,25344
6566o1,49280
6566p1,7040
6567a1,1288
6567b1,67200
6567c1,1056
6567d1,2400
6570a1,960
6570b1,570240
6570c1,3072
6570d1,15120
6570e1,5760
6570f1,4608
6570g1,3600
6570h1,21120
6570i1,15360
6570j1,3360
6570k1,1680
6570l1,59520
6570m1,4992
6570n1,30720
6570o1,337920
6570p1,2880
6570q1,864
6570r1,1920
6570s1,15360
6570t1,19440
6570u1,8064
6570v1,1008
6570w1,8064
6570x1,9216
6570y1,38016
6570z1,18816
6570ba1,11760
6570bb1,3456
6570bc1,12288
6570bd1,10080
6571a1,192
6572a1,1632
6572b1,1320
6572c1,13536
6572d1,71232
6572e1,25704
6572f1,696
6573a1,544
6573b1,14112
6573c1,14880
6574a1,4160
6574b1,672
6574c1,13536
6574d1,16896
6575a1,1920
6575b1,1440
6575c1,8064
6575d1,1536
6575e1,6528
6576a1,576
6576b1,352
6576c1,3264
6576d1,9120
6576e1,4928
6576f1,19008
6576g1,34560
6576h1,15360
6576i1,720
6576j1,2880
6576k1,4032
6576l1,2112
6576m1,720
6576n1,1536
6578a1,375840
6578b1,1728
6578c1,1600
6578d1,22464
6578e1,10176
6579a1,2016
6579b1,6048
6579c1,19584
6579d1,3600
6579e1,4480
6580a1,3888
6582a1,960
6582b1,36480
6582c1,832
6582d1,4032
6582e1,4224
6582f1,1280
6582g1,2688
6582h1,1440
6584a1,992
6585a1,1248
6585b1,1456
6585c1,2496
6585d1,3192
6585e1,8400
6586a1,6656
6587a1,426
6588a1,576
6588b1,1728
6588c1,576
6588d1,1728
6588e1,216000
6588f1,72000
6588g1,864
6588h1,2592
6592a1,2880
6592b1,2880
6594a1,1456
6594b1,48384
6594c1,2160
6594d1,3952
6594e1,1344
6594f1,1936
6594g1,1680
6594h1,16560
6594i1,15120
6594j1,36288
6594k1,82800
6594l1,1008
6594m1,18480
6594n1,2160
6594o1,5376
6594p1,5616
6594q1,2449040
6594r1,2240
6596a1,648
6596b1,2232
6597a1,1440
6598a1,3968
6598b1,10280
6598c1,1728
6598d1,1760
6598e1,480
6598f1,2520
6600a1,6144
6600b1,960
6600c1,6144
6600d1,73920
6600e1,2304
6600f1,9216
6600g1,36864
6600h1,47424
6600i1,12288
6600j1,36864
6600k1,10560
6600l1,6144
6600m1,9216
6600n1,12480
6600o1,960
6600p1,3072
6600q1,6144
6600r1,14400
6600s1,2880
6600t1,46080
6600u1,26880
6600v1,3072
6600w1,18432
6600x1,2112
6600y1,62400
6600z1,4800
6600ba1,3072
6600bb1,2048
6600bc1,3072
6600bd1,237120
6600be1,4800
6600bf1,369600
6601a1,992
6603a1,624
6603b1,11900
6605a1,704
6606a1,23040
6606b1,1152
6606c1,2160
6606d1,7680
6606e1,34560
6606f1,1664
6606g1,3456
6606h1,7680
6606i1,8064
6608a1,1056
6608b1,40800
6608c1,4320
6608d1,5280
6609a1,25095
6609b1,1344
6610a1,12312
6610b1,3168
6610c1,1024
6611a1,656
6612a1,1200
6612b1,5760
6612c1,3840
6612d1,45360
6613a1,480
6613b1,24480
6614a1,1248
6615a1,5400
6615b1,1728
6615c1,4032
6615d1,1800
6615e1,12600
6615f1,12096
6615g1,576
6615h1,11880
6615i1,37800
6615j1,3960
6618a1,1024
6618b1,1120
6621a1,544
6622a1,23040
6622b1,987840
6622c1,22848
6622d1,26880
6622e1,2112
6622f1,93312
6622g1,832
6622h1,6656
6622i1,4480
6622j1,5760
6623a1,2856
6623b1,1764
6624a1,1024
6624b1,21504
6624c1,1536
6624d1,1024
6624e1,1536
6624f1,8192
6624g1,1024
6624h1,1024
6624i1,21504
6624j1,8192
6626a1,876
6626b1,2204
6627a1,8832
6627b1,1200
6627c1,56400
6627d1,26496
6627e1,1728
6627f1,81216
6627g1,13248
6627h1,26496
6627i1,61824
6629a1,660
6630a1,18240
6630b1,1344
6630c1,2048
6630d1,42240
6630e1,5376
6630f1,53760
6630g1,960
6630h1,14400
6630i1,124800
6630j1,12800
6630k1,11520
6630l1,3584
6630m1,3456
6630n1,4608
6630o1,846720
6630p1,17280
6630q1,15360
6630r1,8448
6630s1,11520
6630t1,18432
6630u1,8064
6630v1,2240
6630w1,276480
6630x1,48640
6630y1,52416
6630z1,25920
6630ba1,3072
6632a1,720
6633a1,7104
6633b1,21312
6633c1,16128
6633d1,10752
6633e1,2880
6633f1,7680
6633g1,137088
6633h1,1920
6633i1,3456
6634a1,1200
6634b1,2040
6634c1,2184
6634d1,100688
6635a1,2540
6636a1,6720
6636b1,1680
6636c1,1728
6639a1,496
6640a1,4352
6640b1,768
6640c1,672
6640d1,1440
6640e1,49152
6640f1,6144
6640g1,7680
6640h1,864
6640i1,7168
6641a1,1952
6642a1,3456
6642b1,13824
6642c1,4032
6642d1,14256
6642e1,5040
6642f1,9072
6642g1,1584
6642h1,2160
6642i1,1872
6642j1,1584
6642k1,5040
6642l1,1872
6642m1,528
6642n1,4752
6642o1,12096
6642p1,1152
6642q1,4608
6642r1,720
6642s1,27216
6642t1,4752
6643a1,8232
6645a1,1088
6645b1,2592
6648a1,1296
6650a1,3456
6650b1,362880
6650c1,8640
6650d1,51840
6650e1,16800
6650f1,13440
6650g1,40320
6650h1,2016
6650i1,7200
6650j1,84000
6650k1,4800
6650l1,40000
6650m1,4800
6650n1,43200
6650o1,8640
6650p1,928
6650q1,43200
6650r1,5760
6650s1,8640
6650t1,6912
6650u1,1728
6650v1,8640
6650w1,3456
6650x1,64512
6650y1,7200
6650z1,8064
6650ba1,11520
6650bb1,3360
6650bc1,960
6650bd1,4640
6650be1,10080
6650bf1,420000
6650bg1,24000
6650bh1,72576
6650bi1,8000
6650bj1,1728
6651a1,1308
6651b1,3924
6651c1,1056
6657a1,512
6657b1,3072
6657c1,192000
6657d1,1152
6657e1,10440
6660a1,2880
6660b1,4800
6660c1,174720
6660d1,21504
6660e1,4320
6660f1,25920
6662a1,372
6662b1,804
6662c1,2436
6663a1,720
6664a1,32256
6664b1,5472
6664c1,38304
6664d1,2880
6664e1,3072
6664f1,4608
6665a1,2880
6666a1,2976
6666b1,52992
6666c1,483840
6666d1,5616
6666e1,1680
6666f1,3456
6666g1,1440
6666h1,6912
6666i1,113904
6667a1,2376
6668a1,798
6669a1,4320
6669b1,1440
6670a1,2320
6670b1,7920
6670c1,5040
6670d1,528
6670e1,54096
6670f1,2736
6672a1,768
6672b1,2688
6672c1,576
6672d1,6656
6672e1,25344
6672f1,896
6672g1,1512
6672h1,3264
6672i1,2304
6672j1,576
6672k1,56448
6672l1,2304
6672m1,9600
6672n1,1152
6672o1,4608
6672p1,16128
6672q1,1536
6675a1,1440
6675b1,7680
6675c1,816
6675d1,4140
6675e1,5376
6675f1,111000
6675g1,19040
6675h1,4080
6675i1,828
6675j1,555000
6677a1,18760
6677b1,408
6677c1,1668
6677d1,3000
6678a1,6720
6678b1,704
6678c1,39936
6678d1,15680
6678e1,1881600
6678f1,14336
6678g1,5376
6678h1,4800
6678i1,2112
6678j1,2240
6678k1,8064
6678l1,27648
6678m1,1280
6678n1,1792
6678o1,11520
6678p1,7680
6678q1,3840
6678r1,134400
6678s1,53760
6678t1,5120
6678u1,19200
6680a1,544
6680b1,127344
6680c1,864
6680d1,6048
6681a1,960
6682a1,1440
6682b1,2856
6682c1,24192
6683a1,960
6685a1,1632
6685b1,1152
6686a1,340
6686b1,612
6686c1,21690
6686d1,3492
6687a1,4224
6688a1,3168
6688b1,1728
6688c1,1728
6688d1,3168
6689a1,346
6690a1,346032
6690b1,12584
6690c1,1944
6690d1,440
6690e1,1080
6690f1,405000
6690g1,360
6690h1,24696
6690i1,2952
6690j1,19992
6690k1,4056
6691a1,330
6691b1,312
6693a1,18144
6693b1,4320
6693c1,592
6693d1,6144
6695a1,608
6696a1,576
6696b1,4032
6696c1,288
6696d1,3456
6696e1,5184
6696f1,3456
6696g1,43200
6696h1,6912
6696i1,1440
6696j1,960
6696k1,2880
6696l1,1728
6696m1,14400
6696n1,480
6696o1,2880
6696p1,8640
6696q1,1728
6696r1,864
6696s1,1152
6696t1,1344
6696u1,1152
6696v1,20736
6699a1,1536
6699b1,832
6699c1,432
6699d1,20736
6699e1,6000
6699f1,1792
6700a1,7740
6700b1,2016
6700c1,19260
6700d1,12960
6700e1,103680
6700f1,540
6700g1,2304
6700h1,528
6700i1,2700
6700j1,1548
6700k1,2640
6700l1,3852
6704a1,672
6704b1,648
6705a1,2208
6705b1,512
6705c1,12768
6705d1,4256
6705e1,736
6705f1,1536
6705g1,13824
6705h1,2560
6705i1,2048
6705j1,1728
6705k1,6400
6705l1,1824
6705m1,2304
6706a1,888
6708a1,8064
6708b1,1344
6708c1,3360
6708d1,4224
6708e1,4032
6708f1,3168
6708g1,2688
6710a1,5760
6710b1,2640
6710c1,80640
6710d1,2496
6710e1,6160
6710f1,2208
6710g1,83200
6710h1,5760
6710i1,3840
6712a1,3680
6712b1,1056
6715a1,3528
6715b1,1908
6715c1,9648
6715d1,1440
6715e1,2808
6715f1,1312
6720a1,3072
6720b1,768
6720c1,24576
6720d1,1024
6720e1,2048
6720f1,18432
6720g1,2048
6720h1,6144
6720i1,30720
6720j1,3072
6720k1,1024
6720l1,9216
6720m1,15360
6720n1,1024
6720o1,2304
6720p1,1024
6720q1,2048
6720r1,6144
6720s1,3072
6720t1,3840
6720u1,6144
6720v1,1024
6720w1,4096
6720x1,26880
6720y1,3072
6720z1,1024
6720ba1,15360
6720bb1,3072
6720bc1,2048
6720bd1,1024
6720be1,2304
6720bf1,3840
6720bg1,6144
6720bh1,4096
6720bi1,215040
6720bj1,1536
6720bk1,3840
6720bl1,1024
6720bm1,2048
6720bn1,2048
6720bo1,2048
6720bp1,9216
6720bq1,1024
6720br1,26880
6720bs1,768
6720bt1,3072
6720bu1,15360
6720bv1,3072
6720bw1,18432
6720bx1,2048
6720by1,2304
6720bz1,768
6720ca1,2048
6720cb1,215040
6720cc1,1536
6720cd1,24576
6720ce1,3840
6720cf1,1024
6720cg1,9216
6720ch1,768
6720ci1,15360
6720cj1,2304
6720ck1,2048
6720cl1,30720
6720cm1,9216
6720cn1,3072
6722a1,480
6723a1,1656
6723b1,2376
6723c1,18684
6723d1,552
6723e1,1050
6723f1,3150
6723g1,792
6723h1,6228
6725a1,840
6726a1,10752
6726b1,102400
6726c1,4480
6726d1,55296
6726e1,5760
6726f1,19200
6726g1,11520
6726h1,10368
6726i1,1792
6726j1,41472
6727a1,53568
6727b1,1728
6728a1,13440
6728b1,24360
6728c1,840
6728d1,13440
6729a1,752
6730a1,3264
6730b1,5120
6732a1,9216
6732b1,1536
6732c1,129024
6732d1,5376
6734a1,1152
6734b1,2520
6734c1,5120
6735a1,1216
6735b1,768
6736a1,928
6736b1,1440
6736c1,3744
6738a1,480
6738b1,464
6738c1,19824
6738d1,69360
6738e1,1680
6738f1,9680
6740a1,1296
6741a1,960
6744a1,576
6744b1,11968
6744c1,384
6744d1,3200
6746a1,444
6748a1,2100
6748b1,348
6749a1,1024
6749b1,352
6751a1,11760
6751b1,504
6751c1,14688
6752a1,384
6752b1,384
6753a1,3168
6754a1,13536
6754b1,1224
6754c1,704
6755a1,2520
6755b1,2240
6755c1,1248
6756a1,936
6759a1,832
6760a1,768
6760b1,14976
6760c1,5376
6760d1,2880
6760e1,99840
6760f1,14976
6760g1,2304
6760h1,1152
6760i1,5376
6760j1,1152
6760k1,9984
6760l1,37440
6760m1,7680
6762a1,8064
6762b1,5760
6762c1,2160
6762d1,4800
6762e1,9216
6762f1,230400
6762g1,53760
6762h1,10752
6762i1,2880
6762j1,4032
6762k1,15120
6762l1,28224
6762m1,33600
6762n1,46080
6762o1,2880
6762p1,1152
6762q1,74880
6762r1,7680
6762s1,75264
6762t1,202752
6762u1,20160
6762v1,9216
6762w1,6048
6762x1,26208
6762y1,5760
6762z1,1008
6762ba1,16128
6762bb1,46080
6762bc1,262080
6762bd1,190080
6762be1,17136
6762bf1,7056
6762bg1,2448
6762bh1,24576
6762bi1,3072
6762bj1,42336
6762bk1,2304
6762bl1,17280
6762bm1,3744
6762bn1,37440
6765a1,2880
6765b1,7200
6765c1,14976
6765d1,768
6765e1,2592
6765f1,1728
6765g1,147744
6766a1,31200
6766b1,1152
6766c1,1344
6766d1,1760
6768a1,1536
6768b1,7680
6768c1,16896
6768d1,2560
6768e1,337920
6768f1,2048
6768g1,2560
6768h1,3840
6768i1,768
6768j1,2304
6768k1,1280
6768l1,1536
6768m1,3840
6768n1,2304
6768o1,9216
6768p1,3072
6768q1,2304
6768r1,6144
6768s1,3840
6768t1,8960
6768u1,12288
6769a1,1416
6770a1,1760
6770b1,2688
6770c1,1496
6770d1,2760
6770e1,16296
6771a1,704
6771b1,18720
6771c1,1440
6774a1,7168
6774b1,76800
6774c1,768
6774d1,5440
6774e1,2000
6774f1,15840
6774g1,9680
6775a1,1920
6776a1,3840
6776b1,9984
6776c1,2560
6776d1,109824
6776e1,11520
6776f1,115200
6776g1,5760
6776h1,7680
6776i1,11520
6778a1,2288
6780a1,4032
6780b1,8640
6780c1,960
6780d1,20160
6780e1,31680
6780f1,2304
6780g1,1200
6782a1,1628
6782b1,2880
6782c1,4480
6782d1,1344
6782e1,28800
6782f1,896
6783a1,1088
6783b1,6240
6783c1,18880
6783d1,43200
6783e1,25152
6783f1,6048
6784a1,768
6784b1,4352
6784c1,544
6784d1,6240
6784e1,3072
6784f1,1088
6784g1,1088
6784h1,1536
6784i1,768
6784j1,1536
6784k1,4352
6784l1,544
6784m1,6240
6784n1,384
6784o1,2176
6784p1,384
6784q1,3072
6784r1,2176
6784s1,12480
6784t1,12480
6786a1,1344
6786b1,8064
6786c1,4320
6786d1,14976
6786e1,9216
6786f1,8064
6786g1,65664
6786h1,4032
6786i1,2688
6786j1,896
6786k1,435456
6786l1,3456
6786m1,8704
6786n1,37440
6786o1,1152
6786p1,27648
6786q1,174720
6786r1,5760
6786s1,12672
6786t1,7200
6789a1,2880
6789b1,11024
6790a1,280896
6790b1,1728
6790c1,12000
6790d1,1920
6790e1,612480
6790f1,4256
6790g1,30240
6792a1,1344
6792b1,1152
6792c1,38208
6794a1,1408
6794b1,4992
6794c1,5824
6795a1,3840
6795b1,8960
6795c1,74256
6795d1,1344
6795e1,1200
6795f1,403200
6795g1,5760
6795h1,241920
6795i1,768
6795j1,59136
6795k1,4608
6795l1,640
6795m1,480
6795n1,15360
6795o1,3072
6795p1,1056
6796a1,564
6798a1,1321488
6798b1,12960
6798c1,5040
6798d1,9200
6798e1,11088
6798f1,3744
6798g1,6480
6798h1,816
6798i1,2992
6798j1,13824
6798k1,4320
6798l1,24624
6798m1,149040
6798n1,49920
6798o1,55440
6800a1,3072
6800b1,2304
6800c1,18432
6800d1,2048
6800e1,2304
6800f1,17280
6800g1,3456
6800h1,2048
6800i1,2304
6800j1,32256
6800k1,768
6800l1,6144
6800m1,92160
6800n1,9216
6800o1,11520
6800p1,23040
6800q1,288
6800r1,48384
6800s1,6912
6800t1,6912
6800u1,2688
6800v1,1440
6800w1,3840
6800x1,13440
6800y1,161280
6800z1,4608
6802a1,2128
6802b1,2184
6802c1,10080
6802d1,864
6804a1,2592
6804b1,2592
6804c1,1296
6804d1,1296
6804e1,1296
6804f1,5184
6804g1,432
6804h1,1728
6805a1,1728
6805b1,1520
6805c1,1024
6805d1,16128
6805e1,720
6806a1,36864
6806b1,576
6806c1,2528
6806d1,33120
6806e1,7168
6806f1,16544
6807a1,1312
6807b1,400
6807c1,608
6807d1,9072
6807e1,1152
6807f1,2464
6808a1,432
6808b1,270720
6808c1,2880
6808d1,80320
6808e1,18720
6808f1,25200
6810a1,1440
6810b1,9360
6810c1,1920
6810d1,18816
6810e1,4320
6810f1,23520
6810g1,672
6810h1,57024
6810i1,54432
6810j1,13440
6810k1,1728
6810l1,3360
6810m1,6048
6810n1,71424
6811a1,1224
6811b1,2478
6811c1,4224
6811d1,448
6811e1,354
6811f1,1980
6811g1,416
6811h1,3136
6811i1,2912
6811j1,6528
6811k1,8568
6813a1,896
6813b1,5888
6813c1,2688
6813d1,1920
6813e1,3584
6814a1,1680
6814b1,640
6814c1,624
6814d1,6384
6814e1,3120
6814f1,720
6815a1,23400
6815b1,91392
6815c1,2112
6816a1,1024
6816b1,4032
6816c1,1024
6816d1,768
6816e1,768
6816f1,4032
6818a1,43520
6818b1,12096
6818c1,5904
6818d1,1152
6818e1,640
6818f1,5400
6818g1,2080
6818h1,558720
6819a1,31400
6819b1,1320
6820a1,960
6820b1,4608
6820c1,26880
6821a1,264
6821b1,1656
6822a1,1776
6822b1,2112
6822c1,4128
6822d1,592
6822e1,1920
6822f1,16128
6823a1,774
6825a1,2304
6825b1,20736
6825c1,4608
6825d1,6144
6825e1,94080
6825f1,1536
6825g1,48000
6825h1,18432
6825i1,6720
6825j1,11520
6825k1,7680
6825l1,9600
6828a1,1500
6831a1,2352
6831b1,55872
6831c1,1728
6831d1,576
6831e1,7056
6831f1,18624
6832a1,3840
6832b1,1024
6832c1,8064
6832d1,1584
6832e1,6912
6832f1,864
6832g1,1792
6832h1,1296
6832i1,2304
6832j1,5760
6832k1,1536
6834a1,2400
6834b1,1034880
6834c1,1440
6834d1,1920
6834e1,9600
6834f1,1056
6834g1,4992
6834h1,4032
6834i1,80640
6834j1,412160
6834k1,31680
6834l1,9792
6834m1,4032
6834n1,172800
6834o1,3744
6834p1,12480
6834q1,33600
6834r1,2880
6834s1,7200
6834t1,3136
6834u1,46656
6834v1,864
6834w1,20160
6834x1,2880
6835a1,600
6835b1,1104
6836a1,696
6838a1,2080
6838b1,11592
6838c1,1440
6838d1,51984
6838e1,1440
6838f1,1440
6838g1,53568
6839a1,428
6840a1,5120
6840b1,38400
6840c1,7680
6840d1,2048
6840e1,8192
6840f1,2048
6840g1,53760
6840h1,3072
6840i1,2560
6840j1,12800
6840k1,2560
6840l1,15360
6840m1,3072
6840n1,6720
6840o1,3072
6840p1,1536
6840q1,53760
6840r1,4096
6840s1,2304
6840t1,10240
6840u1,18432
6843a1,432
6843b1,1680
6843c1,2324
6843d1,3432
6845a1,10944
6845b1,74592
6845c1,8208
6845d1,65664
6845e1,2016
6846a1,6912
6846b1,36864
6848a1,768
6848b1,576
6848c1,5376
6848d1,3840
6848e1,1024
6848f1,2304
6848g1,640
6848h1,1728
6848i1,1792
6848j1,11520
6848k1,2304
6848l1,1024
6848m1,896
6848n1,2304
6848o1,640
6848p1,1728
6848q1,11520
6848r1,1792
6848s1,2304
6848t1,896
6848u1,768
6848v1,576
6848w1,3840
6848x1,5376
6849a1,2240
6850a1,4608
6850b1,62208
6850c1,3024
6850d1,960
6850e1,24320
6850f1,34560
6850g1,14256
6850h1,1728
6850i1,4864
6850j1,4800
6851a1,228480
6852a1,720
6853a1,35520
6853b1,2240
6853c1,864
6853d1,5280
6853e1,11184
6853f1,6384
6853g1,416
6853h1,2976
6854a1,3240
6854b1,1192
6855a1,3200
6855b1,2880
6856a1,1432
6856b1,800
6858a1,3240
6858b1,936
6858c1,4536
6858d1,2592
6858e1,1728
6858f1,2736
6858g1,2592
6858h1,4536
6858i1,576
6858j1,1080
6858k1,2808
6858l1,8208
6862a1,2624
6862b1,2048
6862c1,640
6862d1,1680
6862e1,48384
6862f1,1080
6862g1,7680
6864a1,10752
6864b1,1920
6864c1,1024
6864d1,5376
6864e1,3456
6864f1,18816
6864g1,9600
6864h1,3072
6864i1,1536
6864j1,846720
6864k1,24192
6864l1,3840
6864m1,5376
6864n1,1920
6864o1,74880
6864p1,31104
6864q1,13824
6864r1,4096
6864s1,5760
6864t1,3456
6864u1,4608
6864v1,1024
6864w1,6912
6864x1,27648
6864y1,13824
6864z1,2304
6864ba1,63360
6865a1,1040
6865b1,4848
6867a1,7680
6867b1,1024
6867c1,3072
6867d1,1920
6867e1,6144
6868a1,1200
6870a1,11648
6872a1,880
6873a1,768
6874a1,74688
6876a1,2112
6877a1,1152
6877b1,26496
6878a1,56304
6878b1,4960
6878c1,4320
6878d1,65520
6878e1,8384
6878f1,896
6878g1,31728
6880a1,1344
6880b1,60032
6880c1,10880
6880d1,1344
6880e1,1408
6880f1,10880
6880g1,1920
6880h1,60032
6880i1,1920
6880j1,1408
6882a1,2352
6882b1,41040
6882c1,77760
6882d1,1728
6882e1,79040
6882f1,26400
6882g1,11520
6882h1,2592
6882i1,18144
6882j1,13104
6882k1,2048
6885a1,35712
6885b1,4320
6885c1,51408
6885d1,7776
6885e1,11904
6885f1,2592
6885g1,1440
6885h1,17136
6886a1,14040
6886b1,2304
6888a1,1024
6888b1,43680
6888c1,2112
6889a1,13776
6890a1,5120
6890b1,3648
6890c1,2016
6890d1,1440
6890e1,848160
6890f1,2592
6890g1,101088
6890h1,10368
6890i1,4864
6890j1,6400
6890k1,960
6890l1,31200
6890m1,2464
6890n1,704
6890o1,7168
6891a1,3240
6894a1,2016
6894b1,1376
6894c1,6144
6894d1,35904
6894e1,1536
6894f1,4608
6894g1,4128
6894h1,672
6894i1,4032
6894j1,20160
6894k1,3168
6894l1,48000
6894m1,6336
6896a1,448
6896b1,640
6896c1,704
6896d1,15360
6896e1,3072
6896f1,2560
6896g1,1296
6896h1,640
6896i1,768
6896j1,3456
6896k1,4608
6897a1,5720
6897b1,118800
6897c1,10800
6897d1,21600
6897e1,3360
6897f1,2160
6897g1,16200
6899a1,451
6900a1,32256
6900b1,36000
6900c1,6912
6900d1,864
6900e1,12096
6900f1,2880
6900g1,1048320
6900h1,4320
6900i1,7200
6902a1,29520
6902b1,8384
6902c1,16704
6902d1,1296
6902e1,13632
6903a1,6720
6903b1,1088
6903c1,2240
6903d1,3264
6903e1,2688
6903f1,2304
6904a1,744
6905a1,1000
6906a1,896
6906b1,7680
6908a1,2016
6909a1,19656
6909b1,57600
6909c1,9240
6909d1,2304
6909e1,3960
6909f1,161280
6909g1,2808
6909h1,5376
6909i1,3456
6909j1,3840
6909k1,13824
6909l1,1320
6910a1,2688
6910b1,3472
6910c1,5712
6910d1,4048
6910e1,864
6910f1,110880
6910g1,829920
6910h1,960
6910i1,672
6910j1,468
6911a1,776
6912a1,1536
6912b1,4608
6912c1,1536
6912d1,576
6912e1,4608
6912f1,1152
6912g1,1536
6912h1,4608
6912i1,1536
6912j1,3456
6912k1,4608
6912l1,1728
6912m1,2304
6912n1,768
6912o1,2304
6912p1,3456
6912q1,768
6912r1,1728
6912s1,2304
6912t1,768
6912u1,2304
6912v1,576
6912w1,768
6912x1,1152
6913a1,448
6914a1,11220
6914b1,3492
6914c1,1332
6914d1,1050
6914e1,504
6914f1,4200
6915a1,1800
6915b1,72600
6915c1,3360
6915d1,712
6915e1,672
6916a1,816
6916b1,3312
6916c1,600
6916d1,12240
6916e1,6120
6916f1,33264
6918a1,2304
6918b1,768
6918c1,7680
6918d1,22272
6918e1,32160
6920a1,2880
6921a1,2560
6921b1,94208
6921c1,1024
6921d1,1536
6922a1,610
6923a1,1008
6923b1,2352
6924a1,14280
6925a1,1280
6925b1,10620
6925c1,2124
6927a1,468
6928a1,1248
6928b1,2304
6928c1,1792
6930a1,43008
6930b1,1536
6930c1,7680
6930d1,6144
6930e1,6912
6930f1,6144
6930g1,8192
6930h1,4608
6930i1,368640
6930j1,23040
6930k1,122880
6930l1,1536
6930m1,12288
6930n1,20480
6930o1,27648
6930p1,13824
6930q1,13824
6930r1,2048
6930s1,2560
6930t1,6912
6930u1,4608
6930v1,14336
6930w1,6144
6930x1,24576
6930y1,81920
6930z1,12288
6930ba1,18432
6930bb1,4096
6930bc1,8192
6930bd1,10240
6930be1,200704
6930bf1,7680
6930bg1,30720
6930bh1,13824
6930bi1,12288
6930bj1,1536
6930bk1,13824
6930bl1,110592
6930bm1,4096
6933a1,1120
6936a1,1440
6936b1,134640
6936c1,9216
6936d1,23040
6936e1,24480
6936f1,7920
6936g1,110160
6936h1,18432
6936i1,720
6936j1,7776
6936k1,14688
6936l1,864
6936m1,2560
6936n1,69120
6936o1,6480
6936p1,132192
6936q1,12240
6940a1,792
6940b1,3792
6942a1,1728
6942b1,4320
6942c1,2688
6942d1,4608
6942e1,2688
6942f1,1152
6942g1,3200
6942h1,768
6942i1,7680
6942j1,768
6942k1,672
6942l1,5184
6942m1,1632
6942n1,65664
6944a1,960
6944b1,960
6944c1,768
6944d1,576
6944e1,768
6944f1,576
6944g1,1152
6944h1,1152
6945a1,608
6945b1,8640
6945c1,1536
6945d1,31840
6946a1,50400
6946b1,1248
6948a1,3840
6950a1,4480
6950b1,10080
6950c1,2752
6950d1,5040
6950e1,9792
6950f1,1008
6950g1,13760
6950h1,2016
6951a1,5920
6951b1,5760
6952a1,5600
6952b1,4352
6953a1,1216
6954a1,9600
6954b1,35520
6954c1,69120
6954d1,3840
6954e1,25920
6954f1,63360
6954g1,4800
6954h1,1104
6954i1,2496
6954j1,16128
6954k1,1728
6954l1,3264
6954m1,85680
6954n1,7680
6954o1,1034880
6956a1,4536
6956b1,1572
6958a1,15840
6958b1,1512
6958c1,3072
6958d1,27648
6958e1,3456
6958f1,18432
6958g1,110880
6958h1,23040
6958i1,106920
6958j1,2160
6958k1,6144
6958l1,15120
6958m1,1512
6958n1,41472
6958o1,6144
6958p1,11880
6960a1,3072
6960b1,15360
6960c1,1024
6960d1,7680
6960e1,5760
6960f1,3840
6960g1,54720
6960h1,4032
6960i1,1024
6960j1,18432
6960k1,1152
6960l1,6144
6960m1,30720
6960n1,768
6960o1,3840
6960p1,768
6960q1,4608
6960r1,9600
6960s1,17472
6960t1,1536
6960u1,1728
6960v1,1440
6960w1,34560
6960x1,38400
6960y1,1536
6960z1,15360
6960ba1,6912
6960bb1,1344
6960bc1,6144
6960bd1,1920
6960be1,5120
6960bf1,3072
6960bg1,4608
6960bh1,10080
6960bi1,2304
6960bj1,1536
6960bk1,26880
6960bl1,4608
6960bm1,480
6960bn1,54720
6960bo1,6144
6962a1,4320
6962b1,63720
6962c1,41760
6962d1,20880
6962e1,545160
6962f1,3360
6962g1,47200
6962h1,254880
6962i1,1080
6962j1,13920
6962k1,132240
6962l1,9240
6962m1,198240
6962n1,800
6963a1,8652
6963b1,3888
6963c1,13988
6963d1,4320
6963e1,324
6965a1,784
6965b1,3360
6965c1,1128
6965d1,5280
6966a1,768
6966b1,504
6966c1,3456
6966d1,4608
6966e1,20160
6966f1,31680
6966g1,4536
6966h1,6720
6966i1,3456
6966j1,10560
6966k1,4536
6966l1,1536
6966m1,2304
6966n1,1512
6967a1,292
6969a1,1600
6969b1,7392
6970a1,1040
6970b1,2304
6970c1,3840
6970d1,30240
6970e1,31200
6970f1,16384
6970g1,20416
6970h1,20000
6972a1,1440
6972b1,1296
6972c1,88704
6972d1,3600
6972e1,51408
6972f1,3456
6974a1,8220
6974b1,860
6975a1,14400
6975b1,4800
6975c1,72000
6975d1,24000
6975e1,2880
6975f1,62400
6975g1,6144
6975h1,768
6975i1,9216
6975j1,1728
6975k1,4608
6975l1,290304
6975m1,14400
6975n1,4608
6975o1,12480
6975p1,3840
6975q1,8640
6975r1,23040
6975s1,1451520
6976a1,2048
6976b1,320
6976c1,320
6976d1,1024
6976e1,4608
6976f1,2048
6976g1,1024
6976h1,4608
6978a1,1400
6978b1,39648
6980a1,864
6980b1,16632
6980c1,2400
6981a1,3680
6981b1,672
6981c1,3584
6984a1,896
6984b1,3072
6984c1,1280
6984d1,4608
6984e1,3072
6984f1,2688
6984g1,2048
6984h1,3584
6984i1,3072
6986a1,896
6987a1,960
6987b1,8880
6987c1,1296
6987d1,1664
6989a1,240
6990a1,118800
6990b1,14400
6990c1,1920
6990d1,576
6990e1,152000
6990f1,16000
6990g1,2880
6990h1,24192
6990i1,1152
6990j1,6720
6990k1,601920
6990l1,4864
6990m1,5184
6990n1,4800
6990o1,4800
6990p1,8064
6990q1,2304
6990r1,5040
6990s1,373120
6992a1,17920
6992b1,4800
6992c1,768
6992d1,656
6992e1,1024
6992f1,4224
6992g1,1344
6992h1,1344
6992i1,2304
6992j1,32256
6992k1,5760
6992l1,2880
6992m1,1728
6992n1,3456
6992o1,9600
6992p1,1920
6992q1,3840
6992r1,1600
6992s1,86400
6992t1,3456
6992u1,12960
6992v1,1440
6993a1,2592
6993b1,864
6994a1,984
6994b1,1792
6994c1,55176
6994d1,1944
6994e1,285768
6994f1,1720
6996a1,1056
7002a1,9912
7002b1,3304
7004a1,360
7006a1,3456
7006b1,768
7006c1,3520
7007a1,1440
7007b1,80640
7007c1,7296
7007d1,48384
7008a1,512
7008b1,1536
7008c1,1024
7008d1,512
7008e1,1920
7008f1,768
7008g1,1024
7008h1,1920
7008i1,768
7008j1,1536
7009a1,17784
7010a1,560
7010b1,4080
7010c1,6160
7010d1,816
7011a1,3360
7011b1,1120
7011c1,36480
7011d1,1344
7011e1,54528
7014a1,4608
7014b1,40320
7014c1,112896
7014d1,3456
7014e1,332928
7014f1,9216
7014g1,2035040
7014h1,3840
7014i1,864
7014j1,34560
7014k1,832
7014l1,48384
7014m1,1024
7014n1,16128
7014o1,2784
7014p1,4320
7015a1,7840
7016a1,720
7017a1,1988
7018a1,8712
7018b1,5400
7018c1,792
7018d1,5720
7019a1,288
7019b1,360
7020a1,2376
7020b1,648
7020c1,38880
7020d1,720
7020e1,42840
7020f1,15120
7020g1,720
7020h1,10800
7020i1,70200
7020j1,16200
7020k1,128520
7020l1,5040
7020m1,2160
7020n1,3600
7020o1,23400
7020p1,48600
7020q1,792
7020r1,1944
7020s1,116640
7020t1,2160
7021a1,3504
7023a1,13360
7024a1,504
7025a1,1152
7025b1,6912
7025c1,5184
7025d1,2880
7025e1,19968
7026a1,2928
7028a1,1368
7029a1,3456
7029b1,1024
7029c1,20736
7029d1,4608
7029e1,9216
7029f1,19584
7029g1,2304
7029h1,2048
7029i1,5632
7029j1,20480
7030a1,3840
7030b1,38080
7030c1,6912
7030d1,24624
7030e1,3136
7030f1,76080
7030g1,23296
7030h1,25536
7030i1,1840
7030j1,165888
7032a1,1088
7035a1,8960
7035b1,2304
7035c1,3040
7035d1,6240
7035e1,2592
7035f1,213248
7035g1,1152
7035h1,2304
7035i1,35840
7035j1,10560
7035k1,1600
7035l1,1152
7037a1,1440
7037b1,2520
7038a1,576
7038b1,12800
7038c1,1536
7038d1,16128
7038e1,560
7038f1,80640
7038g1,6912
7038h1,39168
7038i1,5040
7038j1,1728
7038k1,10752
7038l1,4608
7038m1,11520
7038n1,9216
7038o1,19200
7038p1,218880
7038q1,1728
7038r1,23040
7040a1,6144
7040b1,3200
7040c1,12096
7040d1,6144
7040e1,896
7040f1,12096
7040g1,1600
7040h1,448
7040i1,24192
7040j1,6144
7040k1,1600
7040l1,448
7040m1,1152
7040n1,23040
7040o1,512
7040p1,576
7040q1,896
7040r1,512
7040s1,23040
7040t1,3200
7040u1,576
7040v1,23040
7040w1,512
7040x1,6144
7040y1,1152
7040z1,512
7040ba1,23040
7040bb1,24192
7041a1,5728
7042a1,1056
7042b1,187200
7042c1,9504
7042d1,46656
7042e1,1440
7044a1,768
7045a1,424
7045b1,1752
7046a1,1920
7050a1,2304
7050b1,2160
7050c1,18480
7050d1,60480
7050e1,23040
7050f1,10080
7050g1,5120
7050h1,6144
7050i1,1440
7050j1,48384
7050k1,4608
7050l1,403200
7050m1,1536
7050n1,28800
7050o1,19584
7050p1,12480
7050q1,86400
7050r1,6080
7050s1,17280
7050t1,5760
7050u1,97920
7050v1,57600
7050w1,26880
7050x1,2496
7050y1,7200
7050z1,1216
7050ba1,7680
7050bb1,2016
7050bc1,4608
7050bd1,380160
7050be1,10800
7050bf1,3696
7050bg1,6912
7050bh1,19200
7050bi1,11520
7050bj1,12096
7051a1,432
7052a1,336
7052b1,9120
7053a1,9612
7053b1,2088
7053c1,30960
7053d1,528
7053e1,936
7053f1,948
7053g1,12096
7053h1,720
7053i1,6840
7054a1,1827
7055a1,6600
7055b1,712
7056a1,1920
7056b1,5760
7056c1,13440
7056d1,40320
7056e1,40320
7056f1,13440
7056g1,3072
7056h1,3072
7056i1,9216
7056j1,9216
7056k1,5760
7056l1,1920
7056m1,4704
7056n1,26880
7056o1,1440
7056p1,16128
7056q1,14336
7056r1,2048
7056s1,672
7056t1,3840
7056u1,10080
7056v1,6144
7056w1,18432
7056x1,6144
7056y1,2304
7056z1,3072
7056ba1,9216
7056bb1,4032
7056bc1,1728
7056bd1,24192
7056be1,24192
7056bf1,1152
7056bg1,576
7056bh1,12096
7056bi1,3456
7056bj1,3456
7056bk1,16128
7056bl1,5760
7056bm1,13440
7056bn1,11520
7056bo1,5040
7056bp1,9216
7056bq1,2048
7056br1,9216
7056bs1,2304
7056bt1,1536
7056bu1,40320
7056bv1,10752
7056bw1,1920
7056bx1,12288
7056by1,36864
7056bz1,80640
7056ca1,720
7056cb1,9216
7056cc1,12288
7056cd1,86016
7057a1,2736
7057b1,528
7057c1,976
7057d1,1136
7058a1,2160
7059a1,1536
7059b1,640
7059c1,350880
7059d1,1728
7059e1,576
7060a1,792
7060b1,2376
7060c1,360
7060d1,3240
7060e1,4440
7062a1,7168
7062b1,216000
7062c1,29808
7062d1,1728
7062e1,7680
7062f1,28560
7062g1,5040
7062h1,27840
7062i1,1216
7062j1,41472
7062k1,960
7062l1,2688
7062m1,18816
7062n1,380160
7062o1,51264
7062p1,40320
7062q1,17600
7062r1,8640
7062s1,66560
7062t1,12096
7062u1,2688
7062v1,204288
7064a1,2160
7065a1,84672
7065b1,3584
7065c1,2496
7065d1,17280
7067a1,912
7067b1,858
7067c1,15456
7068a1,95040
7068b1,12096
7068c1,12960
7068d1,9600
7068e1,1056
7068f1,129600
7070a1,23040
7070b1,2560
7070c1,2016
7070d1,58368
7070e1,4480
7070f1,2304
7070g1,304128
7070h1,9216
7070i1,1824
7070j1,2560
7071a1,7728
7072a1,768
7072b1,8448
7072c1,1536
7072d1,640
7072e1,1536
7072f1,640
7072g1,768
7072h1,8448
7074a1,1296
7074b1,816
7074c1,3888
7074d1,2448
7075a1,348
7075b1,1740
7077a1,3520
7077b1,672
7077c1,576
7077d1,44352
7077e1,1120
7077f1,2368
7080a1,4864
7080b1,768
7080c1,7680
7080d1,13440
7080e1,24000
7080f1,1536
7080g1,25536
7080h1,1024
7080i1,1728
7080j1,2048
7080k1,3200
7082a1,832
7082b1,624
7083a1,1440
7084a1,9120
7084b1,6240
7084c1,50400
7084d1,5472
7084e1,960
7084f1,7776
7084g1,11520
7084h1,912
7084i1,6720
7084j1,3600
7084k1,1440
7085a1,504
7085b1,2592
7086a1,852
7087a1,940
7088a1,120384
7088b1,1440
7088c1,576
7088d1,3968
7088e1,17280
7088f1,2112
7088g1,864
7088h1,896
7088i1,9504
7088j1,624
7089a1,3520
7089b1,2952
7090a1,2304
7090b1,51136
7092a1,21504
7092b1,4608
7094a1,930
7094b1,1824
7094c1,64992
7094d1,1568
7095a1,1728
7095b1,71808
7095c1,10240
7098a1,18720
7098b1,7680
7098c1,7920
7098d1,799680
7098e1,3840
7098f1,131040
7098g1,26208
7098h1,26208
7098i1,197568
7098j1,11424
7098k1,8064
7098l1,65520
7098m1,535392
7098n1,78624
7098o1,31200
7098p1,12000
7098q1,102960
7098r1,49920
7098s1,10080
7098t1,2016
7098u1,20160
7098v1,1440
7098w1,6048
7098x1,36288
7098y1,2400
7098z1,156000
7098ba1,2016
7098bb1,6720
7098bc1,148512
7098bd1,16128
7098be1,5040
7098bf1,41184
7099a1,1808
7100a1,6624
7100b1,3456
7101a1,6768
7101b1,20304
7102a1,1196
7102b1,1344
7102c1,2597760
7102d1,1920
7104a1,2304
7104b1,2048
7104c1,1024
7104d1,1536
7104e1,9984
7104f1,1536
7104g1,6912
7104h1,6400
7104i1,476928
7104j1,768
7104k1,8448
7104l1,1536
7104m1,6912
7104n1,6400
7104o1,476928
7104p1,768
7104q1,896
7104r1,8448
7104s1,228480
7104t1,1152
7104u1,2304
7104v1,2048
7104w1,1024
7104x1,896
7104y1,1152
7104z1,228480
7104ba1,1536
7104bb1,9984
7105a1,1440
7105b1,4608
7105c1,898560
7105d1,4608
7106a1,1280
7106b1,400
7106c1,14336
7106d1,199680
7107a1,552
7107b1,21960
7109a1,450
7109b1,394
7110a1,15680
7110b1,2496
7110c1,1440
7110d1,2560
7110e1,98304
7110f1,81600
7110g1,3072
7110h1,3072
7110i1,8192
7110j1,35840
7110k1,10240
7110l1,95040
7110m1,299520
7110n1,10560
7110o1,4320
7110p1,47040
7110q1,7488
7110r1,2860032
7110s1,1344
7110t1,3072
7110u1,844800
7110v1,18432
7111a1,928
7112a1,33600
7112b1,3360
7112c1,3648
7114a1,640
7116a1,780
7119a1,5184
7119b1,15552
7119c1,2496
7119d1,768
7119e1,16512
7119f1,2496
7119g1,2304
7119h1,49536
7119i1,112640
7119j1,2560
7119k1,3456
7119l1,13824
7119m1,4224
7119n1,3072
7119o1,138240
7119p1,1024
7119q1,1536
7120a1,768
7120b1,960
7120c1,1024
7120d1,768
7120e1,3840
7120f1,8000
7120g1,2816
7120h1,1536
7120i1,2304
7120j1,576
7120k1,4992
7120l1,10752
7120m1,7488
7120n1,4800
7120o1,3840
7120p1,1728
7120q1,13824
7122a1,28224
7123a1,960
7123b1,918
7126a1,7128
7126b1,360
7128a1,3840
7128b1,624
7128c1,1728
7128d1,1872
7128e1,624
7128f1,576
7128g1,11520
7128h1,1872
7130a1,4824
7130b1,2432
7130c1,1872
7130d1,61824
7130e1,5376
7130f1,1176
7130g1,6920
7130h1,7056
7130i1,8448
7131a1,1560
7133a1,1248
7134a1,2160
7134b1,2496
7136a1,512
7136b1,512
7137a1,576
7137b1,17856
7137c1,1728
7137d1,5952
7137e1,1536
7137f1,4224
7137g1,1792
7138a1,2176
7138b1,38592
7138c1,1100
7139a1,38148
7139b1,3468
7139c1,2904
7139d1,264
7139e1,2880
7140a1,3456
7140b1,201600
7140c1,9216
7140d1,4608
7140e1,12960
7140f1,149760
7140g1,1440
7140h1,23040
7140i1,3456
7140j1,62208
7140k1,768
7140l1,276480
7140m1,3840
7140n1,6912
7140o1,3456
7140p1,15360
7140q1,1152
7145a1,240
7146a1,3648
7146b1,3840
7146c1,34048
7146d1,3840
7146e1,5184
7146f1,1200
7146g1,18816
7146h1,8960
7146i1,2160
7146j1,10944
7146k1,1280
7146l1,7168
7146m1,8064
7146n1,2112
7147a1,1176
7148a1,1560
7150a1,161280
7150b1,11520
7150c1,11232
7150d1,6912
7150e1,8400
7150f1,16800
7150g1,18432
7150h1,1680
7150i1,236544
7150j1,149760
7150k1,10752
7150l1,1984
7150m1,25600
7150n1,100800
7150o1,20736
7150p1,6480
7150q1,1225728
7150r1,3360
7150s1,11520
7150t1,5376
7150u1,9920
7150v1,20160
7150w1,128000
7152a1,1920
7152b1,2368
7152c1,1344
7152d1,18240
7152e1,14784
7152f1,1728
7152g1,29952
7152h1,2880
7152i1,26496
7152j1,2880
7153a1,894
7154a1,9408
7154b1,1152
7154c1,56448
7154d1,6720
7154e1,19200
7154f1,8064
7154g1,8064
7154h1,960
7154i1,1344
7154j1,15360
7154k1,4608
7155a1,7488
7155b1,864
7155c1,28512
7155d1,47736
7155e1,1476
7155f1,4428
7155g1,2496
7155h1,9504
7155i1,288
7155j1,15912
7155k1,792
7155l1,2376
7158a1,1248
7158b1,2880
7158c1,4320
7160a1,4320
7160b1,36000
7160c1,2880
7161a1,1536
7161b1,13120
7161c1,60480
7161d1,2400
7161e1,5280
7161f1,2016
7161g1,896
7161h1,180960
7162a1,546
7162b1,4942
7163a1,7380
7163b1,11808
7163c1,2880
7164a1,2112
7164b1,5760
7164c1,2880
7169a1,616
7170a1,3136
7170b1,4800
7170c1,110880
7170d1,17280
7170e1,2240
7170f1,2304
7170g1,6144
7170h1,1216
7170i1,3520
7170j1,4800
7170k1,6720
7170l1,688128
7170m1,3072
7170n1,16896
7172a1,2160
7172b1,3120
7172c1,185472
7172d1,1584
7173a1,720
7174a1,9380
7174b1,340
7174c1,20944
7175a1,504
7175b1,28224
7175c1,133056
7175d1,5760
7175e1,2688
7175f1,2520
7176a1,5760
7176b1,3840
7176c1,79872
7176d1,896
7176e1,1024
7176f1,1536
7176g1,3072
7176h1,2816
7176i1,1792
7176j1,640
7176k1,1536
7176l1,6144
7176m1,5120
7176n1,18816
7176o1,196608
7176p1,1536
7178a1,4512
7178b1,1008
7179a1,1050
7180a1,81648
7180b1,864
7182a1,1584
7182b1,235872
7182c1,126480
7182d1,2592
7182e1,2592
7182f1,6240
7182g1,6336
7182h1,4032
7182i1,1344
7182j1,77760
7182k1,78624
7182l1,2112
7182m1,1344
7182n1,2592
7182o1,4032
7182p1,77760
7182q1,4752
7182r1,379440
7182s1,2592
7182t1,18720
7184a1,992
7184b1,4032
7184c1,1872
7184d1,1152
7184e1,10080
7185a1,9600
7185b1,960
7185c1,1216
7186a1,900
7187a1,984
7188a1,744
7190a1,1680
7190b1,1440
7191a1,1984
7191b1,5952
7191c1,4032
7191d1,6144
7191e1,11264
7191f1,2112
7191g1,6912
7191h1,43200
7191i1,1675520
7192a1,1920
7192b1,608
7194a1,1920
7194b1,5120
7194c1,10560
7194d1,24640
7194e1,4160
7195a1,912
7196a1,672
7198a1,1360
7198b1,16368
7198c1,5040
7198d1,19920
7200a1,3840
7200b1,1536
7200c1,4608
7200d1,1536
7200e1,2560
7200f1,6144
7200g1,6144
7200h1,6144
7200i1,23040
7200j1,4608
7200k1,1440
7200l1,16896
7200m1,7680
7200n1,16896
7200o1,4096
7200p1,36864
7200q1,1024
7200r1,7680
7200s1,7680
7200t1,4608
7200u1,7200
7200v1,1536
7200w1,1536
7200x1,38400
7200y1,30720
7200z1,30720
7200ba1,1280
7200bb1,4608
7200bc1,1536
7200bd1,512
7200be1,7680
7200bf1,6144
7200bg1,2048
7200bh1,1536
7200bi1,23040
7200bj1,1536
7200bk1,4608
7200bl1,1440
7200bm1,7680
7200bn1,12288
7200bo1,36864
7200bp1,12288
7200bq1,4096
7200br1,5120
7200bs1,4608
7200bt1,7680
7200bu1,7200
7200bv1,7680
7200bw1,38400
7200bx1,84480
7200by1,84480
7200bz1,6144
7200ca1,6144
7205a1,2944
7205b1,2048
7205c1,2304
7205d1,2944
7205e1,10752
7205f1,1024
7205g1,27648
7205h1,640
7205i1,672
7205j1,39936
7205k1,1024
7206a1,896
7206b1,31104
7208a1,768
7208b1,8640
7210a1,365760
7210b1,4624
7210c1,1536
7210d1,15360
7210e1,28000
7210f1,3072
7210g1,3168
7210h1,576
7210i1,1200
7210j1,4096
7210k1,122880
7210l1,2080
7212a1,5040
7213a1,518
7214a1,1092
7215a1,480
7215b1,1024
7215c1,241920
7215d1,1920
7215e1,7168
7215f1,18432
7215g1,4992
7215h1,49920
7215i1,1280
7215j1,7168
7216a1,14016
7216b1,1248
7216c1,704
7216d1,2240
7216e1,1008
7216f1,432
7216g1,2592
7216h1,60480
7216i1,5952
7218a1,1920
7218b1,3584
7218c1,1008
7218d1,34560
7218e1,8064
7218f1,1664
7218g1,14112
7218h1,5056
7218i1,11648
7219a1,220
7220a1,28728
7220b1,8640
7220c1,3456
7220d1,86400
7220e1,1512
7220f1,960
7220g1,18240
7223a1,864
7223b1,1944
7223c1,1488
7224a1,6912
7224b1,1024
7224c1,10560
7224d1,6528
7224e1,1344
7224f1,1920
7224g1,2560
7224h1,2048
7224i1,2304
7225a1,2592
7225b1,9216
7225c1,3456
7225d1,1728
7225e1,27648
7225f1,44064
7225g1,29376
7225h1,17280
7226a1,1016
7226b1,1872
7227a1,3168
7227b1,1056
7227c1,3712
7227d1,117504
7227e1,4480
7227f1,12544
7227g1,5376
7227h1,102400
7230a1,6144
7230b1,16128
7230c1,1792
7230d1,13824
7230e1,11520
7230f1,48384
7230g1,2304
7230h1,2048
7230i1,36864
7230j1,73728
7230k1,9216
7230l1,1392
7230m1,10240
7230n1,1536
7230o1,3072
7230p1,3072
7230q1,376320
7230r1,68208
7230s1,1680
7230t1,9216
7230u1,36864
7230v1,15360
7232a1,1536
7232b1,4608
7232c1,1536
7232d1,1536
7232e1,768
7232f1,1536
7232g1,768
7232h1,4608
7233a1,384
7233b1,864
7233c1,2352
7234a1,504
7234b1,43200
7234c1,6798
7234d1,640
7235a1,556
7238a1,4056
7238b1,2400
7238c1,7232
7238d1,13440
7238e1,576
7238f1,2080
7239a1,11232
7239b1,965664
7239c1,5760
7239d1,2976
7239e1,6048
7239f1,38592
7239g1,6336
7240a1,4480
7240b1,3200
7240c1,768
7240d1,18048
7242a1,1536
7242b1,23520
7242c1,2016
7242d1,698880
7242e1,349920
7242f1,5280
7242g1,864
7242h1,2240
7242i1,24480
7242j1,4160
7242k1,4320
7242l1,8064
7242m1,17280
7245a1,4992
7245b1,5184
7245c1,25920
7245d1,725760
7245e1,1728
7245f1,8640
7245g1,241920
7245h1,1664
7245i1,4096
7245j1,9216
7245k1,6144
7245l1,74880
7245m1,4608
7245n1,11520
7245o1,5040
7245p1,3840
7245q1,171600
7245r1,112000
7245s1,8448
7245t1,2816
7245u1,3456
7246a1,432
7246b1,944
7246c1,5005
7246d1,1824
7248a1,960
7248b1,6336
7248c1,5184
7248d1,1344
7248e1,8640
7248f1,10560
7248g1,1728
7248h1,52416
7248i1,584640
7248j1,3360
7248k1,2520
7248l1,2880
7248m1,2880
7249a1,560
7251a1,432
7252a1,3960
7252b1,960
7252c1,6720
7254a1,737760
7254b1,4704
7254c1,704
7254d1,14784
7254e1,4800
7254f1,31200
7254g1,30240
7254h1,3264
7254i1,245920
7254j1,14112
7254k1,2112
7254l1,3520
7254m1,5280
7254n1,2400
7254o1,14400
7256a1,408
7257a1,384
7257b1,7680
7257c1,1003136
7257d1,544
7257e1,7360
7257f1,3744
7257g1,720
7257h1,1632
7257i1,1536
7257j1,4800
7257k1,1075200
7257l1,7680
7257m1,14400
7257n1,9504
7258a1,23920
7259a1,3456
7259b1,34560
7259c1,384
7259d1,76440
7260a1,5760
7260b1,11520
7260c1,10080
7260d1,110880
7260e1,5040
7260f1,55440
7260g1,942480
7260h1,85680
7260i1,47520
7260j1,4320
7260k1,25344
7260l1,2304
7260m1,14256
7260n1,34560
7260o1,1296
7260p1,17280
7260q1,1152
7260r1,12672
7260s1,5040
7260t1,55440
7262a1,488
7263a1,1296
7263b1,432
7266a1,14336
7266b1,2048
7266c1,4320
7266d1,10800
7266e1,1296
7266f1,12800
7266g1,155904
7266h1,16240
7266i1,2560
7266j1,27648
7266k1,5520
7267a1,4104
7268a1,840
7268b1,491760
7268c1,4464
7268d1,5688
7271a1,624
7272a1,15360
7272b1,1792
7272c1,2688
7272d1,19968
7272e1,12800
7272f1,8192
7272g1,3456
7272h1,3072
7272i1,55296
7275a1,15360
7275b1,7680
7275c1,69120
7275d1,3840
7275e1,4608
7275f1,109296
7275g1,1680
7275h1,253440
7275i1,9216
7275j1,1728
7275k1,34560
7275l1,3072
7278a1,90720
7278b1,2400
7278c1,2560
7278d1,3136
7278e1,1600
7280a1,768
7280b1,4608
7280c1,24960
7280d1,7680
7280e1,8960
7280f1,6912
7280g1,25600
7280h1,4480
7280i1,1280
7280j1,3072
7280k1,23040
7280l1,19584
7280m1,3456
7280n1,6912
7280o1,13824
7280p1,1536
7280q1,3072
7280r1,126720
7280s1,5760
7280t1,2304
7280u1,508032
7280v1,26880
7280w1,2048
7281a1,624
7282a1,2520
7282b1,1056
7283a1,676
7284a1,1710
7284b1,22776
7285a1,768
7285b1,2776
7285c1,20160
7285d1,9360
7285e1,6832
7285f1,528
7286a1,1680
7286b1,2496
7286c1,3520
7287a1,14400
7289a1,1080
7291a1,384
7291b1,368
7291c1,964
7293a1,1536
7293b1,2956800
7293c1,3840
7294a1,19008
7294b1,1728
7294c1,16416
7295a1,2848
7296a1,768
7296b1,640
7296c1,1280
7296d1,640
7296e1,24192
7296f1,640
7296g1,768
7296h1,768
7296i1,768
7296j1,1280
7296k1,24192
7296l1,640
7296m1,24192
7296n1,1280
7296o1,24192
7296p1,1280
7298a1,6912
7299a1,768
7299b1,8704
7300a1,7560
7300b1,4032
7300c1,7560
7300d1,504
7300e1,2520
7300f1,1512
7300g1,1512
7301a1,3780
7301b1,6336
7301c1,540
7302a1,2912
7302b1,6528
7304a1,2176
7306a1,1872
7308a1,46080
7308b1,3072
7308c1,13824
7308d1,2016
7308e1,2880
7310a1,3888
7310b1,2000
7310c1,1680
7310d1,232880
7310e1,915408
7310f1,1152
7310g1,4368
7310h1,8736
7310i1,1840
7310j1,1408
7310k1,22320
7310l1,2816
7311a1,7040
7311b1,4880
7312a1,1200
7312b1,3552
7312c1,3360
7312d1,1248
7314a1,800
7314b1,640
7314c1,12960
7314d1,4800
7315a1,464
7315b1,86832
7315c1,640
7315d1,3456
7315e1,13440
7315f1,18432
7315g1,2112
7318a1,696
7320a1,1408
7320b1,1152
7320c1,4608
7320d1,109824
7320e1,2560
7320f1,1536
7320g1,3072
7320h1,1056
7320i1,3840
7320j1,2688
7320k1,34560
7320l1,2304
7320m1,768
7320n1,4608
7320o1,2048
7320p1,43008
7320q1,2048
7322a1,9856
7322b1,4080
7322c1,1056
7322d1,720
7322e1,3600
7322f1,3808
7325a1,444
7325b1,1492
7325c1,7460
7325d1,2220
7326a1,4096
7326b1,5376
7326c1,27648
7326d1,168960
7326e1,2560
7326f1,12288
7326g1,1536
7326h1,10752
7326i1,122880
7326j1,3456
7326k1,53760
7326l1,4608
7326m1,101376
7328a1,384
7328b1,384
7329a1,416
7329b1,3360
7330a1,4512
7330b1,15744
7330c1,1440
7330d1,1848
7330e1,14400
7330f1,4824
7330g1,12544
7330h1,1288
7332a1,4032
7332b1,2400
7334a1,1408
7334b1,16512
7334c1,10080
7335a1,2880
7335b1,134400
7335c1,7680
7335d1,1536
7335e1,4352
7337a1,2160
7337b1,2592
7337c1,832
7337d1,592
7338a1,12960
7338b1,81408
7338c1,1536
7338d1,5440
7338e1,5712
7338f1,2880
7340a1,984
7340b1,1008
7344a1,4032
7344b1,14784
7344c1,1920
7344d1,1152
7344e1,1152
7344f1,1344
7344g1,44352
7344h1,3168
7344i1,4608
7344j1,1056
7344k1,960
7344l1,1536
7344m1,5760
7344n1,2880
7344o1,384
7344p1,384
7344q1,5184
7344r1,2640
7344s1,25920
7344t1,3888
7344u1,1728
7344v1,11520
7344w1,2304
7344x1,8640
7344y1,1008
7344z1,3456
7344ba1,34560
7344bb1,768
7344bc1,2880
7344bd1,19008
7344be1,3024
7344bf1,3456
7344bg1,2400
7344bh1,6336
7344bi1,7920
7344bj1,8640
7344bk1,1296
7344bl1,7200
7345a1,12544
7347a1,2640
7347b1,896
7347c1,9504
7348a1,8784
7348b1,768
7350a1,40320
7350b1,1440
7350c1,60480
7350d1,32256
7350e1,14400
7350f1,109440
7350g1,36864
7350h1,95040
7350i1,24576
7350j1,1680
7350k1,524160
7350l1,171360
7350m1,44800
7350n1,33600
7350o1,90720
7350p1,5184
7350q1,15360
7350r1,21120
7350s1,10368
7350t1,100800
7350u1,11760
7350v1,74880
7350w1,55296
7350x1,5760
7350y1,8064
7350z1,4608
7350ba1,10080
7350bb1,665280
7350bc1,147456
7350bd1,8640
7350be1,12960
7350bf1,36288
7350bg1,147840
7350bh1,313600
7350bi1,4800
7350bj1,28800
7350bk1,18432
7350bl1,14400
7350bm1,24480
7350bn1,2592
7350bo1,181440
7350bp1,6480
7350bq1,72576
7350br1,960
7350bs1,282240
7350bt1,28800
7350bu1,18432
7350bv1,5120
7350bw1,4896
7350bx1,376320
7350by1,20160
7350bz1,29568
7350ca1,62720
7350cb1,40320
7350cc1,2880
7350cd1,92160
7350ce1,50400
7350cf1,133056
7350cg1,43200
7350ch1,40320
7350ci1,34272
7350cj1,13824
7350ck1,110592
7350cl1,6720
7350cm1,18144
7350cn1,25920
7350co1,45360
7350cp1,10368
7350cq1,35840
7350cr1,51840
7350cs1,53760
7350ct1,7200
7350cu1,302400
7350cv1,8960
7350cw1,76800
7350cx1,2880
7350cy1,547200
7350cz1,19008
7350da1,4224
7353a1,6336
7353b1,2112
7353c1,178464
7353d1,59488
7353e1,1248
7353f1,416
7353g1,1344
7353h1,1792
7353i1,1920
7353j1,22464
7353k1,449280
7353l1,16128
7353m1,450240
7353n1,20160
7353o1,27840
7353p1,3264
7353q1,35904
7354a1,448
7356a1,2208
7356b1,1896
7358a1,1128
7358b1,5760
7358c1,133632
7358d1,18360
7358e1,4320
7358f1,1128
7358g1,18400
7358h1,14760
7359a1,1680000
7359b1,51840
7359c1,3168
7359d1,1728
7359e1,816
7360a1,1024
7360b1,768
7360c1,576
7360d1,11520
7360e1,576
7360f1,4608
7360g1,1152
7360h1,4032
7360i1,13120
7360j1,11520
7360k1,800
7360l1,512
7360m1,4608
7360n1,13120
7360o1,4032
7360p1,11520
7360q1,4608
7360r1,1024
7360s1,768
7360t1,1408
7360u1,800
7360v1,512
7360w1,4608
7360x1,576
7360y1,1408
7360z1,1152
7360ba1,576
7360bb1,11520
7361a1,392
7362a1,3072
7362b1,11520
7362c1,1792
7363a1,288
7366a1,4416
7366b1,89280
7366c1,960
7366d1,12768
7366e1,3584
7366f1,2240
7366g1,8640
7366h1,2496
7366i1,36096
7366j1,1792
7366k1,5184
7366l1,5280
7366m1,12352
7366n1,7840
7368a1,2304
7368b1,2880
7368c1,800
7368d1,1056
7368e1,2176
7368f1,13056
7368g1,1344
7370a1,4000
7370b1,6048
7370c1,20160
7370d1,4800
7370e1,15288
7370f1,2976
7370g1,19680
7370h1,78624
7370i1,10080
7370j1,2232
7371a1,2016
7371b1,864
7371c1,864
7371d1,14112
7371e1,42336
7371f1,6048
7374a1,824
7374b1,16856
7374c1,7128
7374d1,1080
7374e1,1512
7374f1,4224
7376a1,576
7376b1,1104
7377a1,1548
7377b1,2268
7377c1,2592
7377d1,1000
7378a1,960
7378b1,3136
7378c1,4608
7378d1,37632
7378e1,7680
7378f1,6720
7378g1,2496
7378h1,1310400
7378i1,2880
7378j1,20160
7378k1,21504
7378l1,960
7378m1,19968
7378n1,17472
7378o1,3840
7378p1,9216
7378q1,6720
7378r1,247296
7378s1,37632
7379a1,552
7380a1,14400
7380b1,2880
7380c1,960
7380d1,14400
7380e1,3840
7380f1,291840
7380g1,25344
7380h1,9216
7380i1,9216
7381a1,456
7381b1,5016
7381c1,2380
7383a1,3696
7387a1,2736
7387b1,11358
7388a1,1596
7390a1,12768
7390b1,1120
7392a1,80640
7392b1,1280
7392c1,4608
7392d1,1280
7392e1,5120
7392f1,1536
7392g1,2048
7392h1,1280
7392i1,2048
7392j1,1536
7392k1,5120
7392l1,4608
7392m1,1280
7392n1,80640
7395a1,152064
7395b1,1344
7395c1,7488
7395d1,3920
7395e1,204624
7395f1,5040
7395g1,10752
7395h1,7680
7395i1,10640
7395j1,3072
7395k1,1280
7395l1,1728
7395m1,3584
7396a1,22176
7397a1,1168
7398a1,456
7398b1,3024
7398c1,4224
7398d1,3672
7398e1,1368
7398f1,1008
7398g1,12672
7398h1,1224
7400a1,2304
7400b1,5760
7400c1,9216
7400d1,1408
7400e1,23040
7400f1,4608
7400g1,10752
7400h1,2048
7400i1,46080
7400j1,7040
7401a1,1500
7402a1,1224
7404a1,1764
7404b1,1656
7406a1,26496
7406b1,25344
7406c1,59136
7406d1,4224
7406e1,1152
7406f1,2016
7406g1,12672
7406h1,46368
7406i1,21120
7408a1,1584
7410a1,483840
7410b1,2160
7410c1,14560
7410d1,7680
7410e1,9216
7410f1,15120
7410g1,184320
7410h1,159840
7410i1,6144
7410j1,30720
7410k1,3360
7410l1,18432
7410m1,985600
7410n1,12288
7410o1,5120
7410p1,36960
7410q1,81920
7410r1,6144
7410s1,5760
7410t1,7776
7410u1,13824
7410v1,23520
7410w1,9360
7410x1,7680
7412a1,672
7412b1,1944
7413a1,20520
7413b1,648
7414a1,78016
7415a1,1312
7416a1,1152
7416b1,3456
7416c1,6400
7419a1,640
7420a1,5760
7420b1,119664
7420c1,59760
7420d1,2688
7423a1,1728
7423b1,320
7425a1,5184
7425b1,98280
7425c1,4752
7425d1,69120
7425e1,8640
7425f1,3072
7425g1,4608
7425h1,1584
7425i1,4608
7425j1,9216
7425k1,23040
7425l1,10800
7425m1,6552
7425n1,3600
7425o1,1536
7425p1,13824
7425q1,2160
7425r1,1728
7425s1,32760
7425t1,720
7425u1,2880
7425v1,19656
7425w1,23760
7425x1,7920
7426a1,3456
7426b1,56448
7426c1,1344
7426d1,768
7426e1,3456
7427a1,1140
7428a1,7098
7429a1,768
7432a1,1768
7434a1,5120
7434b1,6144
7434c1,12800
7434d1,2688
7434e1,215040
7434f1,12288
7434g1,5280
7434h1,46464
7434i1,9216
7434j1,4320
7436a1,20160
7436b1,23400
7436c1,4320
7436d1,1800
7437a1,18000
7438a1,600
7439a1,1152
7439b1,10160
7440a1,5120
7440b1,1536
7440c1,6912
7440d1,1536
7440e1,73920
7440f1,3136
7440g1,1536
7440h1,2304
7440i1,34560
7440j1,2185920
7440k1,6912
7440l1,2880
7440m1,1536
7440n1,49920
7440o1,12288
7440p1,23040
7440q1,1152
7440r1,2048
7440s1,4608
7440t1,8640
7440u1,6912
7440v1,3840
7440w1,112320
7440x1,3072
7440y1,64512
7440z1,2304
7440ba1,768
7440bb1,10560
7442a1,2640
7442b1,29760
7442c1,161040
7443a1,616
7444a1,1884
7446a1,142848
7446b1,2016
7446c1,4096
7446d1,92160
7446e1,69888
7446f1,3072
7446g1,4032
7446h1,1280
7446i1,15360
7447a1,4104
7447b1,840
7447c1,984
7447d1,13992
7448a1,1152
7448b1,16128
7448c1,6720
7448d1,2640
7448e1,960
7448f1,8064
7448g1,2640
7448h1,2304
7448i1,42000
7448j1,2880
7448k1,4032
7448l1,20160
7448m1,2688
7448n1,5760
7448o1,4032
7448p1,20160
7448q1,2880
7448r1,576
7448s1,40320
7448t1,576
7448u1,384
7448v1,6000
7449a1,1024
7449b1,9216
7450a1,15120
7450b1,432
7450c1,55080
7450d1,300960
7450e1,4608
7450f1,832
7450g1,1600
7450h1,83328
7450i1,8064
7450j1,6240
7450k1,4160
7450l1,2160
7450m1,11016
7450n1,3024
7451a1,732
7453a1,1040
7454a1,500
7455a1,53280
7455b1,1056
7455c1,8640
7455d1,5760
7455e1,22464
7455f1,33120
7455g1,12288
7456a1,1024
7456b1,1472
7456c1,1024
7456d1,1472
7458a1,6048
7458b1,1600
7458c1,49920
7460a1,4704
7460b1,5472
7460c1,2112
7461a1,924
7462a1,3520
7462b1,9984
7462c1,74880
7462d1,1120
7462e1,285120
7462f1,35200
7462g1,10368
7462h1,3264
7462i1,11232
7463a1,79680
7464a1,4480
7464b1,2784
7464c1,1632
7464d1,4256
7464e1,21504
7464f1,97440
7464g1,1344
7466a1,3264
7467a1,984
7469a1,1056
7469b1,6240
7469c1,6560
7469d1,608
7469e1,752
7470a1,7168
7470b1,5760
7470c1,4608
7470d1,278784
7470e1,35840
7470f1,3072
7470g1,5120
7470h1,4480
7470i1,61440
7470j1,1920
7470k1,21504
7470l1,7680
7470m1,10240
7470n1,43008
7470o1,6144
7470p1,215040
7470q1,10752
7470r1,3840
7471a1,3348
7471b1,1332
7471c1,568
7472a1,480
7472b1,768
7472c1,6720
7472d1,2448
7472e1,6336
7474a1,23976
7474b1,4136
7474c1,1152
7474d1,1600
7475a1,17280
7475b1,2880
7475c1,221760
7475d1,8640
7475e1,2240
7475f1,5280
7475g1,448
7475h1,1056
7476a1,2160
7479a1,1368
7479b1,456
7480a1,27648
7480b1,4224
7480c1,6720
7482a1,94752
7482b1,2880
7482c1,1440
7482d1,2240
7482e1,1440
7483a1,1278
7483b1,632
7485a1,23664
7485b1,3816
7488a1,1536
7488b1,1536
7488c1,512
7488d1,512
7488e1,1024
7488f1,3072
7488g1,3072
7488h1,9216
7488i1,18432
7488j1,6144
7488k1,3072
7488l1,1920
7488m1,1920
7488n1,2048
7488o1,61440
7488p1,4096
7488q1,6144
7488r1,6144
7488s1,4096
7488t1,3840
7488u1,3072
7488v1,2048
7488w1,2048
7488x1,5376
7488y1,3840
7488z1,12288
7488ba1,12288
7488bb1,1536
7488bc1,2048
7488bd1,2048
7488be1,30720
7488bf1,6144
7488bg1,3072
7488bh1,1024
7488bi1,9216
7488bj1,3072
7488bk1,18432
7488bl1,6144
7488bm1,1024
7488bn1,5120
7488bo1,1024
7488bp1,3072
7488bq1,5120
7488br1,2048
7488bs1,4096
7488bt1,61440
7488bu1,4096
7488bv1,3840
7488bw1,3072
7488bx1,2048
7488by1,2048
7488bz1,5376
7488ca1,3840
7488cb1,1536
7488cc1,30720
7488cd1,6144
7490a1,2800
7490b1,944
7490c1,11520
7490d1,1680
7490e1,2048
7490f1,4560
7490g1,110592
7490h1,24576
7491a1,12320
7491b1,576
7491c1,2088
7491d1,205088
7494a1,1024
7494b1,864
7494c1,117504
7495a1,976
7495b1,1136
7495c1,2544
7497a1,8640
7497b1,2880
7497c1,33600
7497d1,8640
7497e1,9408
7497f1,4608
7497g1,2048
7497h1,1344
7497i1,43008
7497j1,18432
7497k1,208896
7497l1,12288
7497m1,4800
7497n1,60480
7497o1,2304
7497p1,14336
7498a1,6984
7501a1,640
7502a1,2880
7502b1,54720
7502c1,8640
7503a1,2240
7503b1,2688
7503c1,1792
7504a1,576
7504b1,384
7504c1,1280
7504d1,1408
7504e1,9984
7504f1,11520
7504g1,7168
7504h1,1728
7504i1,11520
7504j1,10368
7504k1,6912
7504l1,3456
7504m1,512
7504n1,1152
7504o1,864
7504p1,12672
7504q1,28800
7504r1,4608
7504s1,288
7504t1,5120
7504u1,2048
7505a1,1152
7505b1,1568
7505c1,816
7505d1,704
7506a1,36288
7506b1,1296
7506c1,1200
7506d1,11232
7506e1,12096
7506f1,3600
7506g1,432
7506h1,33696
7510a1,5760
7510b1,1184
7510c1,1760
7511a1,1088
7511b1,480
7511c1,992
7511d1,2048
7512a1,2560
7512b1,1024
7512c1,2112
7512d1,1536
7512e1,1248
7512f1,1056
7513a1,4560
7514a1,18432
7514b1,3360
7514c1,52224
7514d1,3072
7514e1,27648
7514f1,55296
7514g1,13824
7514h1,3041280
7514i1,10080
7515a1,2688
7518a1,2560
7518b1,10240
7518c1,91104
7518d1,4896
7518e1,125600
7520a1,1088
7520b1,2816
7520c1,3200
7520d1,3200
7520e1,2816
7520f1,1088
7522a1,1608
7522b1,1008
7524a1,8640
7524b1,1056
7524c1,2880
7524d1,3168
7524e1,1584
7524f1,2880
7524g1,1440
7525a1,10368
7525b1,7488
7525c1,592
7525d1,2960
7526a1,6720
7526b1,33600
7526c1,10752
7526d1,13452
7526e1,4608
7526f1,26880
7526g1,13376
7526h1,2496
7526i1,2112
7526j1,211200
7526k1,1728
7526l1,4800
7526m1,216000
7526n1,5760
7527a1,2560
7530a1,1152
7530b1,46592
7530c1,5760
7530d1,7296
7530e1,267960
7530f1,1920
7530g1,23040
7530h1,22848
7530i1,810216
7530j1,15168
7530k1,4800
7530l1,122304
7530m1,1320
7531a1,352
7531b1,780
7531c1,592
7531d1,704
7532a1,1728
7532b1,1728
7535a1,4416
7536a1,3072
7536b1,768
7536c1,16896
7536d1,2400
7536e1,2112
7536f1,768
7536g1,2592
7536h1,768
7536i1,61440
7536j1,9216
7536k1,110592
7536l1,1024
7538a1,1200
7538b1,2100
7539a1,38740
7540a1,4608
7540b1,672
7540c1,70560
7540d1,1536
7540e1,2688
7540f1,5376
7540g1,23328
7541a1,620
7542a1,1440
7542b1,4320
7543a1,560
7544a1,20352
7548a1,1536
7548b1,1344
7548c1,4992
7548d1,6912
7548e1,25200
7548f1,4032
7548g1,167040
7550a1,64512
7550b1,9600
7550c1,5760
7550d1,15680
7550e1,2624
7550f1,23040
7550g1,3456
7550h1,3136
7550i1,13120
7551a1,2080
7551b1,2560
7551c1,10640
7552a1,704
7552b1,352
7552c1,704
7552d1,352
7554a1,9612
7554b1,720
7554c1,6480
7554d1,5820
7554e1,15096
7557a1,64000
7560a1,1344
7560b1,9792
7560c1,48960
7560d1,10560
7560e1,8640
7560f1,3744
7560g1,14400
7560h1,960
7560i1,4032
7560j1,1152
7560k1,12096
7560l1,3456
7560m1,4800
7560n1,3264
7560o1,2880
7560p1,16320
7560q1,31680
7560r1,2880
7560s1,1248
7560t1,4032
7562a1,612
7564a1,6912
7565a1,18816
7566a1,11088
7566b1,1872
7566c1,4224
7566d1,1792
7566e1,21840
7566f1,480
7566g1,12800
7566h1,115200
7566i1,4320
7566j1,6048
7566k1,3600
7566l1,162560
7566m1,880
7566n1,84000
7566o1,65520
7566p1,4320
7567a1,2400
7567b1,672
7567c1,1344
7568a1,1008
7568b1,1728
7568c1,2880
7568d1,448
7568e1,896
7568f1,448
7568g1,1152
7568h1,2880
7568i1,696
7568j1,768
7568k1,288
7568l1,1152
7568m1,864
7568n1,8160
7568o1,12480
7568p1,7392
7569a1,22040
7569b1,760
7571a1,248
7572a1,1152
7574a1,1232
7574b1,5840
7575a1,12096
7575b1,4480
7575c1,1440
7575d1,1088
7575e1,59400
7575f1,11880
7575g1,5440
7575h1,7200
7576a1,1688
7578a1,9648
7578b1,5184
7578c1,3840
7578d1,3744
7578e1,3216
7578f1,960
7578g1,13440
7578h1,1440
7579a1,117320
7579b1,49920
7579c1,480
7579d1,11040
7579e1,7104
7580a1,1728
7580b1,792
7581a1,45600
7581b1,3456
7581c1,60480
7581d1,2400
7581e1,43200
7581f1,8640
7582a1,3648
7582b1,5440
7582c1,2112
7584a1,5760
7584b1,1152
7584c1,5760
7584d1,1152
7585a1,7936
7585b1,832
7585c1,1408
7586a1,1344
7587a1,720
7587b1,2160
7590a1,66560
7590b1,5616
7590c1,9600
7590d1,80640
7590e1,174720
7590f1,19200
7590g1,15360
7590h1,112640
7590i1,2000
7590j1,6336
7590k1,48384
7590l1,39600
7590m1,3456
7590n1,55440
7590o1,3840
7590p1,5376
7590q1,3840
7590r1,161280
7590s1,4032
7590t1,15360
7590u1,2688
7590v1,1680
7590w1,101376
7590x1,3273600
7590y1,8320
7590z1,42240
7592a1,800
7592b1,1664
7592c1,3392
7593a1,1800
7593b1,432
7595a1,6144
7595b1,129024
7595c1,7200
7595d1,55296
7595e1,4608
7595f1,626688
7595g1,3840
7595h1,2304
7595i1,1536
7595j1,161280
7595k1,13824
7596a1,960
7596b1,3216
7596c1,4416
7598a1,21600
7598b1,24000
7598c1,624
7598d1,9072
7598e1,6720
7598f1,12096
7598g1,4080
7598h1,5236
7598i1,5472
7598j1,2160
7598k1,224640
7598l1,1188
7600a1,2304
7600b1,4608
7600c1,3072
7600d1,3072
7600e1,2240
7600f1,107520
7600g1,23040
7600h1,17920
7600i1,3584
7600j1,2304
7600k1,13824
7600l1,6912
7600m1,2592
7600n1,50688
7600o1,4608
7600p1,3840
7600q1,23040
7600r1,3360
7600s1,5120
7600t1,1024
7602a1,1920
7602b1,23520
7602c1,25344
7602d1,34560
7604a1,2856
7604b1,576
7605a1,8064
7605b1,10752
7605c1,44928
7605d1,1152
7605e1,8064
7605f1,32256
7605g1,14976
7605h1,3456
7605i1,9216
7605j1,8064
7605k1,112896
7605l1,4608
7605m1,3456
7605n1,59904
7605o1,119808
7605p1,32256
7605q1,4608
7605r1,16128
7605s1,112896
7605t1,59904
7605u1,44928
7605v1,4608
7606a1,1728
7606b1,1856
7610a1,840
7610b1,3256
7610c1,3200
7610d1,1088
7610e1,3456
7610f1,18600
7610g1,2496
7611a1,13884
7611b1,944
7611c1,3888
7611d1,1600
7611e1,17040
7613a1,2496
7614a1,7392
7614b1,1296
7614c1,1176
7614d1,2304
7614e1,1584
7614f1,19296
7614g1,5184
7614h1,178848
7614i1,3168
7614j1,3168
7614k1,19296
7614l1,22176
7614m1,432
7614n1,1728
7614o1,59616
7614p1,2304
7614q1,4752
7614r1,3528
7615a1,660
7615b1,1032
7616a1,1536
7616b1,3072
7616c1,21504
7616d1,15360
7616e1,3072
7616f1,15360
7616g1,3584
7616h1,21504
7616i1,3072
7616j1,1536
7616k1,3072
7616l1,3584
7617a1,1736
7618a1,4224
7619a1,3172
7620a1,768
7620b1,1320
7620c1,3456
7620d1,25368
7623a1,12672
7623b1,38016
7623c1,3456
7623d1,1152
7623e1,1536
7623f1,24000
7623g1,2304
7623h1,228096
7623i1,19200
7623j1,16896
7623k1,354816
7623l1,6720
7623m1,16896
7623n1,20736
7623o1,17280
7623p1,5120
7623q1,25344
7623r1,32256
7623s1,185856
7626a1,41472
7626b1,11264
7626c1,178176
7626d1,2592
7626e1,3200
7626f1,27520
7626g1,1100736
7626h1,3648
7626i1,19296
7628a1,1248
7629a1,608
7630a1,13600
7630b1,3168
7630c1,5440
7630d1,12960
7630e1,6528
7631a1,912
7632a1,4608
7632b1,3328
7632c1,8064
7632d1,1344
7632e1,2688
7632f1,4032
7632g1,5760
7632h1,1440
7632i1,16896
7632j1,39168
7632k1,3840
7632l1,1792
7632m1,34560
7632n1,11520
7632o1,4608
7632p1,1008
7632q1,3456
7632r1,5760
7633a1,720
7634a1,984
7635a1,1764
7635b1,816
7635c1,640
7636a1,702
7636b1,13920
7636c1,1608
7636d1,864
7636e1,7608
7636f1,2640
7638a1,960
7638b1,72960
7638c1,1024
7638d1,74880
7638e1,126720
7638f1,6048
7638g1,63360
7638h1,2400
7638i1,2240
7640a1,768
7644a1,4320
7644b1,24192
7644c1,11520
7644d1,1223040
7644e1,69120
7644f1,174720
7644g1,4320
7644h1,23040
7644i1,3456
7644j1,27648
7644k1,6912
7645a1,672
7645b1,640
7650a1,6048
7650b1,17280
7650c1,76800
7650d1,84000
7650e1,30720
7650f1,2688
7650g1,30240
7650h1,6144
7650i1,10240
7650j1,3456
7650k1,50400
7650l1,40320
7650m1,20160
7650n1,5760
7650o1,5120
7650p1,27648
7650q1,8640
7650r1,28800
7650s1,685440
7650t1,13440
7650u1,9216
7650v1,64512
7650w1,6720
7650x1,193536
7650y1,92160
7650z1,2880
7650ba1,40320
7650bb1,5760
7650bc1,2688
7650bd1,34944
7650be1,2318400
7650bf1,3360
7650bg1,13440
7650bh1,10240
7650bi1,17280
7650bj1,230400
7650bk1,252000
7650bl1,92160
7650bm1,8064
7650bn1,6048
7650bo1,30720
7650bp1,2048
7650bq1,3456
7650br1,16800
7650bs1,13440
7650bt1,30240
7650bu1,2688
7650bv1,60480
7650bw1,27648
7650bx1,15360
7650by1,6912
7650bz1,16384
7650ca1,24576
7650cb1,6144
7650cc1,174720
7650cd1,13440
7650ce1,463680
7650cf1,36864
7650cg1,16800
7650ch1,3427200
7650ci1,2688
7650cj1,51200
7650ck1,14400
7650cl1,28800
7650cm1,201600
7650cn1,4032
7650co1,28800
7650cp1,28800
7652a1,1128
7654a1,11440
7656a1,1728
7656b1,12800
7656c1,9792
7656d1,3456
7656e1,1664
7656f1,2432
7656g1,3840
7656h1,137280
7656i1,25344
7656j1,1280
7657a1,1488
7657b1,5856
7658a1,17280
7658b1,9600
7658c1,624
7658d1,55200
7658e1,5600
7658f1,55680
7659a1,4928
7659b1,16320
7659c1,2640
7660a1,828
7662a1,676
7666a1,2560
7667a1,820
7668a1,1872
7668b1,2736
7668c1,8208
7668d1,5616
7669a1,1356
7670a1,25344
7670b1,1120
7670c1,506880
7670d1,2080
7670e1,69888
7670f1,29184
7670g1,768
7670h1,1440
7670i1,11808
7670j1,5760
7671a1,1152
7671b1,664
7672a1,5952
7672b1,1280
7672c1,2112
7672d1,864
7672e1,2880
7675a1,1040
7675b1,1440
7675c1,48960
7675d1,1408
7675e1,2160
7676a1,1776
7678a1,4320
7678b1,800
7682a1,1920
7682b1,7280
7682c1,744
7682d1,7392
7682e1,640
7682f1,1584
7683a1,576
7683b1,29952
7683c1,2884
7683d1,4608
7683e1,576
7683f1,1920
7685a1,8832
7685b1,2544
7685c1,2352
7685d1,2128
7686a1,10944
7686b1,17280
7686c1,1056
7686d1,10752
7686e1,87360
7686f1,1920
7686g1,67200
7686h1,3072
7686i1,13824
7686j1,10080
7686k1,12672
7686l1,3648
7686m1,5760
7686n1,3168
7686o1,4800
7686p1,1920
7686q1,7200
7686r1,19968
7686s1,8064
7686t1,8640
7686u1,5184
7686v1,13824
7686w1,55296
7686x1,24192
7688a1,2400
7688b1,74400
7688c1,7680
7688d1,29760
7688e1,5760
7688f1,44640
7688g1,59520
7688h1,7680
7688i1,178560
7688j1,1440
7688k1,960
7688l1,15360
7688m1,2560
7688n1,79360
7688o1,79360
7688p1,2560
7688q1,1920
7689a1,6120
7689b1,3840
7689c1,11520
7689d1,7560
7689e1,4752
7689f1,592
7689g1,1024
7689h1,18432
7690a1,528
7690b1,2592
7690c1,3600
7690d1,1216
7690e1,3536
7690f1,7568
7690g1,16560
7691a1,345
7693a1,1536
7694a1,2184
7694b1,488
7694c1,3400
7695a1,2304
7695b1,2304
7695c1,6912
7695d1,768
7696a1,1664
7696b1,4864
7696c1,7296
7696d1,1536
7696e1,2112
7698a1,1260
7698b1,5656
7698c1,1936
7699a1,580
7700a1,8640
7700b1,6912
7700c1,80640
7700d1,41472
7700e1,3888
7700f1,25200
7700g1,2304
7700h1,3360
7700i1,126000
7700j1,1728
7700k1,403200
7700l1,19440
7701a1,6160
7701b1,1120
7701c1,3024
7701d1,6656
7704a1,1536
7704b1,3840
7704c1,3840
7704d1,1440
7704e1,5760
7704f1,149760
7704g1,1280
7704h1,8448
7704i1,5376
7704j1,3840
7704k1,512
7704l1,1280
7704m1,1280
7704n1,1536
7704o1,1200
7704p1,3584
7704q1,887040
7704r1,2304
7704s1,11328
7704t1,3360
7707a1,1296
7707b1,864
7708a1,432
7708b1,816
7709a1,504
7710a1,9360
7710b1,3168
7710c1,2880
7710d1,261888
7710e1,30800
7710f1,15200
7710g1,4864
7713a1,1248
7714a1,40320
7714b1,2816
7714c1,5632
7714d1,4608
7714e1,2112
7714f1,69888
7715a1,840
7716a1,528
7716b1,2352
7716c1,3888
7718a1,560
7718b1,9840
7719a1,512
7719b1,1656
7719c1,7178688
7722a1,1104
7722b1,3456
7722c1,1008
7722d1,129024
7722e1,3024
7722f1,2304
7722g1,11088
7722h1,51840
7722i1,6480
7722j1,3024
7722k1,104160
7722l1,1440
7722m1,11520
7722n1,1008
7722o1,3840
7722p1,33264
7722q1,2160
7722r1,9072
7722s1,312480
7722t1,4320
7722u1,6912
7722v1,3312
7722w1,17280
7722x1,3456
7722y1,3024
7722z1,387072
7723a1,398
7723b1,891
7724a1,492
7725a1,2800
7725b1,3456
7725c1,2688
7725d1,528
7725e1,4080
7725f1,4800
7725g1,72960
7725h1,17280
7725i1,24000
7725j1,3456
7725k1,17280
7725l1,13440
7725m1,816
7725n1,14592
7725o1,2640
7728a1,2560
7728b1,4096
7728c1,3264
7728d1,2240
7728e1,10752
7728f1,4800
7728g1,800
7728h1,115200
7728i1,47520
7728j1,2880
7728k1,4608
7728l1,23040
7728m1,95040
7728n1,12000
7728o1,8640
7728p1,101376
7728q1,4608
7728r1,12288
7728s1,37440
7728t1,7200
7728u1,23040
7730a1,4736
7730b1,35072
7730c1,704
7730d1,50400
7730e1,790272
7730f1,4992
7730g1,19800
7730h1,2880
7730i1,6080
7730j1,672
7730k1,8640
7730l1,3520
7730m1,2240
7730n1,1728
7730o1,2880
7731a1,2880
7732a1,936
7733a1,9360
7733b1,1200
7733c1,520
7733d1,1296
7734a1,5472
7734b1,1152
7734c1,4256
7734d1,3680
7735a1,2208
7735b1,8160
7735c1,8192
7735d1,7296
7735e1,57120
7739a1,1724
7740a1,9216
7740b1,24576
7742a1,17640
7742b1,2520
7742c1,2640
7742d1,3840
7742e1,13824
7742f1,20736
7742g1,5040
7742h1,38016
7742i1,74088
7742j1,9216
7742k1,10584
7742l1,15840
7742m1,2304
7742n1,10560
7743a1,1824
7743b1,416
7743c1,51840
7743d1,4160
7743e1,2880
7743f1,5760
7743g1,5824
7743h1,1760
7743i1,1344
7743j1,2112
7743k1,3072
7743l1,1536
7744a1,576
7744b1,16896
7744c1,1536
7744d1,16896
7744e1,1536
7744f1,1920
7744g1,3840
7744h1,7680
7744i1,3840
7744j1,33792
7744k1,3072
7744l1,3072
7744m1,3072
7744n1,15360
7744o1,480
7744p1,5280
7744q1,1536
7744r1,16896
7744s1,576
7744t1,1440
7744u1,1536
7744v1,16896
7744w1,3840
7744x1,7680
7744y1,1920
7744z1,3840
7744ba1,384
7744bb1,3072
7744bc1,3072
7744bd1,4224
7744be1,4224
7744bf1,384
7744bg1,3072
7744bh1,33792
7744bi1,11520
7744bj1,11520
7744bk1,15360
7746a1,1408
7748a1,173880
7748b1,1944
7748c1,1080
7749a1,1320
7749b1,1152
7749c1,384
7749d1,7680
7749e1,1920
7749f1,2016
7749g1,3960
7749h1,6048
7749i1,23040
7749j1,5760
7752a1,9216
7752b1,106560
7752c1,8448
7752d1,6720
7752e1,2560
7752f1,6336
7752g1,1792
7752h1,3584
7752i1,19968
7752j1,960
7752k1,7680
7754a1,400
7754b1,1056
7755a1,704
7755b1,5360
7755c1,832
7755d1,12096
7755e1,41040
7755f1,768
7755g1,25792
7755h1,16384
7755i1,14400
7756a1,1944
7756b1,1392
7757a1,474
7758a1,1280
7758b1,19200
7758c1,2688
7758d1,3840
7758e1,21120
7758f1,16896
7758g1,1728
7758h1,4320
7758i1,3840
7758j1,960
7758k1,2688
7760a1,2208
7760b1,2112
7760c1,96096
7760d1,3360
7760e1,672
7760f1,864
7760g1,1824
7761a1,6624
7761b1,7520
7761c1,688
7761d1,1536
7762a1,32768
7762b1,832
7762c1,1540
7763a1,542
7766a1,2816
7767a1,1344
7767b1,448
7770a1,32256
7770b1,58080
7770c1,53760
7770d1,31680
7770e1,326592
7770f1,10752
7770g1,286720
7770h1,2880
7770i1,5760
7770j1,3168
7770k1,147840
7770l1,1920
7770m1,103680
7770n1,3520
7770o1,12960
7770p1,3328
7770q1,4800
7770r1,2560
7770s1,141120
7770t1,10080
7770u1,8960
7770v1,17280
7770w1,11520
7770x1,43008
7770y1,89088
7770z1,31104
7770ba1,3456
7770bb1,3072
7770bc1,124800
7770bd1,26880
7770be1,9216
7771a1,392
7774a1,8064
7774b1,45696
7774c1,16128
7774d1,11520
7774e1,80640
7775a1,2208
7776a1,864
7776b1,4320
7776c1,576
7776d1,1440
7776e1,2592
7776f1,12960
7776g1,1728
7776h1,4320
7776i1,2592
7776j1,12960
7776k1,1728
7776l1,4320
7776m1,864
7776n1,4320
7776o1,576
7776p1,1440
7777a1,5376
7777b1,868
7777c1,12288
7777d1,19200
7778a1,1728
7779a1,592
7780a1,1872
7782a1,2576
7782b1,1456
7782c1,2560
7782d1,15360
7782e1,704
7782f1,3456
7784a1,512
7784b1,5376
7785a1,1632
7785b1,544
7785c1,3328
7785d1,5568
7785e1,6720
7785f1,5376
7786a1,1848
7786b1,840
7786c1,5568
7787a1,11788
7788a1,864
7790a1,83200
7790b1,4680
7790c1,190080
7790d1,3024
7790e1,6656
7790f1,6120
7790g1,2304
7790h1,6144
7790i1,4480
7790j1,103680
7791a1,4584
7791b1,33600
7791c1,16128
7791d1,1536
7791e1,2304
7791f1,4800
7791g1,2688
7791h1,10752
7791i1,11520
7791j1,7680
7791k1,32088
7792a1,4320
7792b1,1152
7792c1,3456
7792d1,20160
7792e1,4536
7792f1,2304
7792g1,11520
7792h1,14400
7794a1,4608
7794b1,2048
7794c1,2304
7794d1,6720
7794e1,3840
7794f1,4800
7794g1,4096
7797a1,7616
7797b1,2640
7797c1,5472
7797d1,4128
7798a1,13680
7798b1,13536
7798c1,2672
7800a1,2048
7800b1,3840
7800c1,28800
7800d1,9216
7800e1,92160
7800f1,15840
7800g1,9216
7800h1,11520
7800i1,19200
7800j1,9856
7800k1,126720
7800l1,4608
7800m1,9216
7800n1,36864
7800o1,18432
7800p1,2304
7800q1,11520
7800r1,3168
7800s1,49280
7800t1,9216
7800u1,4096
7800v1,23040
7800w1,2304
7800x1,5760
7801a1,1080
7802a1,3600
7802b1,13056
7802c1,5232
7803a1,1728
7803b1,324
7803c1,22032
7803d1,15552
7803e1,31212
7803f1,10368
7803g1,2592
7803h1,864
7803i1,19008
7803j1,5508
7803k1,5184
7803l1,3456
7803m1,93636
7803n1,57024
7803o1,51840
7803p1,17280
7803q1,5508
7803r1,1296
7803s1,1836
7803t1,44064
7803u1,14688
7805a1,4536
7805b1,3392
7805c1,14168
7808a1,512
7808b1,512
7808c1,768
7808d1,992
7808e1,992
7808f1,11520
7808g1,1024
7808h1,992
7808i1,11520
7808j1,768
7808k1,1024
7808l1,384
7808m1,992
7808n1,5760
7808o1,384
7808p1,5760
7809a1,6480
7809b1,976
7809c1,13536
7810a1,2432
7810b1,4032
7810c1,5184
7810d1,3136
7810e1,47424
7810f1,6912
7811a1,312
7811b1,1100
7811c1,1160
7811d1,8100
7812a1,8064
7812b1,2688
7812c1,768
7812d1,2304
7812e1,1536
7812f1,32256
7812g1,2304
7812h1,16128
7812i1,76032
7812j1,6912
7816a1,1704
7820a1,14616
7820b1,4176
7820c1,1056
7820d1,936
7820e1,6528
7820f1,552
7821a1,1056
7821b1,6480
7821c1,3600
7821d1,2520
7822a1,648
7822b1,2040
7822c1,4056
7824a1,1152
7824b1,4992
7824c1,2304
7824d1,1728
7824e1,1920
7824f1,1800
7824g1,10752
7824h1,54720
7824i1,4224
7824j1,1440
7824k1,973440
7824l1,2688
7824m1,37440
7826a1,960
7826b1,20160
7826c1,8736
7826d1,2208
7826e1,24000
7826f1,6048
7826g1,39200
7826h1,2432
7826i1,2464
7826j1,5376
7826k1,1680
7826l1,13824
7826m1,5632
7826n1,6400
7828a1,432
7828b1,1104
7828c1,5520
7828d1,2616
7830a1,5040
7830b1,27648
7830c1,3024
7830d1,1536
7830e1,6048
7830f1,61200
7830g1,10368
7830h1,129600
7830i1,107520
7830j1,1728
7830k1,10368
7830l1,2016
7830m1,9216
7830n1,4608
7830o1,5184
7830p1,61200
7830q1,1680
7830r1,322560
7830s1,1008
7830t1,43200
7831a1,2460
7832a1,1024
7832b1,1152
7832c1,2560
7833a1,67200
7833b1,3072
7833c1,2880
7834a1,684
7835a1,340
7835b1,744
7836a1,1260
7839a1,1536
7839b1,5376
7839c1,38400
7840a1,8064
7840b1,8064
7840c1,15360
7840d1,64512
7840e1,64512
7840f1,672
7840g1,4704
7840h1,4608
7840i1,9216
7840j1,1152
7840k1,9216
7840l1,9216
7840m1,1152
7840n1,2880
7840o1,506880
7840p1,18432
7840q1,18432
7840r1,15360
7840s1,672
7840t1,9216
7840u1,9216
7840v1,4704
7840w1,4608
7840x1,9216
7840y1,2880
7840z1,506880
7841a1,636
7842a1,4424
7842b1,2880
7842c1,3168
7843a1,816
7843b1,432
7845a1,1416
7845b1,4248
7846a1,2448
7846b1,688
7848a1,1536
7848b1,1280
7848c1,2560
7848d1,1536
7848e1,6528
7848f1,512
7848g1,3840
7848h1,1920
7848i1,5632
7850a1,24192
7850b1,3840
7850c1,5600
7850d1,3696
7850e1,18480
7850f1,4224
7850g1,8064
7850h1,2880
7850i1,1120
7851a1,656
7852a1,792
7852b1,3000
7854a1,4608
7854b1,25344
7854c1,51840
7854d1,2304
7854e1,2560
7854f1,161280
7854g1,43008
7854h1,174720
7854i1,2688
7854j1,4608
7854k1,7680
7854l1,5632
7854m1,9984
7854n1,7680
7854o1,16384
7854p1,25344
7854q1,3072
7854r1,103680
7854s1,92160
7854t1,19200
7855a1,384
7856a1,288
7856b1,768
7856c1,2688
7856d1,1200
7857a1,5616
7857b1,16848
7857c1,1872
7857d1,5616
7858a1,3400
7859a1,756
7860a1,1920
7860b1,43200
7860c1,3024
7860d1,2016
7861a1,352
7863a1,2448
7864a1,880
7865a1,29568
7865b1,2800
7865c1,2688
7865d1,5760
7865e1,40320
7866a1,3808
7866b1,145152
7866c1,11232
7866d1,2880
7866e1,12000
7866f1,92928
7866g1,2400
7866h1,52800
7866i1,8960
7866j1,2880
7866k1,40320
7866l1,13824
7866m1,48384
7866n1,3744
7866o1,11424
7866p1,960
7866q1,2016
7866r1,50400
7866s1,2880
7867a1,560
7869a1,1088
7869b1,1792
7869c1,1728
7869d1,36720
7869e1,54720
7870a1,3000
7870b1,12408
7870c1,8760
7870d1,552
7871a1,1360
7872a1,1536
7872b1,322560
7872c1,6912
7872d1,1792
7872e1,3840
7872f1,57600
7872g1,4608
7872h1,1600
7872i1,16128
7872j1,9216
7872k1,576
7872l1,1792
7872m1,768
7872n1,6912
7872o1,7680
7872p1,4608
7872q1,8448
7872r1,16128
7872s1,9216
7872t1,576
7872u1,768
7872v1,6912
7872w1,1152
7872x1,7680
7872y1,4608
7872z1,4608
7872ba1,8448
7872bb1,1536
7872bc1,322560
7872bd1,6912
7872be1,3840
7872bf1,57600
7872bg1,1152
7872bh1,4608
7872bi1,4608
7872bj1,1600
7874a1,6192
7874b1,9360
7874c1,178480
7874d1,15312
7874e1,4128
7874f1,35280
7874g1,21824
7874h1,512
7876a1,1824
7878a1,912
7878b1,14976
7878c1,720720
7878d1,720
7878e1,1728
7878f1,6160
7878g1,23856
7880a1,28480
7880b1,3360
7880c1,6912
7880d1,1536
7880e1,736
7880f1,2016
7880g1,1056
7881a1,368
7882a1,234000
7882b1,5040
7882c1,880
7884a1,3456
7884b1,1152
7884c1,1656
7884d1,4968
7885a1,7448
7885b1,3240
7887a1,1488
7887b1,4800
7888a1,1024
7888b1,53760
7888c1,2304
7888d1,40320
7888e1,1536
7888f1,119808
7888g1,4224
7888h1,20736
7888i1,10368
7888j1,7680
7890a1,8064
7890b1,14400
7890c1,28800
7890d1,960
7890e1,42240
7890f1,4320
7890g1,1572480
7890h1,30720
7890i1,2016
7890j1,49280
7890k1,3584
7890l1,2304
7890m1,12960
7890n1,20736
7891a1,1048
7891b1,592
7892a1,3932
7893a1,1152
7893b1,3584
7896a1,1536
7896b1,768
7896c1,2304
7896d1,7680
7896e1,5376
7896f1,1536
7896g1,5120
7896h1,1152
7896i1,2560
7896j1,14080
7896k1,9216
7896l1,15360
7896m1,3072
7898a1,1920
7898b1,470880
7898c1,18000
7898d1,672
7898e1,2400
7898f1,7200
7898g1,3744
7899a1,1542
7900a1,5040
7900b1,5184
7900c1,5040
7900d1,12096
7902a1,11200
7902b1,2240
7902c1,69440
7904a1,2432
7904b1,2432
7904c1,6336
7904d1,3456
7904e1,3456
7904f1,6336
7905a1,10560
7905b1,7200
7905c1,8160
7905d1,448
7906a1,744
7906b1,5200
7906c1,2304
7908a1,1488
7908b1,5040
7908c1,6000
7910a1,3840
7910b1,31272384
7910c1,1536
7910d1,16416
7910e1,3200
7910f1,25088
7910g1,5120
7910h1,20160
7910i1,3456
7910j1,3264
7910k1,1041408
7910l1,1920
7910m1,14784
7910n1,12288
7912a1,2688
7912b1,3648
7913a1,2072
7914a1,6528
7914b1,23760
7914c1,2688
7914d1,8112
7914e1,35784
7914f1,14400
7914g1,576
7914h1,13104
7917a1,24192
7917b1,63840
7917c1,1536
7917d1,4224
7917e1,8736
7918a1,1104
7918b1,48600
7918c1,34200
7920a1,7680
7920b1,2560
7920c1,4096
7920d1,8192
7920e1,4032
7920f1,4096
7920g1,18432
7920h1,2048
7920i1,24576
7920j1,4096
7920k1,3072
7920l1,30720
7920m1,24576
7920n1,4096
7920o1,2048
7920p1,6144
7920q1,12288
7920r1,2048
7920s1,1024
7920t1,6144
7920u1,41472
7920v1,1536
7920w1,4608
7920x1,41472
7920y1,2048
7920z1,6144
7920ba1,3456
7920bb1,1152
7920bc1,36864
7920bd1,14400
7920be1,12288
7920bf1,2880
7920bg1,3072
7920bh1,4608
7920bi1,430080
7920bj1,30720
7920bk1,1536
7920bl1,9216
7920bm1,20160
7921a1,19800
7921b1,15840
7922a1,2880
7922b1,1921920
7923a1,1152
7923b1,1848
7924a1,1566
7925a1,36960
7925b1,552
7925c1,2832
7925d1,12360
7925e1,2472
7925f1,2760
7926a1,1344
7926b1,1408
7926c1,5760
7930a1,92160
7931a1,50496
7931b1,8768
7932a1,1152
7932b1,1344
7932c1,5376
7934a1,816
7934b1,960
7934c1,4704
7934d1,3136
7935a1,17664
7935b1,3168
7935c1,50688
7935d1,42240
7935e1,768
7935f1,35328
7935g1,4608
7935h1,101376
7935i1,8448
7935j1,158400
7935k1,21120
7935l1,1536
7935m1,105984
7936a1,1024
7936b1,1024
7936c1,1024
7936d1,1024
7938a1,6048
7938b1,6048
7938c1,26208
7938d1,864
7938e1,9216
7938f1,8064
7938g1,3456
7938h1,6912
7938i1,42336
7938j1,27648
7938k1,3744
7938l1,9072
7938m1,2160
7938n1,4032
7938o1,4032
7938p1,1296
7938q1,6048
7938r1,9072
7938s1,78624
7938t1,864
7938u1,2160
7938v1,1344
7938w1,27648
7938x1,1344
7938y1,1296
7938z1,27648
7938ba1,3456
7938bb1,11232
7938bc1,6048
7938bd1,24192
7938be1,42336
7938bf1,6912
7939a1,1148
7942a1,57456
7942b1,136800
7942c1,752400
7942d1,37440
7942e1,720
7942f1,6480
7942g1,5040
7942h1,7200
7942i1,150480
7942j1,3888
7942k1,20160
7942l1,7200
7942m1,13680
7942n1,39600
7942o1,3024
7942p1,95760
7942q1,7920
7942r1,73872
7942s1,123120
7943a1,35880
7943b1,2760
7943c1,9744
7943d1,2856
7943e1,37128
7944a1,4800
7944b1,8640
7944c1,58560
7944d1,3168
7944e1,8736
7944f1,1632
7944g1,4576
7944h1,4800
7944i1,2496
7944j1,1120
7944k1,896
7946a1,24992
7946b1,1472
7946c1,13824
7950a1,4608
7950b1,20736
7950c1,24192
7950d1,792
7950e1,188160
7950f1,12960
7950g1,33792
7950h1,3072
7950i1,84480
7950j1,7680
7950k1,29400
7950l1,155520
7950m1,442368
7950n1,11520
7950o1,9504
7950p1,24576
7950q1,17400
7950r1,2090880
7950s1,11520
7950t1,2880
7950u1,11520
7950v1,112896
7950w1,1152
7950x1,3072
7950y1,5120
7950z1,443520
7950ba1,8640
7950bb1,673920
7950bc1,6912
7950bd1,9216
7950be1,57600
7950bf1,5760
7950bg1,1728
7950bh1,88704
7950bi1,8640
7950bj1,5880
7950bk1,1024
7950bl1,15360
7950bm1,3480
7950bn1,16320
7950bo1,2592
7950bp1,80640
7950bq1,161280
7950br1,41472
7950bs1,3360
7950bt1,138240
7950bu1,3456
7950bv1,168960
7950bw1,3960
7950bx1,15360
7950by1,16896
7950bz1,37632
7952a1,1024
7952b1,2560
7952c1,9216
7952d1,3072
7952e1,20736
7952f1,13824
7952g1,576
7952h1,11520
7952i1,1536
7952j1,3072
7953a1,2400
7954a1,5824
7954b1,1584
7954c1,2704
7954d1,1440
7954e1,1705600
7954f1,384
7954g1,1568
7954h1,2016
7955a1,3680
7955b1,1160
7955c1,800
7955d1,12096
7956a1,6912
7956b1,6912
7956c1,13824
7956d1,7680
7956e1,7680
7956f1,2304
7956g1,11520
7957a1,336
7960a1,2816
7960b1,1600
7961a1,1160
7962a1,3360
7962b1,6528
7962c1,54432
7964a1,1080
7965a1,1248
7965b1,816
7965c1,3744
7965d1,2448
7966a1,15360
7966b1,2304
7966c1,3840
7966d1,69120
7966e1,141696
7966f1,2160
7966g1,10176
7968a1,768
7968b1,5376
7968c1,21760
7968d1,5376
7968e1,27360
7968f1,768
7968g1,5376
7968h1,21760
7968i1,5376
7968j1,27360
7970a1,1152
7971a1,448
7971b1,1130
7971c1,1680
7972a1,1356
7973a1,5952
7973b1,7200
7973c1,9792
7973d1,464
7973e1,9216
7973f1,46224
7973g1,3312
7973h1,2736
7974a1,12480
7974b1,11520
7974c1,160512
7974d1,1920
7974e1,3456
7974f1,10752
7974g1,13824
7974h1,4160
7974i1,3840
7974j1,8640
7974k1,2560
7974l1,1344
7974m1,17280
7974n1,9504
7974o1,4896
7974p1,2816
7975a1,8640
7975b1,12880
7975c1,1920
7975d1,25920
7976a1,752
7977a1,2184
7977b1,804
7978a1,390
7980a1,5376
7980b1,25200
7980c1,1920
7980d1,17280
7980e1,1584
7980f1,11520
7982a1,65016
7983a1,2928
7984a1,1008
7984b1,1056
7984c1,360
7985a1,1074
7987a1,2160
7987b1,13440
7987c1,6528
7989a1,2720
7989b1,2160
7990a1,10368
7990b1,14400
7990c1,10880
7990d1,2944
7990e1,27648
7990f1,74880
7990g1,6656
7990h1,1536
7992a1,2880
7992b1,2880
7992c1,4032
7992d1,1536
7992e1,960
7992f1,960
7992g1,960
7992h1,4608
7992i1,1344
7992j1,2880
7994a1,2800
7994b1,1440
7994c1,8640
7994d1,2304
7994e1,2816
7994f1,1760
7994g1,4032
7995a1,1920
7995b1,1600
7995c1,4032
7995d1,5760
7995e1,14112
7995f1,384
7995g1,108160
7995h1,4608
7995i1,456960
7995j1,768
7997a1,672
7998a1,7920
7998b1,640
7998c1,3136
7998d1,4224
7998e1,85008
7998f1,4928
7998g1,17024
7998h1,1712
7998i1,3456
7998j1,8640
7998k1,1080000
8001a1,3648
8001b1,1216
8001c1,32000
8001d1,9216
8001e1,1152
8001f1,3840
8001g1,8064
8002a1,1508
8002b1,480
8002c1,36312
8004a1,1536
8004b1,3600
8004c1,8208
8005a1,5280
8005b1,1248
8007a1,960
8008a1,352512
8008b1,1408
8008c1,2944
8008d1,59520
8008e1,832
8010a1,5120
8010b1,16384
8010c1,36864
8010d1,23040
8010e1,99840
8010f1,6000
8010g1,4368
8010h1,13824
8010i1,2160
8010j1,10752
8010k1,4096
8010l1,2048
8010m1,2304
8010n1,221184
8015a1,4480
8015b1,2880
8015c1,11520
8015d1,4680
8015e1,2352
8015f1,121080
8016a1,1280
8016b1,1152
8016c1,3520
8016d1,3584
8016e1,24192
8016f1,3456
8016g1,5376
8016h1,4608
8016i1,26496
8016j1,2944
8018a1,1872
8020a1,3840
8022a1,89760
8022b1,8320
8022c1,2592
8022d1,31360
8022e1,4608
8022f1,42336
8022g1,1600
8022h1,34272
8022i1,38912
8024a1,3840
8024b1,73728
8024c1,1152
8024d1,640
8024e1,1536
8024f1,32640
8024g1,75264
8024h1,704
8024i1,3072
8024j1,16320
8024k1,21504
8024l1,3840
8024m1,2784
8024n1,1408
8024o1,8832
8025a1,576
8025b1,2688
8025c1,12000
8025d1,5184
8025e1,1872
8025f1,1696
8025g1,47520
8025h1,2931360
8025i1,5760
8025j1,14656800
8025k1,3264
8025l1,72000
8025m1,2880
8025n1,9360
8025o1,60000
8025p1,8480
8025q1,9504
8027a1,4712
8027b1,1144
8028a1,4032
8028b1,1344
8028c1,4368
8028d1,3600
8028e1,3456
8028f1,2160
8030a1,9792
8030b1,13248
8030c1,221760
8030d1,38880
8030e1,3360
8030f1,8640
8030g1,14448
8030h1,13440
8030i1,2592
8030j1,25920
8032a1,672
8032b1,672
8032c1,15840
8032d1,15840
8033a1,2128
8034a1,4032
8034b1,12096
8034c1,1320
8034d1,53568
8034e1,48960
8034f1,4608
8034g1,3200
8034h1,213696
8034i1,1152
8034j1,11520
8034k1,2496
8035a1,3192
8036a1,8064
8036b1,2448
8036c1,4032
8036d1,576
8036e1,17136
8036f1,1152
8037a1,1920
8037b1,13440
8037c1,8320
8037d1,24192
8040a1,2048
8040b1,12800
8040c1,1792
8040d1,22400
8040e1,4608
8040f1,4096
8040g1,1280
8040h1,5376
8040i1,6144
8040j1,15232
8040k1,2176
8040l1,3840
8041a1,9360
8041b1,9144
8043a1,1280
8043b1,35200
8043c1,896
8043d1,768
8043e1,6144
8043f1,2304
8043g1,11904
8043h1,3584
8043i1,5184
8043j1,9856
8043k1,1344
8045a1,752
8046a1,504
8046b1,1512
8048a1,832
8048b1,640
8048c1,768
8048d1,1512
8048e1,2880
8048f1,2304
8048g1,6400
8048h1,11520
8048i1,2432
8048j1,1152
8048k1,1408
8050a1,48000
8050b1,107520
8050c1,59904
8050d1,3072
8050e1,18432
8050f1,217728
8050g1,13824
8050h1,36864
8050i1,5120
8050j1,8064
8050k1,36480
8050l1,6144
8050m1,8640
8050n1,6144
8050o1,1728
8050p1,16128
8050q1,32256
8050r1,40320
8050s1,7296
8050t1,1088640
8050u1,9600
8051a1,3744
8051b1,858
8051c1,1672
8052a1,8736
8054a1,23056
8054b1,546
8054c1,936
8054d1,1120
8054e1,1680
8055a1,14400
8055b1,3744
8055c1,4800
8055d1,1248
8055e1,3072
8055f1,9072
8055g1,9856
8055h1,720
8055i1,1427328
8056a1,29680
8058a1,1280
8058b1,4480
8058c1,547200
8060a1,1200
8060b1,8064
8062a1,1472
8062b1,24960
8062c1,3360
8062d1,7392
8062e1,960
8063a1,4860
8064a1,4096
8064b1,81920
8064c1,1024
8064d1,9216
8064e1,9216
8064f1,4096
8064g1,1024
8064h1,6144
8064i1,1024
8064j1,1024
8064k1,9216
8064l1,6144
8064m1,1024
8064n1,6144
8064o1,1024
8064p1,4096
8064q1,81920
8064r1,1024
8064s1,4096
8064t1,6144
8064u1,4096
8064v1,1024
8064w1,4096
8064x1,81920
8064y1,81920
8064z1,9216
8064ba1,4096
8064bb1,4096
8066a1,608
8066b1,52896
8067a1,1224
8069a1,432
8070a1,47600
8070b1,1872
8070c1,2240
8070d1,832
8070e1,10800
8071a1,4536
8071b1,492
8073a1,3456
8073b1,2880
8073c1,960
8073d1,1152
8075a1,2688
8075b1,1200
8075c1,13824
8075d1,8280
8075e1,10752
8075f1,17920
8075g1,8280
8075h1,6000
8076a1,66192
8076b1,1056
8076c1,1008
8080a1,5376
8080b1,2560
8080c1,768
8080d1,1920
8080e1,1024
8080f1,960
8080g1,21504
8080h1,3840
8080i1,1152
8082a1,4160
8082b1,1440
8082c1,23040
8082d1,3456
8082e1,1872
8082f1,60480
8082g1,2880
8082h1,10080
8082i1,2304
8082j1,399168
8082k1,5040
8082l1,57024
8082m1,6912
8084a1,504
8084b1,2376
8084c1,696
8085a1,23520
8085b1,6720
8085c1,25920
8085d1,37632
8085e1,1920
8085f1,92160
8085g1,46080
8085h1,1152
8085i1,63360
8085j1,288000
8085k1,6912
8085l1,4608
8085m1,16128
8085n1,55296
8085o1,6912
8085p1,12288
8085q1,960
8085r1,181440
8085s1,8064
8085t1,443520
8085u1,13824
8085v1,13440
8085w1,4608
8085x1,209664
8085y1,19200
8085z1,3360
8086a1,4152
8086b1,4368
8088a1,1600
8088b1,1088
8088c1,2016
8088d1,992
8088e1,8640
8088f1,1280
8088g1,23712
8088h1,3072
8090a1,2048
8090b1,992
8090c1,9568
8090d1,1120
8090e1,4992
8091a1,3744
8091b1,1248
8091c1,3136
8091d1,1740
8091e1,672
8092a1,146880
8092b1,864
8092c1,540
8092d1,60480
8092e1,45900
8092f1,2700
8092g1,14688
8092h1,8640
8092i1,9180
8092j1,1028160
8094a1,6720
8094b1,2304
8094c1,2304
8094d1,1408
8094e1,896
8094f1,4992
8096a1,103488
8096b1,103488
8096c1,2880
8096d1,1088
8096e1,576
8096f1,2880
8096g1,1088
8096h1,576
8097a1,13280
8097b1,36192
8097c1,4512
8098a1,2808
8098b1,4080
8098c1,944
8098d1,1280
8098e1,1312
8099a1,12700
8100a1,5184
8100b1,1944
8100c1,31104
8100d1,31104
8100e1,3888
8100f1,3888
8100g1,10368
8100h1,10368
8100i1,1152
8100j1,3456
8100k1,5760
8100l1,17280
8100m1,5184
8100n1,1944
8101a1,818
8103a1,2304
8103b1,1664
8103c1,1600
8103d1,2688
8103e1,16000
8105a1,5208
8106a1,4096
8106b1,403200
8106c1,1280
8106d1,6144
8106e1,3328
8106f1,9856
8106g1,3072
8106h1,5120
8106i1,107520
8106j1,2688
8106k1,3840
8106l1,10240
8106m1,43008
8107a1,80640
8107b1,6400
8108a1,2744
8109a1,2784
8109b1,8352
8109c1,7488
8109d1,2112
8109e1,2160
8109f1,28560
8109g1,3600
8109h1,47040
8109i1,3072
8109j1,26880
8109k1,5376
8109l1,35520
8110a1,512
8110b1,3024
8110c1,4560
8112a1,5376
8112b1,5376
8112c1,19968
8112d1,1536
8112e1,16128
8112f1,14976
8112g1,1152
8112h1,59904
8112i1,4608
8112j1,5376
8112k1,2304
8112l1,960
8112m1,10752
8112n1,12480
8112o1,15360
8112p1,199680
8112q1,80640
8112r1,9984
8112s1,768
8112t1,8064
8112u1,119808
8112v1,9216
8112w1,74880
8112x1,1152
8112y1,5760
8112z1,14976
8112ba1,1536
8112bb1,59904
8112bc1,4608
8112bd1,19968
8112be1,26208
8112bf1,2016
8112bg1,161280
8112bh1,10752
8112bi1,8064
8114a1,600
8115a1,4992
8115b1,960
8115c1,3200
8116a1,3099
8118a1,12288
8118b1,5120
8118c1,1536
8118d1,107520
8118e1,1920
8118f1,591360
8118g1,82944
8118h1,38016
8118i1,5952
8118j1,9216
8118k1,46080
8118l1,15360
8118m1,10240
8118n1,3072
8118o1,56448
8118p1,1025024
8118q1,27648
8118r1,3072
8118s1,18432
8118t1,60480
8120a1,15360
8120b1,3840
8120c1,640
8120d1,1536
8120e1,2816
8120f1,26112
8120g1,7680
8120h1,1536
8120i1,2304
8121a1,1788
8121b1,3120
8122a1,4976
8124a1,2304
8124b1,8064
8124c1,2304
8126a1,16800
8126b1,11264
8126c1,2176
8128a1,2304
8128b1,4608
8128c1,2176
8128d1,3072
8128e1,2304
8128f1,2432
8128g1,2176
8128h1,2432
8128i1,6912
8128j1,6912
8128k1,2304
8128l1,4608
8128m1,2304
8128n1,3072
8130a1,42240
8130b1,2688
8130c1,1920
8130d1,36288
8130e1,21056
8130f1,2208
8130g1,268128
8130h1,6336
8130i1,2400
8130j1,3456
8130k1,5184
8130l1,5120
8130m1,24000
8131a1,1184
8133a1,472
8134a1,3024
8134b1,6912
8134c1,960
8134d1,9408
8134e1,9984
8134f1,6720
8134g1,1344
8135a1,1268
8135b1,2016
8136a1,576
8136b1,3072
8136c1,19200
8136d1,2944
8136e1,9984
8136f1,1536
8136g1,3584
8136h1,163200
8136i1,11520
8136j1,3200
8136k1,1728
8136l1,4480
8136m1,2304
8138a1,1584
8138b1,1568
8138c1,1152
8140a1,2688
8140b1,5376
8141a1,3296
8142a1,13824
8142b1,2304
8142c1,35280
8142d1,2688
8142e1,1680
8142f1,24192
8142g1,891072
8142h1,2880
8142i1,12096
8142j1,35280
8144a1,672
8144b1,2016
8144c1,4464
8144d1,1680
8145a1,2784
8145b1,928
8145c1,6400
8145d1,6000
8145e1,3840
8145f1,10240
8145g1,1920
8146a1,2420
8148a1,4032
8148b1,5040
8148c1,624
8150a1,2800
8150b1,15360
8150c1,12600
8150d1,7344
8150e1,2520
8150f1,5040
8150g1,3072
8151a1,18816
8151b1,142240
8151c1,3264
8151d1,4320
8151e1,4704
8151f1,2880
8151g1,2880
8151h1,10080
8151i1,244160
8152a1,1472
8153a1,620
8155a1,10472
8155b1,840
8160a1,2304
8160b1,1152
8160c1,6912
8160d1,1152
8160e1,2560
8160f1,3584
8160g1,896
8160h1,2560
8160i1,2560
8160j1,13440
8160k1,3584
8160l1,4096
8160m1,2304
8160n1,896
8160o1,2560
8160p1,13440
8160q1,6912
8160r1,4096
8162a1,28800
8162b1,7488
8162c1,3264
8162d1,5760
8162e1,4177152
8162f1,44032
8162g1,17920
8162h1,6144
8162i1,1344
8162j1,26112
8162k1,67584
8165a1,712
8165b1,3360
8165c1,736
8165d1,4536
8166a1,2440
8167a1,796
8169a1,3168
8170a1,7360
8170b1,1536
8170c1,7680
8172a1,3072
8172b1,4608
8172c1,6144
8173a1,816
8174a1,2046
8174b1,17280
8174c1,2304
8174d1,1376
8174e1,5760
8174f1,18144
8175a1,2240
8175b1,4000
8175c1,5088
8175d1,800
8175e1,25440
8176a1,7680
8176b1,9600
8176c1,2304
8177a1,9792
8178a1,1680
8178b1,10400
8178c1,1200
8178d1,43680
8178e1,249600
8178f1,1760
8178g1,7488
8178h1,4896
8178i1,8928
8178j1,2016
8180a1,1968
8180b1,16464
8181a1,384
8181b1,1152
8182a1,890
8183a1,3432
8183b1,1440
8183c1,10080
8183d1,24024
8183e1,3264
8184a1,4224
8184b1,9600
8184c1,3840
8184d1,3072
8184e1,896
8184f1,9600
8184g1,38400
8184h1,30720
8184i1,5376
8184j1,5120
8184k1,1664
8184l1,1280
8184m1,27648
8186a1,792
8187a1,1080
8187b1,840
8188a1,684
8188b1,852
8190a1,1280
8190b1,13824
8190c1,10752
8190d1,7680
8190e1,3072
8190f1,36864
8190g1,15360
8190h1,15360
8190i1,591360
8190j1,26880
8190k1,8192
8190l1,65536
8190m1,73728
8190n1,49152
8190o1,4608
8190p1,6144
8190q1,645120
8190r1,6144
8190s1,3360
8190t1,168960
8190u1,40960
8190v1,368640
8190w1,24480
8190x1,13824
8190y1,38400
8190z1,1536
8190ba1,32256
8190bb1,23040
8190bc1,12288
8190bd1,9216
8190be1,3840
8190bf1,13824
8190bg1,53760
8190bh1,3072
8190bi1,3072
8190bj1,1075200
8190bk1,7680
8190bl1,635040
8190bm1,3440640
8190bn1,98304
8190bo1,7680
8190bp1,921600
8190bq1,18432
8190br1,12288
8190bs1,20480
8190bt1,30720
8190bu1,6912
8190bv1,55296
8190bw1,168960
8190bx1,4320
8190by1,6144
8190bz1,41472
8190ca1,27648
8193a1,392
8194a1,15120
8194b1,880
8194c1,704
8194d1,7616
8194e1,1984
8194f1,31680
8194g1,28672
8194h1,2304
8195a1,696
8195b1,12000
8195c1,3072
8196a1,3150
8196b1,19344
8196c1,624
8197a1,1332
8198a1,720
8198b1,1224
8198c1,784
8199a1,4000
8200a1,6912
8200b1,4608
8200c1,6144
8200d1,17760
8200e1,1152
8200f1,2048
8200g1,55296
8200h1,3840
8200i1,15360
8200j1,115200
8200k1,3072
8200l1,5760
8200m1,3552
8201a1,1520
8201b1,1176
8202a1,6048
8202b1,22464
8202c1,1104
8202d1,2304
8202e1,1536
8202f1,6144
8202g1,261120
8202h1,2560
8202i1,88320
8202j1,27648
8205a1,2496
8205b1,45120
8208a1,68544
8208b1,22848
8208c1,960
8208d1,2880
8208e1,3456
8208f1,10368
8208g1,5184
8208h1,68544
8208i1,36288
8208j1,5184
8208k1,5184
8208l1,6336
8208m1,12096
8208n1,19008
8208o1,1728
8208p1,576
8208q1,8640
8208r1,1728
8208s1,2880
8208t1,205632
8208u1,12096
8208v1,4608
8208w1,1536
8208x1,4032
8210a1,16384
8210b1,21504
8210c1,1664
8210d1,672
8210e1,1488
8210f1,14080
8210g1,13824
8211a1,4224
8211b1,896
8211c1,4224
8211d1,2048
8211e1,6480
8211f1,6480
8211g1,829440
8211h1,1680
8211i1,24192
8214a1,60192
8214b1,1008
8214c1,133200
8214d1,16416
8214e1,170496
8214f1,37296
8214g1,49248
8214h1,3398112
8214i1,3600
8214j1,4608
8214k1,71136
8215a1,31200
8215b1,12864
8215c1,1504
8216a1,2304
8216b1,1024
8216c1,6208
8216d1,9600
8217a1,3840
8217b1,10944
8217c1,3648
8217d1,11520
8217e1,1024
8217f1,11520
8217g1,26880
8217h1,322560
8217i1,3840
8217j1,3584
8217k1,4200
8217l1,25920
8217m1,6912
8218a1,54288
8218b1,2432
8218c1,6600
8218d1,2800
8218e1,1800
8218f1,3840
8218g1,536
8219a1,336
8220a1,2784
8220b1,21168
8220c1,7920
8220d1,1104
8224a1,1024
8224b1,1024
8225a1,2496
8225b1,19440
8225c1,2112
8226a1,4224
8226b1,1408
8226c1,4480
8226d1,11520
8226e1,2560
8226f1,5376
8226g1,1000960
8226h1,2560
8226i1,1560
8227a1,546
8227b1,972
8227c1,4032
8227d1,323136
8228a1,26928
8228b1,2448
8228c1,7920
8228d1,720
8228e1,46080
8229a1,2432
8234a1,464
8234b1,104400
8234c1,1152
8234d1,25208
8234e1,3536
8235a1,2304
8235b1,5184
8235c1,3600
8235d1,3024
8235e1,2880
8235f1,1008
8235g1,960
8235h1,1728
8235i1,768
8235j1,3600
8236a1,20016
8236b1,18000
8236c1,1008
8236d1,1536
8237a1,524
8238a1,1136
8238b1,6864
8238c1,11136
8238d1,2304
8238e1,1440
8238f1,1296
8238g1,20384
8238h1,2160
8239a1,496
8239b1,15040
8239c1,6720
8239d1,1248
8239e1,150000
8239f1,2128
8240a1,448
8240b1,2080
8240c1,29120
8240d1,2880
8240e1,800
8240f1,20160
8240g1,10080
8240h1,432
8240i1,4896
8240j1,2880
8240k1,624
8241a1,35280
8241b1,800
8241c1,2480
8241d1,35280
8241e1,9888
8242a1,3240
8242b1,864
8242c1,243360
8242d1,19008
8242e1,1080
8242f1,1440
8242g1,672
8242h1,24480
8242i1,38880
8243a1,501
8244a1,120456
8244b1,2448
8244c1,1848
8244d1,5760
8244e1,1080
8244f1,44064
8244g1,1800
8244h1,6912
8245a1,704
8245b1,832
8245c1,1920
8245d1,20640
8245e1,38016
8245f1,4320
8245g1,536
8245h1,6336
8246a1,8320
8246b1,3072
8246c1,2304
8246d1,18432
8246e1,24320
8246f1,138240
8246g1,19008
8253a1,1280
8253b1,3840
8253c1,4992
8253d1,39936
8253e1,1536
8253f1,6400
8253g1,2048
8254a1,420
8255a1,5418000
8255b1,5040
8255c1,11920
8255d1,896
8255e1,1104
8255f1,1984
8255g1,58752
8256a1,1344
8256b1,1920
8256c1,32256
8256d1,768
8256e1,2304
8256f1,42240
8256g1,2560
8256h1,7680
8256i1,9216
8256j1,3840
8256k1,1664
8256l1,4224
8256m1,37632
8256n1,1536
8256o1,1664
8256p1,4224
8256q1,1920
8256r1,1536
8256s1,768
8256t1,10752
8256u1,4608
8256v1,1152
8256w1,11520
8256x1,42240
8256y1,145920
8256z1,1536
8256ba1,960
8256bb1,1536
8256bc1,10752
8256bd1,4608
8256be1,1152
8256bf1,11520
8256bg1,145920
8256bh1,1536
8256bi1,384
8256bj1,37632
8256bk1,1536
8256bl1,384
8256bm1,3840
8256bn1,960
8256bo1,1344
8256bp1,32256
8256bq1,2304
8256br1,2560
8256bs1,7680
8256bt1,9216
8258a1,3346
8260a1,1440
8260b1,36960
8260c1,864
8260d1,1536
8262a1,11232
8262b1,5184
8262c1,5184
8262d1,864
8262e1,1260
8262f1,9180
8262g1,1944
8262h1,5184
8262i1,3744
8262j1,1728
8262k1,1944
8262l1,2592
8262m1,3780
8262n1,27540
8265a1,6400
8265b1,14400
8265c1,622080
8265d1,4992
8266a1,5796
8266b1,8024
8266c1,1512
8267a1,1180
8268a1,3456
8268b1,2688
8268c1,6912
8268d1,2640
8268e1,7680
8268f1,9600
8270a1,4428
8271a1,7680
8271b1,3456
8272a1,1536
8272b1,21120
8272c1,3840
8272d1,1536
8272e1,6400
8272f1,9600
8272g1,17280
8272h1,34560
8272i1,4800
8272j1,1728
8272k1,3840
8272l1,5184
8272m1,4800
8272n1,3840
8272o1,5760
8272p1,3072
8274a1,2304
8274b1,11088
8274c1,7776
8274d1,1200
8274e1,3456
8274f1,7296
8274g1,2640
8274h1,181440
8274i1,3456
8274j1,297216
8274k1,2880
8274l1,24000
8274m1,2517120
8274n1,16000
8274o1,2592
8274p1,2304
8274q1,57600
8274r1,5280
8274s1,5040
8274t1,45696
8275a1,1680
8277a1,4992
8280a1,896
8280b1,1280
8280c1,6912
8280d1,1280
8280e1,9216
8280f1,76800
8280g1,84480
8280h1,1920
8280i1,43008
8280j1,960
8280k1,49152
8280l1,3072
8280m1,24576
8280n1,6144
8280o1,3840
8280p1,3840
8280q1,2304
8280r1,2688
8280s1,3072
8280t1,23040
8280u1,4032
8280v1,3584
8280w1,10752
8281a1,72072
8281b1,10080
8281c1,5544
8281d1,32256
8281e1,10296
8281f1,70560
8281g1,2352
8281h1,792
8281i1,32256
8281j1,10752
8281k1,1536
8281l1,139776
8281m1,19968
8282a1,74120
8282b1,2296
8282c1,1960
8283a1,1512
8283b1,960
8283c1,21952
8283d1,3904
8283e1,608
8283f1,2688
8283g1,6080
8283h1,12992
8283i1,43840
8283j1,13000
8284a1,10296
8285a1,6776
8285b1,936
8286a1,680
8288a1,6912
8288b1,1024
8288c1,960
8288d1,119040
8288e1,960
8288f1,119040
8288g1,6912
8288h1,2304
8288i1,1024
8288j1,2304
8289a1,5472
8289b1,1824
8289c1,828
8289d1,2016
8289e1,1944
8289f1,2484
8289g1,2016
8289h1,6048
8289i1,672
8289j1,648
8290a1,14040
8290b1,4512
8290c1,2112
8294a1,2756160
8294b1,416
8294c1,4032
8294d1,4608
8294e1,5376
8294f1,17472
8294g1,4352
8295a1,82656
8295b1,1728
8295c1,16000
8295d1,3648
8295e1,1536
8295f1,132000
8295g1,2112
8295h1,151200
8298a1,1640
8298b1,3520
8298c1,17920
8298d1,9216
8298e1,7680
8298f1,1104
8298g1,4920
8298h1,2560
8298i1,8000
8298j1,7168
8298k1,15872
8298l1,26624
8299a1,376
8300a1,4032
8300b1,396
8300c1,8640
8300d1,5184
8300e1,1692
8300f1,1980
8300g1,8460
8302a1,19440
8302b1,4704
8302c1,193248
8303a1,28800
8303b1,14400
8304a1,480
8304b1,800
8304c1,4480
8304d1,1008
8304e1,44928
8304f1,8064
8304g1,1152
8304h1,5616
8305a1,4928
8305b1,1280
8305c1,6384
8305d1,1648
8307a1,1260
8308a1,1248
8308b1,9600
8308c1,17280
8308d1,15120
8309a1,4326
8310a1,10560
8310b1,8640
8310c1,4608
8310d1,1664
8310e1,36480
8310f1,2400
8310g1,3280
8310h1,8400
8310i1,2256
8315a1,858
8316a1,6912
8316b1,6912
8318a1,800
8319a1,2576
8319b1,6944
8319c1,1840
8319d1,3584
8320a1,2304
8320b1,1280
8320c1,3840
8320d1,3840
8320e1,3840
8320f1,2304
8320g1,1280
8320h1,1280
8320i1,2304
8320j1,2304
8320k1,1280
8320l1,3840
8322a1,23040
8322b1,23040
8322c1,13824
8322d1,150528
8322e1,2048
8322f1,24576
8322g1,3840
8322h1,4608
8322i1,19968
8322j1,4608
8322k1,3840
8323a1,7840
8323b1,5300
8323c1,1212
8323d1,17760
8325a1,9216
8325b1,3072
8325c1,2048
8325d1,6144
8325e1,13824
8325f1,10368
8325g1,4608
8325h1,3456
8325i1,3648
8325j1,1216
8325k1,23040
8325l1,69120
8325m1,18240
8325n1,6080
8325o1,46080
8325p1,15360
8325q1,2880
8325r1,80640
8325s1,23040
8325t1,5760
8325u1,28800
8325v1,11520
8325w1,3456
8325x1,3584
8325y1,17280
8325z1,34560
8325ba1,5760
8325bb1,4480
8325bc1,86400
8325bd1,4608
8325be1,22400
8326a1,6864
8327a1,10048
8328a1,2304
8328b1,23392
8330a1,25088
8330b1,80640
8330c1,25344
8330d1,5760
8330e1,4320
8330f1,3840
8330g1,161280
8330h1,26880
8330i1,23040
8330j1,23040
8330k1,57600
8330l1,7200
8330m1,3584
8330n1,16128
8330o1,241920
8330p1,60480
8330q1,4320
8330r1,28224
8330s1,25344
8330t1,4032
8330u1,30240
8330v1,129024
8330w1,11520
8330x1,34560
8330y1,30240
8330z1,2304
8330ba1,8640
8334a1,1584
8334b1,14784
8334c1,4032
8334d1,1472
8335a1,436
8335b1,4088
8336a1,2304
8336b1,8160
8336c1,2208
8338a1,20640
8338b1,1456
8338c1,6000
8340a1,2304
8340b1,4896
8340c1,3168
8340d1,33696
8340e1,2400
8342a1,1536
8342b1,190512
8342c1,1176
8342d1,9000
8344a1,1728
8344b1,928
8344c1,4320
8344d1,5280
8345a1,1108
8346a1,56064
8346b1,21504
8346c1,1344
8346d1,1792
8346e1,2880
8346f1,16000
8349a1,19200
8349b1,195360
8349c1,15360
8349d1,2560
8349e1,17760
8350a1,864
8350b1,1055040
8350c1,7685040
8350d1,928
8350e1,1537008
8350f1,24000
8350g1,4640
8352a1,2688
8352b1,2688
8352c1,896
8352d1,896
8352e1,3840
8352f1,3840
8352g1,1920
8352h1,1920
8352i1,5376
8352j1,5376
8354a1,22032
8354b1,1296
8355a1,6912
8355b1,2772
8355c1,4224
8355d1,1248
8355e1,31980
8357a1,576
8358a1,18368
8358b1,12480
8358c1,3744
8358d1,2560
8358e1,6720
8358f1,11264
8358g1,1664
8358h1,38400
8358i1,1792
8358j1,6400
8360a1,3072
8360b1,1536
8360c1,4608
8360d1,144000
8360e1,1408
8360f1,2560
8360g1,368640
8360h1,1536
8360i1,2560
8360j1,1664
8360k1,1920
8360l1,207360
8360m1,1152
8360n1,13440
8360o1,126720
8360p1,1536
8360q1,14080
8361a1,2240
8361b1,4800
8361c1,2688
8361d1,69760
8362a1,5184
8362b1,2176
8362c1,4800
8363a1,417
8363b1,912
8364a1,8040
8364b1,792
8364c1,2376
8365a1,480
8365b1,2400
8366a1,1344
8368a1,1360
8368b1,8800
8368c1,528
8370a1,2304
8370b1,2304
8370c1,28800
8370d1,10368
8370e1,5376
8370f1,6912
8370g1,11520
8370h1,5184
8370i1,16128
8370j1,3840
8370k1,5184
8370l1,3456
8370m1,2304
8370n1,6912
8370o1,768
8370p1,86400
8371a1,2052
8371b1,828
8372a1,1440
8372b1,1248
8372c1,1584
8372d1,6048
8372e1,3456
8372f1,4032
8372g1,14256
8373a1,3752
8374a1,2459520
8374b1,6720
8374c1,1824
8374d1,9000
8374e1,792
8374f1,14280
8376a1,2112
8378a1,24000
8378b1,33600
8378c1,4224
8378d1,7680
8378e1,3120
8378f1,26928
8378g1,7776
8378h1,1920
8379a1,6144
8379b1,18432
8379c1,13440
8379d1,92736
8379e1,13104
8379f1,3024
8379g1,9216
8379h1,2048
8379i1,1872
8379j1,1920
8379k1,14336
8379l1,64512
8379m1,46080
8379n1,4608
8379o1,31680
8379p1,7488
8379q1,649152
8380a1,2208
8380b1,2304
8380c1,768
8381a1,468
8381b1,34560
8381c1,539136
8381d1,7956
8382a1,2016
8382b1,9408
8382c1,9800
8382d1,21600
8382e1,2088
8382f1,2912
8382g1,4320
8383a1,1824
8384a1,768
8384b1,1920
8384c1,3840
8384d1,8448
8384e1,2304
8384f1,288
8384g1,2304
8384h1,11904
8384i1,288
8384j1,1408
8384k1,11904
8384l1,768
8384m1,1920
8384n1,1408
8384o1,3840
8384p1,8448
8385a1,38400
8385b1,3584
8385c1,9600
8385d1,864
8385e1,27648
8386a1,2544
8386b1,158592
8386c1,608
8386d1,2016
8386e1,9216
8386f1,2240
8388a1,1200
8388b1,3600
8390a1,2280
8390b1,912
8390c1,9280
8393a1,2304
8393b1,98208
8393c1,36960
8394a1,1920
8396a1,1350
8396b1,1080
8398a1,2944
8398b1,33792
8398c1,5120
8398d1,1024
8398e1,2816
8398f1,22528
8398g1,27648
8398h1,18688
8398i1,7488
8399a1,4624
8399b1,7360
8400a1,3072
8400b1,1920
8400c1,6144
8400d1,9216
8400e1,6144
8400f1,6144
8400g1,1344
8400h1,768
8400i1,3072
8400j1,12288
8400k1,107520
8400l1,38400
8400m1,9216
8400n1,5120
8400o1,665280
8400p1,5760
8400q1,2688
8400r1,2048
8400s1,92160
8400t1,133056
8400u1,1152
8400v1,9216
8400w1,6144
8400x1,13440
8400y1,3072
8400z1,7680
8400ba1,6720
8400bb1,46080
8400bc1,1024
8400bd1,3840
8400be1,21504
8400bf1,9600
8400bg1,5760
8400bh1,14400
8400bi1,80640
8400bj1,1920
8400bk1,9216
8400bl1,12288
8400bm1,576
8400bn1,11520
8400bo1,54720
8400bp1,18432
8400bq1,5184
8400br1,5184
8400bs1,40320
8400bt1,7680
8400bu1,20160
8400bv1,46080
8400bw1,16128
8400bx1,3840
8400by1,3072
8400bz1,8064
8400ca1,4032
8400cb1,2304
8400cc1,73728
8400cd1,4096
8400ce1,27648
8400cf1,55296
8400cg1,6144
8400ch1,25920
8400ci1,3456
8400cj1,25920
8400ck1,6912
8400cl1,2880
8400cm1,38400
8400cn1,273600
8400co1,9216
8400cp1,80640
8400cq1,768
8400cr1,15360
8400cs1,1152
8400ct1,14400
8402a1,432
8403a1,5852
8404a1,1152
8405a1,26880
8405b1,13440
8405c1,20160
8406a1,14112
8406b1,7392
8406c1,3552
8406d1,1152
8406e1,3696
8406f1,8400
8406g1,10656
8406h1,2464
8406i1,4704
8406j1,960
8410a1,1080
8410b1,375840
8410c1,31920
8410d1,36540
8410e1,271440
8410f1,45472
8410g1,40320
8410h1,925680
8410i1,1260
8410j1,31320
8410k1,12960
8410l1,9360
8410m1,1568
8412a1,1296
8414a1,8880
8414b1,1104
8414c1,960
8414d1,3456
8414e1,5152
8414f1,19584
8414g1,960
8414h1,7200
8415a1,1728
8415b1,665280
8415c1,4800
8415d1,14400
8415e1,1728
8415f1,5184
8415g1,43200
8415h1,1600
8415i1,576
8415j1,221760
8415k1,5376
8415l1,35136
8415m1,960
8415n1,69888
8415o1,7168
8415p1,13824
8415q1,9216
8418a1,1040
8418b1,30080
8418c1,18480
8418d1,4576
8418e1,13104
8418f1,1360
8418g1,23760
8418h1,1948128
8419a1,540
8424a1,1536
8424b1,1440
8424c1,8064
8424d1,7488
8424e1,4320
8424f1,24192
8424g1,2496
8424h1,4608
8426a1,800
8426b1,356
8426c1,2016
8428a1,12096
8428b1,3456
8428c1,105984
8428d1,84672
8430a1,8448
8430b1,5824
8430c1,3072
8430d1,11424
8430e1,4896
8430f1,5120
8430g1,18816
8430h1,76800
8430i1,2400
8430j1,1984
8430k1,49280
8432a1,21312
8432b1,992
8432c1,288
8432d1,576
8432e1,1824
8432f1,4736
8432g1,3840
8432h1,1008
8433a1,5632
8433b1,1792
8434a1,2616
8434b1,516
8435a1,7216
8436a1,1824
8436b1,2880
8436c1,7392
8437a1,1520
8437b1,864
8437c1,8400
8438a1,2808
8440a1,4032
8440b1,2640
8440c1,1344
8440d1,1536
8440e1,960
8440f1,3648
8440g1,43200
8440h1,2304
8441a1,1530
8442a1,5760
8442b1,15840
8442c1,12288
8442d1,1440
8442e1,28800
8443a1,672
8445a1,1088
8445b1,1159200
8446a1,1280
8446b1,768
8446c1,1680
8448a1,1024
8448b1,768
8448c1,1024
8448d1,12288
8448e1,12288
8448f1,1536
8448g1,1536
8448h1,1024
8448i1,768
8448j1,1024
8448k1,12288
8448l1,12288
8448m1,1024
8448n1,768
8448o1,1024
8448p1,12288
8448q1,12288
8448r1,1536
8448s1,1536
8448t1,1024
8448u1,768
8448v1,1024
8448w1,12288
8448x1,12288
8449a1,576
8449b1,3024
8450a1,40320
8450b1,21840
8450c1,12096
8450d1,4320
8450e1,60480
8450f1,3456
8450g1,96768
8450h1,2592
8450i1,134784
8450j1,28224
8450k1,302400
8450l1,100800
8450m1,32256
8450n1,524160
8450o1,1680
8450p1,141120
8450q1,44928
8450r1,60480
8450s1,322560
8450t1,47040
8450u1,20160
8450v1,33696
8450w1,10368
8450x1,4320
8450y1,12096
8454a1,4088
8454b1,6720
8454c1,1472
8454d1,2496
8454e1,130880
8454f1,2688
8454g1,24000
8454h1,3072
8454i1,25600
8454j1,4128
8456a1,4800
8456b1,1632
8457a1,1104
8458a1,1050
8458b1,544
8459a1,756
8459b1,2380
8460a1,4032
8460b1,1344
8460c1,2016
8460d1,2112
8460e1,2160
8460f1,41472
8460g1,7680
8460h1,24192
8460i1,32400
8460j1,2304
8460k1,34560
8460l1,110880
8460m1,5040
8462a1,1584
8463a1,2176
8463b1,3840
8463c1,25920
8463d1,27648
8463e1,14336
8463f1,103680
8463g1,2304
8463h1,25920
8463i1,88704
8463j1,18432
8463k1,2048
8463l1,13824
8464a1,12672
8464b1,960
8464c1,768
8464d1,8448
8464e1,17664
8464f1,22080
8464g1,8448
8464h1,61824
8464i1,2688
8464j1,25344
8464k1,13248
8464l1,576
8464m1,63360
8464n1,4224
8464o1,44160
8464p1,1920
8464q1,12672
8464r1,463680
8464s1,20160
8466a1,4032
8466b1,6720
8466c1,13104
8466d1,93600
8466e1,1728
8466f1,49280
8466g1,1440
8466h1,6912
8466i1,11520
8466j1,211680
8466k1,1440
8466l1,6048
8466m1,2400
8468a1,1488
8468b1,3312
8468c1,936
8468d1,6192
8470a1,443520
8470b1,1920
8470c1,38016
8470d1,24192
8470e1,6480
8470f1,69120
8470g1,2304
8470h1,5120
8470i1,19008
8470j1,27456
8470k1,295680
8470l1,23040
8470m1,59136
8470n1,57024
8470o1,2160
8470p1,116160
8470q1,25344
8470r1,1728
8470s1,2496
8470t1,7680
8470u1,69120
8470v1,40320
8470w1,21120
8470x1,3456
8470y1,266112
8470z1,71280
8470ba1,30720
8470bb1,5184
8470bc1,23760
8470bd1,10560
8470be1,307200
8470bf1,26880
8470bg1,30720
8470bh1,5376
8472a1,1344
8472b1,896
8472c1,6528
8472d1,816
8473a1,29760
8474a1,7360
8474b1,992
8474c1,3864
8475a1,3840
8475b1,10080
8475c1,26880
8475d1,2592
8475e1,13056
8475f1,9216
8475g1,5688
8475h1,8960
8475i1,16128
8475j1,3072
8475k1,1792
8475l1,28440
8477a1,15360
8477b1,3360
8477c1,2304
8477d1,23520
8478a1,142680
8478b1,960
8478c1,4608
8478d1,11520
8478e1,3840
8478f1,428040
8478g1,2880
8478h1,1536
8480a1,11776
8480b1,5120
8480c1,5120
8480d1,11776
8481a1,3456
8481b1,4992
8482a1,1128
8482b1,23946
8484a1,4224
8484b1,2664
8487a1,3360
8487b1,2272
8487c1,2272
8487d1,1120
8487e1,9216
8487f1,3072
8487g1,42240
8487h1,218880
8487i1,896
8487j1,2304
8487k1,9728
8487l1,13824
8489a1,512
8490a1,34560
8490b1,5120
8490c1,2112
8490d1,2432
8490e1,3168
8490f1,1152
8490g1,6720
8490h1,171360
8490i1,896
8491a1,3408
8491b1,440
8491c1,3408
8491d1,2912
8491e1,1200
8492a1,9600
8493a1,608
8493b1,19200
8493c1,1600
8493d1,768
8493e1,1080
8493f1,6336
8493g1,4896
8495a1,672
8495b1,2528
8496a1,1024
8496b1,5760
8496c1,3072
8496d1,1920
8496e1,1120
8496f1,3136
8496g1,960
8496h1,2880
8496i1,1152
8496j1,3072
8496k1,9216
8496l1,3072
8496m1,7680
8496n1,23040
8496o1,8640
8496p1,2880
8496q1,3456
8496r1,2880
8496s1,1680
8496t1,304128
8496u1,720
8496v1,9216
8496w1,21888
8496x1,10752
8497a1,1024
8498a1,1344
8498b1,10368
8498c1,1152
8498d1,1280
8499a1,6528
8499b1,1536
8502a1,1792
8502b1,1792
8502c1,12800
8502d1,6912
8502e1,13824
8503a1,288
8503b1,136224
8503c1,7104
8505a1,3456
8505b1,8640
8505c1,6048
8505d1,3456
8505e1,2880
8505f1,2016
8505g1,15552
8505h1,1728
8505i1,15552
8505j1,5184
8506a1,756
8508a1,3780
8510a1,8304
8510b1,1408
8510c1,147840
8510d1,3120
8510e1,2304
8510f1,8640
8510g1,2112
8510h1,70656
8511a1,8480
8512a1,1728
8512b1,960
8512c1,1728
8512d1,960
8514a1,2688
8514b1,33792
8514c1,5120
8514d1,24576
8514e1,15600
8514f1,8064
8514g1,5760
8514h1,3600
8514i1,2688
8514j1,1536
8514k1,169344
8515a1,2304
8515b1,600
8517a1,1080
8517b1,5400
8518a1,1840
8520a1,3840
8520b1,1536
8520c1,17920
8520d1,11264
8520e1,14080
8520f1,3072
8520g1,2048
8520h1,2304
8520i1,1792
8520j1,3584
8522a1,32382
8522b1,2502
8522c1,1044
8525a1,38400
8525b1,640
8525c1,3200
8526a1,6720
8526b1,107520
8526c1,81920
8526d1,3840
8526e1,360360
8526f1,15360
8526g1,960
8526h1,15360
8526i1,573440
8526j1,5760
8526k1,147840
8526l1,17160
8526m1,23040
8526n1,8960
8526o1,10584
8526p1,179200
8526q1,3072
8526r1,5806080
8526s1,55296
8526t1,10368
8526u1,122304
8526v1,27648
8526w1,4536
8526x1,1280
8526y1,943488
8526z1,41472
8526ba1,46080
8526bb1,21504
8526bc1,25600
8526bd1,17472
8528a1,832
8528b1,21440
8528c1,12096
8528d1,12096
8528e1,1728
8528f1,20160
8528g1,6912
8528h1,1728
8528i1,52416
8528j1,1344
8530a1,1056
8530b1,3480
8530c1,10080
8530d1,1680
8531a1,1002
8532a1,3240
8532b1,1944
8532c1,1080
8532d1,720
8532e1,2160
8532f1,4392
8532g1,648
8532h1,936
8532i1,2808
8532j1,13176
8533a1,5680
8534a1,5544
8534b1,6048
8535a1,2304
8536a1,704
8536b1,16320
8536c1,2304
8536d1,960
8536e1,3168
8538a1,10200
8538b1,4200
8539a1,429
8540a1,1056
8540b1,29760
8540c1,2112
8540d1,16800
8540e1,10320
8540f1,3888
8540g1,19680
8541a1,4416
8541b1,1472
8541c1,5376
8541d1,6400
8543a1,950
8544a1,9280
8544b1,3136
8544c1,3136
8544d1,9280
8546a1,700
8546b1,1216
8547a1,22528
8547b1,354816
8547c1,1536
8547d1,4704
8547e1,9216
8547f1,11520
8547g1,600096
8549a1,5628240
8549b1,1000
8549c1,1320
8549d1,600
8550a1,6144
8550b1,15360
8550c1,46080
8550d1,5760
8550e1,57600
8550f1,36864
8550g1,24576
8550h1,430080
8550i1,8640
8550j1,18432
8550k1,64512
8550l1,27648
8550m1,2304
8550n1,23040
8550o1,30720
8550p1,7680
8550q1,53760
8550r1,15360
8550s1,2048
8550t1,46080
8550u1,15360
8550v1,6144
8550w1,61440
8550x1,12288
8550y1,460800
8550z1,4800
8550ba1,18432
8550bb1,17280
8550bc1,9216
8550bd1,107520
8550be1,552960
8550bf1,13824
8550bg1,76800
8550bh1,184320
8550bi1,29568
8550bj1,38400
8550bk1,10752
8550bl1,57600
8550bm1,11520
8551a1,952
8552a1,1576
8554a1,4608
8554b1,4608
8554c1,729600
8554d1,44352
8554e1,4032
8554f1,60480
8554g1,137280
8554h1,6144
8554i1,338688
8554j1,672
8554k1,364800
8554l1,14080
8554m1,84480
8554n1,23040
8556a1,11520
8556b1,4224
8556c1,2880
8556d1,6480
8556e1,4320
8558a1,528
8558b1,1600
8558c1,29008
8560a1,864
8560b1,576
8560c1,43904
8560d1,4992
8560e1,896
8560f1,17280
8560g1,63360
8560h1,5760
8560i1,2592
8560j1,1344
8560k1,23712
8562a1,4620
8565a1,896
8565b1,2560
8565c1,17640
8565d1,9216
8565e1,26496
8565f1,1800
8565g1,5120
8565h1,13824
8566a1,712
8568a1,5376
8568b1,6912
8568c1,276480
8568d1,5120
8568e1,15360
8568f1,43008
8568g1,3072
8568h1,16128
8568i1,33792
8568j1,135168
8568k1,2560
8568l1,5120
8569a1,4576
8569b1,568
8569c1,456
8570a1,14080
8570b1,1024
8570c1,2720
8570d1,1280
8570e1,12544
8570f1,3584
8570g1,3840
8570h1,960
8570i1,1536
8570j1,23808
8570k1,4608
8570l1,87360
8570m1,4224
8570n1,26624
8577a1,1920
8579a1,1200
8580a1,601920
8580b1,5760
8580c1,6720
8582a1,672
8582b1,840
8582c1,2460640
8584a1,1056
8584b1,1408
8584c1,9600
8584d1,10752
8584e1,27776
8584f1,1536
8585a1,2176
8585b1,9600
8585c1,1344
8585d1,1344
8586a1,6912
8586b1,2808
8586c1,1920
8586d1,19656
8586e1,1536
8586f1,4608
8586g1,2304
8586h1,5760
8586i1,6552
8586j1,936
8588a1,2340
8589a1,3840
8589b1,5720
8589c1,72768
8589d1,22680
8589e1,504
8591a1,73440
8591b1,12960
8592a1,768
8592b1,1536
8592c1,6720
8592d1,15360
8592e1,1280
8592f1,2304
8592g1,7680
8592h1,5760
8592i1,4608
8592j1,1536
8592k1,13312
8592l1,69120
8592m1,7680
8592n1,768
8592o1,10368
8592p1,8640
8592q1,15360
8592r1,3840
8592s1,2304
8592t1,4608
8592u1,1344
8595a1,3520
8595b1,8832
8595c1,3520
8595d1,2944
8595e1,1280
8595f1,14080
8595g1,1664
8596a1,2112
8597a1,396
8598a1,1408
8598b1,832
8598c1,5880
8598d1,22848
8598e1,12480
8598f1,1488
8598g1,16320
8600a1,2048
8600b1,5376
8600c1,4608
8600d1,75600
8600e1,1296
8600f1,15120
8600g1,6480
8600h1,23040
8601a1,31616
8601b1,13824
8601c1,96768
8601d1,34816
8601e1,26208
8601f1,1440
8601g1,22656
8601h1,3200
8602a1,54432
8602b1,54560
8602c1,6720
8604a1,3168
8604b1,1056
8604c1,2304
8604d1,21504
8604e1,1920
8604f1,4608
8604g1,2688
8604h1,1344
8605a1,1192
8605b1,376
8605c1,3304
8605d1,1024
8606a1,1632
8607a1,47520
8608a1,1984
8608b1,1984
8608c1,1344
8608d1,1344
8610a1,48384
8610b1,11232
8610c1,8960
8610d1,11232
8610e1,73728
8610f1,32256
8610g1,10240
8610h1,336000
8610i1,839680
8610j1,7680
8610k1,23520
8610l1,3360
8610m1,26112
8610n1,9856
8610o1,6144
8610p1,151200
8610q1,10080
8610r1,120960
8610s1,36864
8610t1,2560
8611a1,9264
8613a1,2592
8613b1,864
8613c1,4896
8613d1,18720
8613e1,1632
8613f1,24192
8613g1,2592
8613h1,6240
8613i1,72576
8613j1,7776
8614a1,2848
8614b1,8064
8615a1,452
8616a1,1152
8618a1,14400
8619a1,10800
8619b1,21504
8619c1,140400
8619d1,48384
8619e1,1512
8619f1,5232
8619g1,19656
8619h1,68016
8619i1,4680
8619j1,10752
8619k1,11856
8619l1,912
8619m1,768
8619n1,9984
8620a1,2520
8620b1,3420
8621a1,1936
8621b1,1920
8621c1,576
8621d1,3728
8621e1,2208
8622a1,5120
8622b1,38400
8622c1,3072
8622d1,10240
8622e1,8960
8623a1,490
8623b1,1118
8624a1,16128
8624b1,9216
8624c1,3072
8624d1,21504
8624e1,9216
8624f1,3072
8624g1,2304
8624h1,512
8624i1,92160
8624j1,3584
8624k1,6144
8624l1,5760
8624m1,2304
8624n1,40320
8624o1,145152
8624p1,24192
8624q1,4608
8624r1,2880
8624s1,18432
8624t1,21504
8624u1,18432
8624v1,3072
8624w1,27648
8624x1,27648
8624y1,16128
8624z1,5760
8624ba1,2880
8624bb1,23040
8624bc1,3456
8624bd1,13824
8624be1,20736
8626a1,5400
8626b1,1080
8626c1,720
8626d1,12240
8628a1,1080
8630a1,2940
8631a1,5248
8631b1,1664
8632a1,1536
8635a1,5568
8635b1,2064
8635c1,672
8635d1,576
8635e1,10752
8638a1,2080
8638b1,3648
8638c1,6048
8638d1,6528
8638e1,1888
8638f1,2048
8640a1,2304
8640b1,4608
8640c1,768
8640d1,2304
8640e1,1152
8640f1,2304
8640g1,16128
8640h1,2304
8640i1,1536
8640j1,6912
8640k1,6912
8640l1,768
8640m1,11520
8640n1,3456
8640o1,768
8640p1,11520
8640q1,11520
8640r1,2304
8640s1,3840
8640t1,2880
8640u1,1152
8640v1,768
8640w1,2304
8640x1,1152
8640y1,3840
8640z1,11520
8640ba1,960
8640bb1,5376
8640bc1,3840
8640bd1,11520
8640be1,5760
8640bf1,11520
8640bg1,2304
8640bh1,2880
8640bi1,7680
8640bj1,1152
8640bk1,768
8640bl1,1152
8640bm1,3840
8640bn1,11520
8640bo1,1920
8640bp1,23040
8640bq1,960
8640br1,5376
8640bs1,2304
8640bt1,4608
8640bu1,2304
8640bv1,5760
8640bw1,1152
8640bx1,2304
8640by1,7680
8640bz1,16128
8640ca1,1536
8640cb1,6912
8640cc1,11520
8640cd1,1920
8640ce1,6912
8640cf1,768
8640cg1,23040
8640ch1,3456
8642a1,4272
8642b1,2448
8643a1,1792
8645a1,11424
8645b1,1632
8646a1,2560
8646b1,72576
8646c1,3456
8646d1,48384
8646e1,44928
8646f1,1088
8646g1,23104
8646h1,16128
8646i1,1216
8646j1,5760
8648a1,1120
8649a1,14880
8649b1,480
8650a1,3024
8650b1,2016
8650c1,14880
8650d1,3920
8650e1,2880
8650f1,3040
8650g1,576
8650h1,608
8652a1,2592
8652b1,33120
8652c1,2304
8652d1,12096
8652e1,2448
8654a1,2376
8655a1,1176
8655b1,3040
8655c1,9120
8655d1,6912
8655e1,1128
8655f1,7296
8657a1,2920
8657b1,5456
8657c1,1232
8658a1,6144
8658b1,2048
8658c1,36864
8659a1,468
8662a1,4800
8662b1,2208
8662c1,28512
8662d1,2048
8662e1,1600
8662f1,38976
8662g1,62400
8662h1,286944
8662i1,117120
8662j1,7744
8662k1,5632
8664a1,1600
8664b1,54720
8664c1,486400
8664d1,16416
8664e1,16416
8664f1,34560
8664g1,3456
8664h1,864
8664i1,17280
8664j1,864
8664k1,34560
8664l1,30400
8664m1,25600
8664n1,2880
8664o1,28800
8668a1,1632
8670a1,2160
8670b1,104448
8670c1,96768
8670d1,514080
8670e1,9216
8670f1,73440
8670g1,105840
8670h1,1799280
8670i1,4320
8670j1,30240
8670k1,6144
8670l1,290304
8670m1,36720
8670n1,41472
8670o1,403920
8670p1,15840
8670q1,108800
8670r1,9216
8670s1,7920
8670t1,376992
8670u1,6400
8670v1,36864
8670w1,22176
8670x1,134640
8670y1,23760
8670z1,269280
8670ba1,23040
8670bb1,55296
8671a1,7680
8671b1,1664
8671c1,11232
8671d1,1024
8672a1,2368
8672b1,2368
8673a1,60480
8673b1,2880
8673c1,5760
8673d1,960
8673e1,7488
8673f1,6720
8673g1,52416
8673h1,8640
8673i1,20160
8674a1,1620
8675a1,832
8675b1,75360
8675c1,2016
8675d1,1392
8675e1,4160
8675f1,2192
8675g1,6960
8675h1,10960
8676a1,1728
8676b1,2880
8676c1,53760
8676d1,6144
8678a1,396
8679a1,608
8679b1,5992
8680a1,580608
8680b1,14784
8680c1,6912
8680d1,1536
8680e1,13824
8680f1,7680
8680g1,2112
8680h1,1536
8680i1,73920
8680j1,18432
8680k1,161280
8680l1,1536
8680m1,26880
8680n1,1280
8680o1,2560
8682a1,8580
8682b1,2880
8682c1,604
8683a1,4680
8685a1,704
8685b1,6912
8685c1,2112
8685d1,2304
8685e1,1536
8685f1,18432
8685g1,24576
8685h1,8064
8685i1,19968
8685j1,2688
8686a1,3180
8688a1,1280
8688b1,3136
8688c1,331328
8688d1,1440
8688e1,4160
8688f1,12672
8688g1,384
8688h1,17472
8688i1,4032
8688j1,576
8688k1,4032
8688l1,2880
8688m1,1584
8688n1,27456
8690a1,2432
8690b1,2880
8690c1,6480
8690d1,8704
8690e1,8640
8690f1,724080
8690g1,11712
8690h1,11264
8690i1,73728
8690j1,30720
8692a1,3744
8694a1,33600
8694b1,1728
8694c1,1872
8694d1,133056
8694e1,4608
8694f1,228096
8694g1,5184
8694h1,100800
8694i1,44352
8694j1,5616
8694k1,228096
8694l1,13824
8695a1,2096
8696a1,1016
8697a1,4896
8698a1,536
8699a1,456
8700a1,100800
8700b1,10368
8700c1,92160
8700d1,6720
8700e1,8064
8700f1,1536
8700g1,11520
8700h1,2016
8700i1,24480
8700j1,13728
8700k1,23040
8700l1,9216
8700m1,27648
8700n1,2880
8700o1,1728
8700p1,328320
8700q1,20160
8700r1,4896
8700s1,68640
8700t1,10080
8701a1,896
8701b1,21504
8701c1,3200
8701d1,1280
8706a1,3600
8706b1,1848
8708a1,1080
8708b1,1728
8710a1,2304
8710b1,55296
8710c1,1152
8710d1,24480
8710e1,2880
8710f1,14400
8710g1,875840
8710h1,10368
8710i1,65280
8710j1,13824
8710k1,3693600
8710l1,5184
8710m1,846720
8710n1,2240
8711a1,296
8712a1,16896
8712b1,4608
8712c1,7680
8712d1,31680
8712e1,4608
8712f1,25344
8712g1,23040
8712h1,42240
8712i1,6144
8712j1,23040
8712k1,15360
8712l1,13440
8712m1,3072
8712n1,322560
8712o1,1536
8712p1,50688
8712q1,23040
8712r1,2880
8712s1,50688
8712t1,2304
8712u1,253440
8712v1,3840
8712w1,15360
8712x1,67584
8712y1,5120
8712z1,33792
8713a1,1547
8715a1,4480
8715b1,6720
8715c1,26880
8715d1,211968
8715e1,11136
8715f1,1440
8715g1,8960
8715h1,1280
8715i1,2048
8715j1,7296
8715k1,1728
8715l1,1344
8717a1,984
8720a1,1472
8720b1,896
8720c1,2112
8720d1,1920
8720e1,9984
8720f1,1344
8720g1,3744
8720h1,2112
8720i1,76608
8720j1,95040
8720k1,2016
8720l1,4032
8720m1,6528
8720n1,4800
8720o1,15552
8720p1,1920
8721a1,54336
8721b1,768
8721c1,163008
8721d1,2304
8721e1,2016
8721f1,6048
8722a1,18144
8722b1,21504
8722c1,207360
8722d1,18432
8722e1,4608
8722f1,3072
8722g1,101376
8722h1,9216
8722i1,10752
8722j1,1244160
8722k1,2592
8722l1,15360
8722m1,10752
8722n1,9216
8722o1,9216
8724a1,1536
8724b1,7776
8725a1,4512
8725b1,48000
8725c1,5376
8725d1,134400
8725e1,1920
8725f1,5376
8725g1,3840
8729a1,5280
8729b1,91392
8729c1,2240
8730a1,4608
8730b1,10368
8730c1,10240
8730d1,1824
8730e1,30720
8730f1,12288
8730g1,4224
8730h1,1536
8730i1,98304
8730j1,67200
8730k1,3072
8730l1,15360
8730m1,96096
8730n1,33792
8730o1,4096
8731a1,503
8732a1,456
8732b1,14400
8734a1,1328448
8734b1,39680
8734c1,1536
8734d1,3680
8734e1,976
8736a1,1280
8736b1,4800
8736c1,6144
8736d1,3840
8736e1,6912
8736f1,3520
8736g1,6912
8736h1,18240
8736i1,11520
8736j1,1536
8736k1,3840
8736l1,18240
8736m1,11520
8736n1,1536
8736o1,7680
8736p1,1536
8736q1,26880
8736r1,3840
8736s1,12288
8736t1,3520
8736u1,3840
8736v1,12288
8736w1,1280
8736x1,4800
8736y1,6144
8736z1,7680
8736ba1,1536
8736bb1,26880
8738a1,4320
8738b1,3072
8738c1,506880
8738d1,9216
8738e1,5120
8739a1,2816
8739b1,4096
8740a1,3024
8740b1,42768
8740c1,1056
8740d1,3024
8742a1,4464
8742b1,146016
8742c1,6480
8742d1,3600
8742e1,50160
8742f1,1248
8742g1,60840
8742h1,6336
8742i1,6272
8742j1,4032
8742k1,3384
8742l1,1872
8745a1,6000
8745b1,96000
8745c1,1280
8745d1,174720
8745e1,2688
8745f1,10080
8745g1,10368
8745h1,1760
8745i1,14720
8745j1,1360
8745k1,4864
8746a1,1200
8747a1,1494
8747b1,416
8747c1,3960
8747d1,7459
8749a1,256
8749b1,1248
8752a1,480
8752b1,384
8752c1,1120
8752d1,2640
8752e1,512
8752f1,3200
8752g1,624
8752h1,6720
8752i1,720
8752j1,2112
8752k1,936
8754a1,1088
8754b1,13620
8754c1,10880
8754d1,4536
8755a1,57984
8756a1,3312
8756b1,744
8757a1,6400
8757b1,8960
8757c1,3840
8757d1,5376
8757e1,4080
8757f1,2640
8758a1,2816
8760a1,27840
8760b1,5376
8760c1,4608
8760d1,6912
8760e1,164160
8760f1,2112
8760g1,2880
8760h1,5120
8762a1,92160
8763a1,1584
8763b1,448
8764a1,1272
8764b1,1224
8766a1,10944
8766b1,218880
8766c1,4608
8766d1,76032
8766e1,2688
8766f1,4608
8766g1,4320
8766h1,29184
8766i1,32256
8766j1,1536
8766k1,1344
8766l1,1440
8766m1,13440
8766n1,6720
8766o1,7680
8766p1,6912
8766q1,1585920
8766r1,32832
8766s1,72960
8766t1,1536
8766u1,2560
8766v1,28800
8766w1,8400
8766x1,25200
8766y1,5760
8766z1,4536
8768a1,2304
8768b1,1280
8768c1,25344
8768d1,1792
8768e1,2432
8768f1,5376
8768g1,2432
8768h1,2432
8768i1,2304
8768j1,1280
8768k1,25344
8768l1,1792
8768m1,2432
8768n1,5376
8770a1,8064
8770b1,1376
8770c1,2640
8771a1,7968
8771b1,2592
8772a1,7488
8772b1,1200
8772c1,3456
8774a1,6720
8775a1,5184
8775b1,2592
8775c1,864
8775d1,30240
8775e1,2880
8775f1,190080
8775g1,5760
8775h1,570240
8775i1,17280
8775j1,5184
8775k1,114048
8775l1,3456
8775m1,38016
8775n1,1152
8775o1,90720
8775p1,8640
8775q1,4320
8775r1,12960
8777a1,840
8777b1,5544
8778a1,106080
8778b1,1920
8778c1,53760
8778d1,141680
8778e1,87120
8778f1,21504
8778g1,30576
8778h1,184800
8778i1,6048
8778j1,304128
8778k1,3888
8778l1,9568
8778m1,15456
8778n1,36960
8778o1,2080
8778p1,2016
8778q1,86016
8778r1,8400
8778s1,1198080
8778t1,1440
8778u1,145152
8778v1,82080
8778w1,103680
8778x1,156000
8778y1,5376
8780a1,816
8780b1,2112
8780c1,2496
8780d1,2112
8782a1,960
8784a1,3840
8784b1,21504
8784c1,3072
8784d1,15360
8784e1,1536
8784f1,5120
8784g1,1024
8784h1,3072
8784i1,8064
8784j1,2688
8784k1,768
8784l1,2304
8784m1,12672
8784n1,4224
8784o1,69888
8784p1,43776
8784q1,4608
8784r1,2304
8784s1,1536
8784t1,3072
8784u1,9216
8784v1,11520
8784w1,6144
8784x1,9984
8784y1,9216
8784z1,1536
8784ba1,15360
8785a1,2320
8785b1,24920
8786a1,816
8787a1,9600
8787b1,17216
8787c1,1632
8789a1,5184
8789b1,2400
8789c1,82656
8789d1,5568
8790a1,3200
8790b1,5376
8790c1,1664
8790d1,163200
8790e1,18816
8790f1,4608
8790g1,78624
8790h1,28800
8790i1,3168
8790j1,6912
8790k1,3360
8790l1,1920
8790m1,12672
8790n1,58240
8790o1,83520
8790p1,1728
8790q1,48960
8791a1,1360
8792a1,1440
8792b1,1024
8792c1,7168
8793a1,2240
8794a1,4576
8794b1,13904
8795a1,1968
8796a1,1980
8796b1,2664
8798a1,54144
8798b1,10792
8800a1,3072
8800b1,2304
8800c1,23040
8800d1,13440
8800e1,2304
8800f1,3456
8800g1,9216
8800h1,23040
8800i1,13440
8800j1,1248
8800k1,4992
8800l1,1248
8800m1,4992
8800n1,80640
8800o1,26880
8800p1,4480
8800q1,3456
8800r1,6240
8800s1,9216
8800t1,4608
8800u1,3072
8800v1,80640
8800w1,26880
8800x1,4480
8800y1,6240
8800z1,4608
8800ba1,24960
8800bb1,24960
8802a1,672
8802b1,2376
8802c1,20736
8802d1,1800
8802e1,2808
8802f1,912
8802g1,505440
8802h1,10296
8802i1,168480
8802j1,3432
8802k1,2736
8802l1,2016
8802m1,62208
8802n1,792
8802o1,5400
8802p1,936
8803a1,540
8803b1,765
8805a1,5248
8805b1,1120
8805c1,16640
8806a1,6960
8806b1,1008
8806c1,1008
8806d1,26496
8806e1,6384
8806f1,36400
8808a1,736
8808b1,672
8808c1,4896
8808d1,1824
8808e1,1088
8808f1,2112
8808g1,1760
8808h1,4032
8809a1,392
8810a1,19440
8810b1,1920
8810c1,204288
8810d1,960
8810e1,6912
8810f1,16640
8811a1,1824
8811b1,5472
8811c1,26496
8811d1,38592
8811e1,960
8811f1,1216
8813a1,2184
8814a1,1478400
8814b1,20736
8814c1,1280
8814d1,6912
8815a1,6720
8815b1,3264
8816a1,5376
8816b1,1792
8816c1,1536
8816d1,1536
8816e1,23040
8816f1,3840
8816g1,26880
8816h1,4992
8816i1,12288
8816j1,322560
8816k1,6912
8816l1,53760
8816m1,1920
8816n1,135168
8820a1,13824
8820b1,1536
8820c1,4608
8820d1,32256
8820e1,13824
8820f1,13824
8820g1,10752
8820h1,4608
8820i1,32256
8820j1,4320
8820k1,20160
8820l1,2016
8820m1,129024
8820n1,322560
8820o1,11520
8820p1,40320
8820q1,15360
8820r1,90720
8820s1,27648
8820t1,14112
8820u1,80640
8820v1,12960
8820w1,2880
8820x1,4608
8820y1,46080
8820z1,18432
8820ba1,9216
8820bb1,17280
8820bc1,107520
8822a1,8320
8822b1,5760
8825a1,3660
8825b1,1536
8825c1,1728
8825d1,732
8826a1,2704
8826b1,912
8827a1,600
8827b1,3920
8827c1,5364
8828a1,906
8828b1,912
8829a1,552
8829b1,1656
8830a1,1216
8830b1,5040
8830c1,3264
8830d1,2208
8830e1,2112
8832a1,4480
8832b1,640
8832c1,640
8832d1,4480
8832e1,4480
8832f1,640
8832g1,640
8832h1,4480
8833a1,10896
8833b1,119856
8833c1,2100
8834a1,3360
8834b1,4896
8834c1,55632
8834d1,2400
8834e1,12480
8834f1,2736
8835a1,832
8835b1,80640
8835c1,198144
8835d1,2304
8835e1,6912
8835f1,2560
8835g1,3840
8835h1,3120
8835i1,9216
8835j1,4608
8835k1,12480
8838a1,3840
8838b1,15360
8838c1,3264
8838d1,1280
8838e1,5120
8838f1,3360
8840a1,2560
8840b1,2048
8840c1,8192
8840d1,1536
8840e1,7168
8841a1,1200
8841b1,1296
8841c1,2320
8842a1,636
8843a1,4856
8844a1,31104
8844b1,51840
8844c1,2016
8844d1,2016
8844e1,2112
8845a1,1280
8845b1,14976
8848a1,14400
8848b1,1920
8848c1,4608
8848d1,6912
8848e1,10368
8848f1,19008
8850a1,89856
8850b1,39936
8850c1,816
8850d1,6720
8850e1,2024960
8850f1,44800
8850g1,2304
8850h1,126720
8850i1,26400
8850j1,23040
8850k1,132240
8850l1,21120
8850m1,4480
8850n1,13824
8850o1,34560
8850p1,15120
8850q1,25920
8850r1,69120
8850s1,5760
8850t1,72576
8850u1,6912
8850v1,5760
8850w1,161280
8850x1,5184
8850y1,3024
8850z1,5280
8850ba1,661200
8850bb1,1344
8850bc1,24192
8850bd1,17280
8850be1,6144
8850bf1,4080
8850bg1,404992
8850bh1,8960
8852a1,684
8852b1,4329
8852c1,780
8853a1,2112
8853b1,1920
8854a1,1152
8854b1,4576
8854c1,306816
8854d1,13056
8854e1,4128
8856a1,1440
8856b1,12384
8856c1,1152
8856d1,48384
8856e1,14976
8856f1,4752
8856g1,3456
8856h1,16128
8856i1,44928
8856j1,1584
8856k1,480
8856l1,4128
8858a1,4656
8859a1,6688
8859b1,1800
8860a1,10560
8860b1,7680
8861a1,294
8862a1,3072
8862b1,4992
8862c1,91520
8864a1,1344
8864b1,1344
8865a1,4800
8865b1,1824
8865c1,5472
8865d1,1600
8865e1,3456
8865f1,27648
8865g1,3072
8865h1,15360
8865i1,77760
8865j1,13824
8866a1,3456
8866b1,13728
8866c1,102144
8866d1,1408
8866e1,28800
8866f1,3360
8866g1,927360
8866h1,2400
8866i1,51072
8866j1,7440
8866k1,133760
8869a1,5184
8869b1,1968
8869c1,1024
8869d1,109088
8869e1,4704
8869f1,3072
8869g1,13776
8869h1,7168
8869i1,109088
8869j1,672
8869k1,21504
8870a1,1872
8870b1,4400
8873a1,4616
8874a1,5888
8874b1,6912
8874c1,2048
8874d1,40320
8874e1,21504
8874f1,2880
8874g1,17664
8874h1,25920
8874i1,10368
8874j1,4224
8876a1,2064
8876b1,1872
8879a1,1032
8880a1,1792
8880b1,960
8880c1,74880
8880d1,3456
8880e1,1152
8880f1,4352
8880g1,1280
8880h1,8064
8880i1,25344
8880j1,51840
8880k1,4320
8880l1,138240
8880m1,24192
8880n1,190080
8880o1,17280
8880p1,12960
8880q1,1920
8880r1,30240
8880s1,24192
8880t1,28800
8880u1,1920
8880v1,2400
8880w1,2688
8880x1,1182720
8880y1,10752
8880z1,8064
8880ba1,41472
8880bb1,10368
8880bc1,17280
8881a1,12720
8881b1,480
8881c1,3632
8883a1,9360
8883b1,4896
8883c1,2304
8883d1,48384
8883e1,3120
8883f1,1632
8883g1,16128
8883h1,6912
8884a1,13500
8884b1,1296
8885a1,12096
8886a1,3780
8886b1,11616
8888a1,1728
8888b1,8256
8888c1,611520
8889a1,624
8890a1,33600
8890b1,1920
8890c1,3648
8890d1,67200
8890e1,2496
8890f1,8640
8890g1,2880
8890h1,6912
8890i1,9408
8890j1,1440
8890k1,2880
8890l1,3648
8890m1,6720
8890n1,12160
8890o1,186624
8890p1,16128
8891a1,984
8891b1,1008
8892a1,20160
8892b1,6720
8892c1,1728
8892d1,5184
8892e1,24192
8892f1,8064
8892g1,10080
8892h1,3456
8892i1,3840
8892j1,424320
8892k1,3840
8892l1,138240
8892m1,13824
8892n1,2592
8892o1,3456
8892p1,27648
8894a1,9100
8896a1,576
8896b1,1024
8896c1,6144
8896d1,17408
8896e1,3072
8896f1,896
8896g1,1152
8896h1,896
8896i1,576
8896j1,1024
8896k1,3072
8896l1,6144
8896m1,1152
8896n1,17408
8897a1,1696
8898a1,2500
8899a1,2346
8899b1,5724
8900a1,3456
8900b1,1680
8900c1,29952
8901a1,6528
8901b1,2176
8901c1,11648
8901d1,8320
8901e1,4752000
8901f1,10368
8901g1,3136
8903a1,6048
8904a1,2688
8904b1,5760
8904c1,2304
8904d1,4864
8904e1,8064
8904f1,38912
8904g1,13824
8904h1,5760
8904i1,23040
8904j1,3893760
8904k1,1536
8905a1,9312
8908a1,684
8910a1,12960
8910b1,4032
8910c1,2880
8910d1,5184
8910e1,31104
8910f1,5760
8910g1,12480
8910h1,3360
8910i1,6048
8910j1,5184
8910k1,6048
8910l1,31104
8910m1,1920
8910n1,37440
8910o1,12960
8910p1,12096
8910q1,8640
8910r1,10080
8911a1,10080
8911b1,4448
8911c1,28896
8912a1,896
8912b1,4416
8912c1,816
8912d1,7280
8913a1,544
8913b1,1368
8913c1,4224
8914a1,2112
8914b1,12096
8914c1,3600
8916a1,1536
8916b1,2400
8916c1,960
8916d1,6528
8916e1,1872
8920a1,2304
8920b1,864
8922a1,44640
8922b1,1536
8922c1,1232
8924a1,9912
8925a1,12672
8925b1,24576
8925c1,7920
8925d1,6144
8925e1,18432
8925f1,483840
8925g1,12096
8925h1,12288
8925i1,18432
8925j1,6720
8925k1,24960
8925l1,277200
8925m1,9360
8925n1,11856
8925o1,1008000
8925p1,4480
8925q1,9216
8925r1,3072
8925s1,59280
8925t1,18432
8925u1,9216
8925v1,1872
8925w1,5760
8925x1,76160
8925y1,55440
8925z1,13824
8925ba1,3072
8925bb1,1584
8925bc1,4992
8926a1,888
8928a1,1408
8928b1,4224
8928c1,3840
8928d1,16128
8928e1,1792
8928f1,4224
8928g1,1408
8928h1,16128
8928i1,1792
8928j1,3840
8929a1,666
8930a1,5760
8930b1,177744
8930c1,3392
8930d1,166400
8930e1,1904
8930f1,7680
8930g1,29040
8930h1,192000
8930i1,5712
8930j1,177408
8930k1,35904
8930l1,5904
8931a1,1344
8932a1,18000
8932b1,2016
8932c1,3024
8932d1,576
8932e1,1296
8932f1,6912
8934a1,75936
8934b1,1392
8935a1,480
8938a1,12960
8940a1,2448
8940b1,4032
8940c1,3888
8940d1,1440
8940e1,7560
8940f1,92232
8940g1,1656
8940h1,3456
8940i1,205200
8940j1,600
8942a1,2352
8942b1,1280
8944a1,2016
8944b1,4416
8944c1,384
8944d1,3744
8946a1,12480
8946b1,960
8946c1,21952
8946d1,3584
8946e1,14080
8946f1,13056
8946g1,3072
8946h1,82944
8946i1,20736
8946j1,20480
8946k1,4096
8946l1,10368
8946m1,7168
8946n1,2880
8946o1,4160
8946p1,65856
8946q1,8064
8946r1,7168
8946s1,11520
8946t1,1920
8946u1,35840
8946v1,11520
8946w1,35840
8946x1,6912
8946y1,13824
8947a1,2800
8949a1,5184
8949b1,9216
8950a1,28800
8950b1,3168
8950c1,4800
8950d1,49920
8950e1,10560
8950f1,70400
8950g1,11040
8950h1,3456
8950i1,22272
8950j1,14688
8950k1,9984
8950l1,14080
8950m1,2112
8950n1,2208
8952a1,1056
8954a1,10368
8954b1,54912
8954c1,9600
8954d1,3312
8954e1,114048
8954f1,4992
8954g1,36432
8954h1,17280
8955a1,960
8955b1,2880
8955c1,1056
8955d1,2160
8957a1,6720
8957b1,4488
8957c1,8736
8957d1,672
8958a1,1280
8958b1,2016
8958c1,1440
8958d1,288288
8960a1,768
8960b1,1536
8960c1,4224
8960d1,896
8960e1,1536
8960f1,9216
8960g1,4224
8960h1,768
8960i1,896
8960j1,9216
8960k1,896
8960l1,9216
8960m1,768
8960n1,9216
8960o1,4224
8960p1,768
8960q1,896
8960r1,1536
8960s1,1536
8960t1,4224
8961a1,864
8961b1,3360
8961c1,960
8962a1,2432
8962b1,1968
8962c1,96096
8962d1,1152
8962e1,2208
8962f1,4896
8962g1,1344
8962h1,2304
8962i1,4320
8964a1,1728
8964b1,1872
8964c1,576
8964d1,5616
8965a1,9472
8965b1,656
8965c1,19712
8966a1,10900
8966b1,604
8966c1,660
8967a1,3600
8967b1,134064
8967c1,126720
8967d1,12096
8967e1,311040
8967f1,155520
8967g1,13440
8967h1,84672
8967i1,4608
8967j1,1920
8967k1,25200
8967l1,19152
8967m1,45696
8968a1,3744
8968b1,1568
8970a1,4800
8970b1,29696
8970c1,5120
8970d1,42240
8970e1,1050624
8970f1,11200
8970g1,10240
8970h1,80640
8970i1,24576
8970j1,48960
8970k1,96768
8970l1,16384
8970m1,18432
8970n1,76800
8970o1,256000
8970p1,56000
8970q1,2560
8972a1,26652
8972b1,540
8972c1,1428
8973a1,1632
8973b1,544
8973c1,2592
8973d1,864
8973e1,53760
8973f1,2400
8973g1,1440
8973h1,2880
8974a1,231168
8974b1,4928
8974c1,1520
8974d1,1824
8975a1,1120
8975b1,2240
8975c1,2304
8975d1,50688
8976a1,3840
8976b1,215040
8976c1,4608
8976d1,3840
8976e1,2304
8976f1,1792
8976g1,11520
8976h1,3840
8976i1,6144
8976j1,2304
8976k1,12288
8976l1,6144
8976m1,276480
8976n1,2560
8976o1,11520
8976p1,16128
8976q1,9216
8976r1,2048
8976s1,4608
8976t1,768
8976u1,26880
8976v1,2304
8976w1,64512
8976x1,92160
8976y1,64512
8976z1,2304
8976ba1,23040
8976bb1,389376
8976bc1,9216
8976bd1,11520
8976be1,64512
8976bf1,12288
8978a1,2574
8978b1,172458
8979a1,3968
8979b1,11904
8979c1,960
8981a1,768
8982a1,1152
8982b1,3584
8982c1,3456
8982d1,2304
8982e1,30720
8984a1,1296
8984b1,2392
8985a1,15600
8985b1,832
8985c1,600
8986a1,1056
8987a1,992
8987b1,5616
8987c1,856
8987d1,992
8988a1,12096
8988b1,2112
8988c1,1728
8988d1,3360
8988e1,5472
8988f1,12096
8988g1,163296
8989a1,2796
8989b1,7760
8990a1,5304
8990b1,4800
8990c1,16704
8992a1,768
8992b1,768
8993a1,3080
8994a1,5680
8994b1,1176
8996a1,984
8998a1,1064
8999a1,1208
9003a1,10200
9003b1,1320
9003c1,1120
9003d1,2000
9005a1,2160
9006a1,3936
9006b1,151200
9006c1,3968
9006d1,10080
9006e1,16128
9006f1,85536
9008a1,640
9008b1,832
9008c1,1088
9008d1,3328
9008e1,4224
9009a1,2016
9009b1,2016
9009c1,4864
9009d1,3584
9009e1,14112
9009f1,19008
9009g1,40320
9009h1,1792
9009i1,44800
9009j1,57600
9009k1,46080
9009l1,6912
9009m1,52416
9009n1,5824
9010a1,1664
9010b1,2304
9010c1,119808
9010d1,9600
9011a1,382
9012a1,4080
9015a1,1088
9015b1,2960
9016a1,6144
9016b1,2304
9016c1,1536
9016d1,10752
9016e1,23040
9016f1,3456
9016g1,4608
9016h1,92160
9016i1,7680
9016j1,1175040
9016k1,8640
9016l1,129024
9016m1,2880
9016n1,23040
9016o1,32256
9018a1,3240
9018b1,960
9018c1,5832
9018d1,1224
9018e1,2184
9018f1,6552
9018g1,1944
9018h1,1080
9018i1,2880
9018j1,3672
9020a1,1536
9020b1,6912
9021a1,3840
9021b1,1280
9021c1,13056
9021d1,5952
9021e1,2240
9022a1,1764
9022b1,26880
9022c1,4224
9022d1,13440
9022e1,704
9022f1,4608
9023a1,1016
9024a1,1920
9024b1,1536
9024c1,3328
9024d1,960
9024e1,3072
9024f1,2304
9024g1,16896
9024h1,768
9024i1,2560
9024j1,3840
9024k1,17920
9024l1,2240
9024m1,576
9024n1,7680
9024o1,9216
9024p1,3840
9024q1,17920
9024r1,1920
9024s1,6144
9024t1,3840
9024u1,3328
9024v1,337920
9024w1,2048
9024x1,768
9024y1,2560
9024z1,12288
9024ba1,6144
9024bb1,3840
9024bc1,1536
9024bd1,337920
9024be1,2048
9024bf1,2560
9024bg1,3072
9024bh1,12288
9024bi1,14336
9024bj1,576
9024bk1,768
9024bl1,7680
9024bm1,9216
9024bn1,14336
9024bo1,2560
9024bp1,768
9024bq1,2240
9024br1,1536
9024bs1,960
9024bt1,1536
9024bu1,3072
9024bv1,2304
9024bw1,16896
9024bx1,3072
9025a1,2800
9025b1,114912
9025c1,12960
9025d1,6048
9025e1,27360
9025f1,136800
9025g1,5760
9025h1,28800
9025i1,7200
9025j1,1440
9026a1,1920
9027a1,5760
9027b1,5824
9027c1,5376
9027d1,1440
9027e1,864
9028a1,9504
9028b1,4224
9028c1,3456
9030a1,95760
9030b1,403200
9030c1,5120
9030d1,9216
9030e1,2800
9030f1,19200
9030g1,5120
9030h1,8192
9030i1,3072
9030j1,18432
9030k1,62208
9030l1,6608
9030m1,250880
9030n1,1639440
9030o1,3133440
9030p1,4608
9030q1,30800
9030r1,18432
9030s1,4096
9030t1,32256
9030u1,10800
9030v1,23040
9030w1,27648
9030x1,3072
9030y1,28080
9030z1,138240
9030ba1,34560
9030bb1,107520
9030bc1,49152
9030bd1,2304
9032a1,496
9034a1,1512
9035a1,3504
9036a1,8928
9036b1,8928
9036c1,4032
9036d1,9408
9036e1,76032
9036f1,4608
9036g1,4992
9040a1,6912
9040b1,5376
9040c1,3328
9040d1,23040
9040e1,1152
9040f1,3072
9040g1,7680
9042a1,3584
9042b1,560
9042c1,304640
9042d1,8208
9042e1,3600
9042f1,11232
9042g1,327600
9042h1,22464
9042i1,4800
9042j1,28800
9044a1,60480
9044b1,5760
9044c1,7776
9044d1,17280
9044e1,864
9044f1,4704
9044g1,1056
9045a1,4752
9045b1,1584
9046a1,3300
9046b1,1316
9047a1,2016
9048a1,42240
9048b1,164160
9048c1,2560
9048d1,5632
9048e1,5632
9048f1,5568
9048g1,3456
9048h1,201600
9048i1,2688
9048j1,38400
9048k1,7360
9048l1,6336
9048m1,1408
9048n1,25344
9048o1,2752
9048p1,3072
9050a1,4608
9050b1,25344
9050c1,3584
9050d1,20480
9050e1,2560
9050f1,30720
9050g1,4096
9051a1,9948
9052a1,22320
9052b1,4608
9052c1,42240
9052d1,1536
9054a1,480
9054b1,2880
9054c1,9600
9054d1,10080
9054e1,36288
9054f1,3600
9054g1,6720
9054h1,2880
9054i1,5760
9054j1,14400
9054k1,20736
9054l1,12096
9054m1,1440
9054n1,8640
9054o1,28800
9054p1,3360
9054q1,6272
9054r1,2016
9054s1,1440
9054t1,4992
9057a1,1596
9058a1,2400
9058b1,3168
9058c1,1512
9060a1,104448
9060b1,1536
9060c1,9600
9060d1,2880
9060e1,1728
9060f1,6336
9060g1,5760
9060h1,12096
9061a1,8784
9061b1,146176
9062a1,2424
9062b1,1176
9062c1,878592
9062d1,1152
9063a1,9216
9063b1,3072
9063c1,5760
9063d1,322560
9063e1,8832
9064a1,2496
9064b1,53520
9065a1,215040
9065b1,2640
9065c1,15360
9065d1,2160
9065e1,11232
9066a1,2424
9066b1,1248
9066c1,6720
9066d1,268736
9070a1,23296
9070b1,13056
9070c1,6144
9072a1,4608
9072b1,13824
9072c1,152064
9072d1,8640
9072e1,1728
9072f1,576
9072g1,960
9072h1,2880
9072i1,50688
9072j1,2880
9072k1,864
9072l1,864
9072m1,13824
9072n1,13824
9072o1,3456
9072p1,4608
9072q1,13824
9072r1,4608
9072s1,1536
9072t1,1440
9072u1,4032
9072v1,4320
9072w1,3456
9072x1,12096
9074a1,1464
9074b1,31860
9075a1,2016
9075b1,50688
9075c1,22176
9075d1,4608
9075e1,114048
9075f1,8640
9075g1,10368
9075h1,16896
9075i1,1536
9075j1,8400
9075k1,23040
9075l1,7680
9075m1,31680
9075n1,8400
9075o1,2880
9075p1,110880
9075q1,7680
9075r1,10080
9075s1,84480
9075t1,43200
9076a1,972
9077a1,2720
9078a1,1280
9078b1,2304
9078c1,27648
9078d1,5120
9078e1,2304
9078f1,17920
9078g1,89856
9078h1,7680
9078i1,6656
9078j1,12288
9078k1,2560
9080a1,1200
9080b1,26496
9080c1,9360
9080d1,5040
9081a1,3840
9082a1,912
9084a1,3552
9084b1,1728
9084c1,1248
9084d1,5760
9085a1,512
9085b1,3072
9085c1,2408
9085d1,84864
9086a1,4464
9086b1,105600
9086c1,3744
9086d1,960
9086e1,19200
9086f1,4752
9086g1,7392
9088a1,3456
9088b1,640
9088c1,3456
9088d1,640
9088e1,6912
9088f1,1280
9088g1,6912
9088h1,1280
9089a1,1044
9090a1,22400
9090b1,9856
9090c1,3456
9090d1,28800
9090e1,3840
9090f1,11520
9090g1,28672
9090h1,134400
9090i1,9216
9090j1,2688
9090k1,138240
9090l1,3456
9090m1,1152
9090n1,67200
9090o1,29568
9090p1,4608
9090q1,46080
9090r1,104832
9090s1,97920
9090t1,5120
9090u1,5760
9090v1,3456
9090w1,725760
9090x1,2304
9090y1,4636800
9090z1,28800
9090ba1,92160
9090bb1,18816
9090bc1,13440
9092a1,1692
9093a1,14520
9093b1,469568
9093c1,2120
9093d1,2088
9093e1,2560
9094a1,1300
9095a1,2400
9096a1,4848
9096b1,1984
9096c1,832
9096d1,5760
9096e1,2880
9096f1,4992
9099a1,1368
9099b1,456
9099c1,1980
9099d1,5940
9100a1,195840
9100b1,25920
9100c1,2160
9100d1,12960
9100e1,66960
9100f1,561600
9100g1,3360
9100h1,6912
9100i1,112320
9100j1,34560
9100k1,13392
9100l1,5184
9100m1,39168
9100n1,10800
9102a1,80640
9102b1,58240
9102c1,3584
9102d1,5600
9102e1,1088
9102f1,2976
9102g1,24960
9102h1,18240
9104a1,864
9104b1,1920
9105a1,80040
9105b1,3840
9105c1,26880
9105d1,1160
9105e1,1152
9106a1,2160
9106b1,2688
9106c1,1824
9106d1,4320
9106e1,22656
9107a1,8400
9107b1,1488
9108a1,9216
9108b1,3072
9108c1,768
9108d1,9216
9108e1,2304
9108f1,3072
9108g1,25344
9108h1,16128
9108i1,2112
9108j1,11520
9108k1,4608
9108l1,29952
9108m1,23040
9108n1,7200
9108o1,6480
9108p1,5760
9108q1,2304
9108r1,253440
9108s1,1920
9108t1,413280
9109a1,810
9112a1,1184
9112b1,2048
9112c1,3744
9112d1,768
9112e1,2048
9114a1,27648
9114b1,9216
9114c1,2048
9114d1,48384
9114e1,101376
9114f1,161280
9114g1,43008
9114h1,18432
9114i1,15360
9114j1,10080
9114k1,15840
9114l1,276480
9114m1,107520
9114n1,6144
9114o1,23040
9114p1,138240
9114q1,14336
9114r1,7200
9114s1,36864
9114t1,6144
9114u1,16128
9114v1,69888
9114w1,9216
9114x1,6912
9114y1,110592
9114z1,64512
9114ba1,92160
9116a1,1704
9118a1,17600
9119a1,3888
9119b1,1536
9119c1,2448
9119d1,960
9120a1,15360
9120b1,1024
9120c1,1152
9120d1,46080
9120e1,3072
9120f1,15360
9120g1,1024
9120h1,1024
9120i1,9216
9120j1,2048
9120k1,3200
9120l1,9216
9120m1,1024
9120n1,2048
9120o1,3200
9120p1,1152
9120q1,3072
9120r1,46080
9122a1,1440
9123a1,1410
9123b1,948
9126a1,576
9126b1,28224
9126c1,12096
9126d1,6912
9126e1,5040
9126f1,332640
9126g1,196560
9126h1,4320
9126i1,50544
9126j1,7776
9126k1,33696
9126l1,12096
9126m1,22464
9126n1,60480
9126o1,10080
9126p1,29952
9126q1,181440
9126r1,229824
9126s1,1296
9126t1,7488
9126u1,20160
9126v1,4032
9126w1,89856
9126x1,15120
9126y1,65520
9126z1,30240
9126ba1,84672
9126bb1,181440
9126bc1,3888
9126bd1,2592
9126be1,101088
9126bf1,12096
9126bg1,1728
9126bh1,2304
9126bi1,110880
9126bj1,4320
9126bk1,76608
9126bl1,16848
9127a1,636
9127b1,436
9128a1,2240
9129a1,832
9129b1,4464
9129c1,6216
9130a1,42000
9130b1,77280
9130c1,61600
9130d1,23616
9130e1,4800
9130f1,1696
9130g1,54720
9130h1,2160
9130i1,82080
9130j1,864
9130k1,2496
9132a1,2268
9132b1,1152
9132c1,16704
9132d1,2304
9132e1,1260
9134a1,1036
9135a1,4032
9135b1,4032
9135c1,20480
9135d1,8192
9135e1,76800
9135f1,43008
9135g1,3072
9135h1,470400
9135i1,14720
9135j1,1344
9135k1,561600
9135l1,2048
9135m1,4096
9135n1,2304
9135o1,14976
9136a1,1728
9136b1,1920
9136c1,8640
9136d1,12480
9136e1,1152
9138a1,6560
9138b1,23040
9138c1,1408
9138d1,6144
9139a1,10416
9139b1,496
9139c1,960
9140a1,3744
9140b1,7920
9142a1,10944
9142b1,34224
9142c1,4480
9143a1,912
9144a1,1920
9144b1,2208
9144c1,6336
9144d1,3456
9144e1,17920
9144f1,5760
9144g1,6624
9144h1,2112
9144i1,9216
9144j1,2304
9144k1,3840
9145a1,4320
9146a1,13200
9149a1,2072
9149b1,1480
9149c1,1424
9149d1,3980
9150a1,10752
9150b1,6720
9150c1,8400
9150d1,199680
9150e1,19008
9150f1,9120
9150g1,36960
9150h1,50960
9150i1,26880
9150j1,276480
9150k1,23040
9150l1,8640
9150m1,8640
9150n1,26880
9150o1,7488
9150p1,32256
9150q1,11520
9150r1,31920
9150s1,5184
9150t1,20736
9150u1,5376
9150v1,37440
9150w1,44352
9150x1,57600
9150y1,6656
9150z1,45600
9150ba1,184800
9151a1,570
9152a1,23040
9152b1,2560
9152c1,3840
9152d1,2304
9152e1,17920
9152f1,5376
9152g1,4352
9152h1,6656
9152i1,19968
9152j1,11520
9152k1,4608
9152l1,576
9152m1,5376
9152n1,11520
9152o1,2816
9152p1,4352
9152q1,19968
9152r1,10880
9152s1,11520
9152t1,1472
9152u1,4608
9152v1,576
9152w1,11520
9152x1,2816
9152y1,2560
9152z1,3840
9152ba1,23040
9152bb1,2304
9152bc1,10880
9152bd1,1472
9152be1,17920
9152bf1,6656
9153a1,864
9153b1,576
9153c1,1728
9153d1,2592
9154a1,824
9154b1,2632
9155a1,5632
9155b1,1440
9156a1,13824
9156b1,1344
9156c1,77760
9156d1,9216
9156e1,61440
9156f1,72960
9156g1,3840
9156h1,9216
9156i1,4608
9156j1,1728
9156k1,28800
9159a1,1920
9159b1,4160
9160a1,1536
9160b1,3072
9161a1,548
9162a1,22176
9162b1,1464
9162c1,1216
9162d1,11424
9162e1,129600
9162f1,3456
9162g1,1344
9162h1,32640
9162i1,19008
9162j1,17280
9162k1,4464
9162l1,3648
9162m1,4392
9162n1,3808
9162o1,7392
9162p1,1680
9162q1,2880
9162r1,88704
9162s1,2520
9162t1,13200
9162u1,18849600
9162v1,13440
9163a1,6636
9163b1,948
9163c1,7020
9163d1,774144
9163e1,12288
9163f1,10368
9163g1,5760
9164a1,420
9164b1,3120
9165a1,2640
9165b1,4080
9165c1,5280
9165d1,3360
9168a1,4096
9168b1,6720
9168c1,960
9168d1,1056
9168e1,2400
9168f1,1536
9168g1,12000
9168h1,6144
9168i1,3072
9170a1,10640
9170b1,3344
9170c1,31824
9170d1,1072
9171a1,2268
9171b1,756
9171c1,5760
9171d1,2160
9174a1,6400
9174b1,5184
9174c1,2736
9175a1,2832
9176a1,4320
9176b1,4608
9176c1,864
9176d1,400
9176e1,11136
9178a1,194400
9178b1,7560
9180a1,3744
9180b1,30240
9180c1,3456
9180d1,11232
9180e1,10368
9180f1,10080
9184a1,5824
9184b1,1856
9184c1,5824
9184d1,1856
9186a1,100096
9186b1,2616
9186c1,2640
9186d1,9936
9186e1,2368
9190a1,1392
9190b1,7616
9190c1,3936
9190d1,1920
9192a1,2016
9192b1,1344
9192c1,3680
9192d1,2720
9192e1,36960
9192f1,1920
9192g1,25440
9192h1,3072
9193a1,3368
9194a1,960
9194b1,576
9194c1,33264
9194d1,6528
9195a1,34272
9195b1,1312
9195c1,1776
9195d1,3120
9196a1,44352
9196b1,4032
9196c1,3024
9196d1,5760
9196e1,7920
9196f1,33264
9196g1,7140
9197a1,1512
9198a1,69888
9198b1,336000
9198c1,14720
9198d1,10240
9198e1,2304
9198f1,209664
9198g1,8257920
9198h1,5120
9198i1,8064
9198j1,12800
9198k1,4608
9198l1,43008
9198m1,1920
9200a1,3072
9200b1,2048
9200c1,15360
9200d1,34560
9200e1,3456
9200f1,1536
9200g1,18240
9200h1,1280
9200i1,1536
9200j1,6912
9200k1,13824
9200l1,3648
9200m1,7680
9200n1,7040
9200o1,1408
9200p1,3072
9200q1,172800
9200r1,3456
9200s1,1152
9200t1,2304
9200u1,5760
9200v1,10080
9200w1,34560
9200x1,12096
9200y1,768
9200z1,9600
9200ba1,9600
9200bb1,13824
9200bc1,3456
9200bd1,3072
9200be1,3840
9200bf1,2240
9200bg1,17280
9200bh1,34560
9200bi1,2016
9200bj1,11200
9200bk1,28800
9200bl1,60480
9201a1,11904
9201b1,528
9202a1,1536
9202b1,15744
9203a1,388
9204a1,1248
9204b1,12960
9204c1,3360
9204d1,5184
9204e1,17280
9205a1,138240
9205b1,2304
9205c1,720
9205d1,3888
9205e1,2880
9205f1,1408
9205g1,19320
9205h1,340200
9205i1,744
9205j1,624
9206a1,1620
9207a1,9216
9207b1,3072
9210a1,1792
9210b1,6720
9210c1,2496
9210d1,1296
9210e1,2004480
9210f1,25440
9210g1,19200
9212a1,972
9212b1,2112
9212c1,6804
9212d1,14784
9213a1,8160
9213b1,16272
9213c1,3040
9213d1,31120
9213e1,3040
9213f1,3248
9214a1,960
9214b1,18560
9214c1,8960
9214d1,12320
9214e1,4512
9215a1,14048
9215b1,1984
9215c1,10400
9215d1,3000
9218a1,5032
9218b1,976
9218c1,21168
9218d1,4680
9219a1,10080
9219b1,4704
9219c1,94536
9219d1,520
9220a1,1152
9220b1,2688
9222a1,18144
9222b1,14400
9222c1,50688
9222d1,434560
9222e1,19200
9222f1,51072
9222g1,23328
9222h1,3456
9222i1,1536
9222j1,10240
9225a1,18480
9225b1,3840
9225c1,1440
9225d1,18720
9225e1,55440
9225f1,11520
9225g1,4320
9225h1,56160
9225i1,92400
9225j1,7200
9225k1,3744
9225l1,277200
9225m1,21600
9225n1,11232
9225o1,21504
9225p1,1728
9225q1,9216
9225r1,9216
9225s1,43200
9225t1,12800
9225u1,60480
9225v1,1728
9225w1,4096
9225x1,4608
9225y1,6144
9225z1,9504
9225ba1,8640
9225bb1,43200
9225bc1,12096
9225bd1,8640
9225be1,47520
9228a1,2688
9232a1,1728
9234a1,38880
9234b1,2592
9234c1,504
9234d1,12960
9234e1,2592
9234f1,1512
9235a1,340
9238a1,5616
9238b1,1632
9240a1,4096
9240b1,245760
9240c1,7680
9240d1,3072
9240e1,873600
9240f1,19200
9240g1,473088
9240h1,3072
9240i1,9216
9240j1,11520
9240k1,1536
9240l1,295680
9240m1,5760
9240n1,21504
9240o1,3072
9240p1,2048
9240q1,4096
9240r1,46080
9240s1,5760
9240t1,9984
9240u1,8192
9240v1,2304
9240w1,147456
9240x1,1920
9240y1,12288
9240z1,15360
9240ba1,309120
9240bb1,3072
9240bc1,49920
9240bd1,2560
9240be1,3072
9240bf1,24960
9240bg1,46080
9240bh1,36864
9240bi1,5760
9240bj1,16384
9243a1,1344
9243b1,4032
9243c1,2048
9243d1,3072
9243e1,1536
9245a1,2352
9245b1,101136
9245c1,14784
9246a1,295152
9246b1,4416
9246c1,7488
9246d1,10800
9246e1,1408
9246f1,117040
9246g1,7920
9246h1,2800
9248a1,4608
9248b1,9216
9248c1,9216
9248d1,4608
9248e1,2560
9248f1,17408
9248g1,1024
9248h1,13824
9248i1,13824
9249a1,528
9249b1,3472
9249c1,2560
9251a1,5040
9251b1,24360
9251c1,840
9251d1,77280
9252a1,1152
9252b1,11232
9252c1,1920
9252d1,1824
9252e1,4608
9252f1,15840
9252g1,3168
9253a1,2484
9253b1,18036
9253c1,566
9253d1,972
9254a1,1120
9254b1,44160
9254c1,3328
9254d1,16864
9254e1,8704
9254f1,1280
9254g1,1872
9254h1,6400
9254i1,303552
9254j1,2288
9254k1,1152
9255a1,704
9255b1,1568
9255c1,12672
9255d1,3360
9256a1,11872
9256b1,23040
9256c1,11232
9258a1,5376
9258b1,5184
9258c1,11968
9258d1,2688
9260a1,984
9260b1,864
9260c1,148824
9260d1,5964
9262a1,12096
9262b1,2880
9264a1,5376
9264b1,1920
9264c1,1920
9264d1,1344
9264e1,1024
9264f1,79872
9264g1,8640
9264h1,5760
9264i1,1536
9264j1,8640
9264k1,6144
9264l1,1920
9264m1,1728
9264n1,28800
9264o1,89280
9264p1,2304
9264q1,3200
9265a1,936
9266a1,432000
9266b1,1152
9266c1,12880
9266d1,720
9266e1,403200
9266f1,10800
9266g1,1920
9268a1,7200
9269a1,20272
9269b1,10224
9269c1,1536
9269d1,448
9269e1,43216
9270a1,14400
9270b1,12480
9270c1,2016
9270d1,8640
9270e1,2880
9270f1,16896
9270g1,6528
9270h1,7168
9270i1,41472
9270j1,6912
9270k1,7296
9270l1,792064
9270m1,5760
9270n1,37440
9270o1,6048
9270p1,25920
9270q1,8640
9270r1,4800
9270s1,2304
9270t1,88704
9270u1,16000
9270v1,3600
9270w1,10368
9270x1,145152
9270y1,13440
9270z1,48384
9272a1,7680
9272b1,800
9272c1,2816
9272d1,2288
9273a1,3760
9273b1,4776
9275a1,6480
9275b1,10560
9275c1,4608
9276a1,3024
9277a1,316
9278a1,1204
9278b1,4604
9279a1,1120
9280a1,2048
9280b1,2304
9280c1,1536
9280d1,1536
9280e1,768
9280f1,32256
9280g1,32256
9280h1,9216
9280i1,2048
9280j1,1024
9280k1,2048
9280l1,3072
9280m1,2048
9280n1,2304
9280o1,768
9280p1,768
9280q1,9216
9280r1,2048
9280s1,768
9280t1,3072
9280u1,2048
9280v1,1024
9282a1,3840
9282b1,115248
9282c1,92160
9282d1,27648
9282e1,25344
9282f1,8208
9282g1,8800
9282h1,107520
9282i1,3840
9282j1,1632
9282k1,1872
9282l1,349440
9282m1,2688
9282n1,123552
9282o1,11520
9282p1,175760
9282q1,3360
9282r1,21168
9282s1,5632
9282t1,41760
9282u1,1612800
9282v1,6144
9282w1,31824
9282x1,4096
9284a1,10368
9285a1,2344
9285b1,3120
9285c1,1102800
9285d1,752
9285e1,6800
9286a1,1218
9286b1,26994
9287a1,10176
9287b1,6552
9288a1,1920
9288b1,3648
9288c1,10944
9288d1,5760
9289a1,5290
9290a1,2880
9290b1,1600
9290c1,1248
9291a1,1920
9291b1,1440
9291c1,2064
9291d1,624
9291e1,19008
9292a1,960
9292b1,6240
9292c1,29400
9292d1,14112
9294a1,9576
9294b1,4800
9294c1,3840
9294d1,3816
9295a1,187200
9295b1,8064
9295c1,2304
9295d1,56448
9295e1,14400
9296a1,1152
9296b1,4992
9296c1,3456
9297a1,1376
9297b1,2528
9297c1,2784
9298a1,1900
9298b1,812
9300a1,6912
9300b1,5184
9300c1,38880
9300d1,9216
9300e1,15120
9300f1,3840
9300g1,12672
9300h1,14400
9300i1,4608
9300j1,63360
9300k1,2880
9300l1,3360
9300m1,3024
9303a1,10912
9303b1,269280
9306a1,5376
9306b1,50688
9306c1,46080
9306d1,3840
9306e1,376320
9306f1,39936
9306g1,8960
9306h1,16896
9306i1,1792
9306j1,16896
9306k1,23040
9306l1,2350080
9306m1,5120
9306n1,38400
9306o1,3072
9306p1,3072
9306q1,6912
9307a1,880
9308a1,1632
9308b1,1032
9308c1,10296
9308d1,14280
9310a1,15552
9310b1,23040
9310c1,206976
9310d1,141120
9310e1,20160
9310f1,108864
9310g1,29568
9310h1,13824
9310i1,6912
9310j1,11520
9310k1,3024
9310l1,129024
9310m1,16128
9310n1,9072
9310o1,3200
9310p1,103680
9310q1,26880
9310r1,80640
9310s1,20592
9310t1,6912
9310u1,22400
9312a1,8448
9312b1,1920
9312c1,2560
9312d1,896
9312e1,9984
9312f1,1536
9312g1,95232
9312h1,2560
9312i1,3072
9312j1,1280
9312k1,9984
9312l1,2560
9312m1,1536
9312n1,95232
9312o1,3072
9312p1,1280
9312q1,2560
9312r1,8448
9312s1,1920
9312t1,896
9314a1,2240
9315a1,2160
9315b1,1800
9315c1,1800
9315d1,985320
9315e1,50400
9315f1,3744
9315g1,1800
9315h1,1800
9315i1,328440
9315j1,16800
9315k1,11232
9315l1,6480
9318a1,13824
9320a1,18960
9323a1,1195
9324a1,9216
9324b1,107520
9324c1,4608
9324d1,92160
9324e1,1182720
9324f1,9216
9324g1,13824
9324h1,3072
9324i1,6912
9324j1,12288
9325a1,684
9325b1,984
9325c1,780
9325d1,8640
9325e1,28608
9325f1,696
9325g1,2816
9325h1,3480
9325i1,3420
9325j1,4920
9325k1,3900
9328a1,768
9328b1,5632
9328c1,339456
9328d1,2304
9328e1,2304
9328f1,24576
9328g1,18432
9328h1,49920
9328i1,26880
9328j1,1824
9328k1,2304
9328l1,1536
9328m1,2592
9328n1,1920
9329a1,656
9330a1,10368
9330b1,84864
9330c1,5632
9330d1,6912
9330e1,4096
9330f1,17280
9330g1,7104
9330h1,11520
9330i1,142272
9330j1,51840
9330k1,201600
9330l1,1152
9331a1,708
9333a1,4032
9334a1,10880
9334b1,7056
9334c1,300960
9334d1,9216
9334e1,1504
9334f1,73440
9334g1,3024
9335a1,1704
9338a1,1664
9338b1,727552
9338c1,27648
9338d1,27648
9338e1,2560
9338f1,2688
9338g1,53760
9338h1,38400
9338i1,17920
9338j1,18432
9339a1,4000
9339b1,672
9341a1,1106
9342a1,996
9342b1,6612
9342c1,852
9342d1,19836
9342e1,2988
9342f1,2556
9345a1,3840
9345b1,7040
9345c1,6528
9345d1,4480
9345e1,30912
9345f1,44800
9345g1,1536
9348a1,22080
9348b1,66528
9350a1,4032
9350b1,3072
9350c1,18480
9350d1,46800
9350e1,43200
9350f1,1152000
9350g1,69120
9350h1,11520
9350i1,3456
9350j1,18240
9350k1,2229120
9350l1,48000
9350m1,3168
9350n1,184320
9350o1,19440
9350p1,414720
9350q1,46080
9350r1,28800
9350s1,17280
9350t1,82944
9350u1,445824
9350v1,211968
9350w1,5760
9350x1,2304
9350y1,8064
9350z1,15360
9350ba1,23040
9350bb1,36864
9350bc1,3888
9350bd1,9216
9350be1,48000
9350bf1,15840
9350bg1,3648
9350bh1,9360
9350bi1,20160
9350bj1,92400
9350bk1,82944
9350bl1,8640
9352a1,5440
9352b1,5760
9353a1,1186
9356a1,756
9358a1,2016
9358b1,1696
9359a1,10080
9360a1,18432
9360b1,3840
9360c1,4608
9360d1,80640
9360e1,55296
9360f1,1280
9360g1,1536
9360h1,26880
9360i1,15360
9360j1,7680
9360k1,1536
9360l1,61440
9360m1,3072
9360n1,24576
9360o1,6144
9360p1,7680
9360q1,12288
9360r1,2048
9360s1,6144
9360t1,6144
9360u1,84480
9360v1,6144
9360w1,5760
9360x1,12288
9360y1,368640
9360z1,1536
9360ba1,3456
9360bb1,13824
9360bc1,1920
9360bd1,122880
9360be1,4096
9360bf1,4608
9360bg1,3456
9360bh1,13824
9360bi1,3072
9360bj1,15360
9360bk1,26880
9360bl1,6144
9360bm1,12288
9360bn1,12288
9360bo1,138240
9360bp1,3840
9360bq1,49920
9360br1,13824
9360bs1,6144
9360bt1,26880
9360bu1,6144
9360bv1,4608
9360bw1,9216
9360bx1,3072
9360by1,46080
9360bz1,61440
9360ca1,2304
9360cb1,9216
9361a1,112320
9362a1,3080
9362b1,4032
9363a1,948
9364a1,1152
9366a1,14976
9366b1,10944
9366c1,1344
9366d1,2112
9366e1,4608
9367a1,24480
9370a1,3240
9372a1,2688
9372b1,7680
9372c1,34560
9372d1,13824
9372e1,4608
9372f1,3456
9372g1,4608
9373a1,8160
9373b1,1312
9373c1,1280
9373d1,1376
9373e1,41440
9376a1,30128
9376b1,960
9376c1,30128
9376d1,960
9378a1,3360
9378b1,20160
9378c1,2112
9378d1,30720
9378e1,8160
9378f1,2208
9378g1,10080
9378h1,3072
9379a1,25056
9379b1,912
9380a1,8064
9380b1,4032
9380c1,23520
9382a1,556
9382b1,1832
9383a1,5168
9384a1,3136
9384b1,7360
9384c1,5376
9384d1,78016
9384e1,7488
9384f1,960
9385a1,2420
9386a1,40320
9386b1,7560
9386c1,372096
9386d1,109440
9386e1,112320
9386f1,13104
9386g1,4752
9386h1,12240
9386i1,14400
9386j1,766080
9386k1,143640
9386l1,5760
9386m1,54720
9386n1,19584
9387a1,3960
9387b1,1984
9388a1,792
9390a1,1248
9390b1,12480
9390c1,1243968
9390d1,22680
9390e1,5120
9390f1,7424
9390g1,12320
9392a1,2448
9392b1,1584
9393a1,784
9394a1,67968
9394b1,1824
9394c1,14112
9394d1,32400
9394e1,54912
9394f1,1152
9394g1,110880
9394h1,1904
9394i1,14400
9394j1,15600
9394k1,1200
9394l1,4176
9394m1,22800
9395a1,952
9396a1,3888
9396b1,2160
9396c1,2160
9396d1,1584
9396e1,720
9396f1,1296
9396g1,4752
9396h1,2160
9398a1,23808
9398b1,1024
9398c1,48384
9398d1,4448
9398e1,2696640
9398f1,1560
9398g1,2912
9399a1,70560
9399b1,1216
9400a1,3072
9400b1,7104
9400c1,6960
9400d1,54720
9400e1,4608
9400f1,720
9400g1,23040
9400h1,10944
9400i1,3600
9400j1,9600
9400k1,30720
9400l1,1392
9400m1,23040
9400n1,4608
9400o1,35520
9402a1,3744
9405a1,77568
9405b1,4224
9405c1,12672
9405d1,25856
9405e1,6144
9405f1,6144
9405g1,48000
9405h1,6144
9405i1,141312
9405j1,5120
9405k1,69120
9405l1,3584
9405m1,1536
9405n1,4992
9408a1,9408
9408b1,26880
9408c1,3360
9408d1,11520
9408e1,14336
9408f1,1344
9408g1,3072
9408h1,2304
9408i1,18432
9408j1,1536
9408k1,2304
9408l1,2304
9408m1,10752
9408n1,40320
9408o1,10752
9408p1,36864
9408q1,3072
9408r1,9216
9408s1,12288
9408t1,46080
9408u1,9408
9408v1,16128
9408w1,5760
9408x1,16128
9408y1,2048
9408z1,1344
9408ba1,3072
9408bb1,9216
9408bc1,3840
9408bd1,6144
9408be1,1536
9408bf1,1536
9408bg1,2304
9408bh1,10752
9408bi1,480
9408bj1,12288
9408bk1,80640
9408bl1,46080
9408bm1,86016
9408bn1,1728
9408bo1,24960
9408bp1,16128
9408bq1,5760
9408br1,16128
9408bs1,24192
9408bt1,6720
9408bu1,2048
9408bv1,12096
9408bw1,9216
9408bx1,174720
9408by1,3840
9408bz1,6144
9408ca1,6144
9408cb1,1536
9408cc1,480
9408cd1,12288
9408ce1,6144
9408cf1,3456
9408cg1,80640
9408ch1,86016
9408ci1,960
9408cj1,1728
9408ck1,26880
9408cl1,24960
9408cm1,3360
9408cn1,24192
9408co1,11520
9408cp1,6720
9408cq1,14336
9408cr1,12096
9408cs1,174720
9408ct1,2304
9408cu1,6144
9408cv1,18432
9408cw1,2304
9408cx1,40320
9408cy1,10752
9408cz1,3072
9408da1,6144
9408db1,36864
9408dc1,3456
9408dd1,9216
9408de1,12288
9408df1,960
9410a1,896
9410b1,12160
9410c1,4224
9410d1,11264
9411a1,1000
9413a1,400
9414a1,4800
9414b1,10560
9414c1,4608
9414d1,1856
9414e1,1600
9414f1,4160
9414g1,12096
9414h1,10080
9414i1,336960
9415a1,2224
9416a1,2976
9416b1,7135968
9417a1,11664
9417b1,1712
9418a1,9632
9420a1,19200
9420b1,374400
9420c1,1920
9420d1,3360
9420e1,14112
9420f1,3168
9420g1,2592
9420h1,4992
9422a1,2640
9422b1,6288
9422c1,3920
9422d1,108800
9422e1,100224
9422f1,1280
9422g1,2784
9424a1,1280
9424b1,12288
9424c1,107520
9424d1,3840
9424e1,4608
9424f1,80640
9424g1,23040
9425a1,3456
9425b1,1792
9425c1,9216
9425d1,9600
9425e1,46080
9425f1,17280
9425g1,1152
9425h1,5760
9426a1,18360
9426b1,12936
9426c1,1648
9429a1,1536
9430a1,704
9430b1,5120
9430c1,23040
9430d1,129024
9430e1,30720
9430f1,21888
9430g1,12672
9430h1,14976
9430i1,1024
9432a1,1472
9432b1,5760
9432c1,1440
9432d1,5376
9432e1,4416
9432f1,3584
9432g1,2816
9434a1,2448
9434b1,95040
9434c1,9792
9435a1,8640
9435b1,3600
9435c1,8832
9435d1,5472
9435e1,6912
9435f1,960
9435g1,1088
9438a1,887040
9438b1,354816
9438c1,24192
9438d1,42768
9438e1,34560
9438f1,316800
9438g1,138240
9438h1,17280
9438i1,69120
9438j1,1152
9438k1,430848
9438l1,28800
9438m1,4233600
9438n1,71280
9438o1,120960
9438p1,13200
9438q1,19200
9438r1,80640
9438s1,32256
9438t1,266112
9438u1,51200
9438v1,23040
9438w1,3888
9438x1,12672
9438y1,39168
9438z1,69120
9438ba1,6480
9438bb1,1200
9438bc1,9600
9438bd1,374400
9440a1,2304
9440b1,1472
9440c1,2304
9440d1,1472
9440e1,2176
9440f1,2176
9442a1,2064
9443a1,29280
9443b1,996
9443c1,4512
9443d1,47840
9444a1,9282
9445a1,1008
9445b1,912
9445c1,54944
9447a1,5760
9447b1,5184
9447c1,83808
9447d1,50880
9447e1,9600
9450a1,25920
9450b1,5184
9450c1,25920
9450d1,10368
9450e1,15552
9450f1,7776
9450g1,31104
9450h1,15552
9450i1,17280
9450j1,95040
9450k1,24192
9450l1,1302840
9450m1,2376
9450n1,60480
9450o1,4320
9450p1,19542600
9450q1,3960
9450r1,293760
9450s1,86400
9450t1,4032
9450u1,30240
9450v1,25920
9450w1,5760
9450x1,10080
9450y1,56160
9450z1,21120
9450ba1,6048
9450bb1,241920
9450bc1,17280
9450bd1,155520
9450be1,6048
9450bf1,1080
9450bg1,17280
9450bh1,37800
9450bi1,6912
9450bj1,86400
9450bk1,302400
9450bl1,100800
9450bm1,10080
9450bn1,63360
9450bo1,23040
9450bp1,11520
9450bq1,3744
9450br1,12672
9450bs1,7200
9450bt1,1728
9450bu1,388800
9450bv1,38400
9450bw1,403200
9450bx1,19584
9450by1,7560
9450bz1,16200
9450ca1,8640
9450cb1,77760
9450cc1,80640
9450cd1,5760
9450ce1,7776
9450cf1,31104
9450cg1,155520
9450ch1,51840
9450ci1,37800
9450cj1,15552
9450ck1,3240
9450cl1,5760
9450cm1,2304
9450cn1,28800
9450co1,31680
9450cp1,33600
9450cq1,1440
9450cr1,34560
9450cs1,7680
9450ct1,97920
9450cu1,30240
9450cv1,115200
9450cw1,1209600
9450cx1,30240
9450cy1,18720
9450cz1,63360
9450da1,5400
9450db1,7560
9450dc1,6048
9450dd1,5184
9450de1,5184
9450df1,3456
9450dg1,2016
9450dh1,100800
9450di1,8064
9450dj1,3908520
9450dk1,792
9450dl1,190080
9450dm1,3360
9450dn1,20160
9450do1,6514200
9450dp1,11880
9450dq1,28800
9450dr1,11232
9450ds1,4224
9450dt1,12096
9450du1,21600
9450dv1,5184
9450dw1,129600
9450dx1,58752
9450dy1,77760
9450dz1,17280
9452a1,1536
9453a1,3120
9453b1,1056
9455a1,5040
9455b1,3088
9455c1,1152
9455d1,416
9456a1,1536
9456b1,36864
9456c1,2304
9456d1,1152
9456e1,10752
9459a1,960
9459b1,2080
9460a1,1008
9460b1,14592
9460c1,3456
9460d1,229392
9460e1,1728
9460f1,3072
9460g1,138240
9462a1,10944
9462b1,82880
9462c1,21760
9464a1,1920
9464b1,16128
9464c1,16128
9464d1,4608
9464e1,8064
9464f1,112896
9464g1,9408
9464h1,24960
9465a1,227136
9465b1,38160
9465c1,1264
9467a1,748
9470a1,44400
9470b1,47520
9470c1,1568
9470d1,624
9470e1,20944
9471a1,1408
9471b1,1728
9471c1,14784
9471d1,3840
9473a1,3648
9474a1,4224
9474b1,2688
9474c1,4992
9474d1,2016
9474e1,29376
9474f1,2520
9474g1,7200
9474h1,2016
9474i1,15552
9476a1,3024
9476b1,1584
9479a1,912
9480a1,4608
9480b1,2560
9480c1,7776
9480d1,3200
9480e1,132480
9482a1,496
9482b1,7056
9483a1,3208
9483b1,1136
9485a1,840
9485b1,5304
9485c1,738816
9486a1,5632
9486b1,5120
9486c1,638976
9488a1,4672
9488b1,1408
9488c1,1728
9488d1,1856
9488e1,2400
9489a1,840
9490a1,2048
9490b1,7104
9490c1,192640
9490d1,200448
9490e1,1536
9490f1,69120
9490g1,6912
9490h1,301056
9490i1,18576
9490j1,1552
9490k1,7680
9490l1,2560
9490m1,41472
9491a1,472
9492a1,5328
9492b1,1584
9492c1,1344
9492d1,25920
9493a1,824
9494a1,6408
9495a1,736
9495b1,2208
9495c1,52416
9495d1,52992
9495e1,1440
9495f1,55104
9495g1,7488
9498a1,3936
9498b1,1512
9498c1,1632
9498d1,4320
9498e1,2808
9498f1,1920
9498g1,7488
9499a1,8800
9499b1,168480
9499c1,2496
9503a1,16128
9503b1,896
9503c1,3136
9503d1,1408
9504a1,4608
9504b1,3840
9504c1,8064
9504d1,2688
9504e1,11520
9504f1,4608
9504g1,13824
9504h1,11520
9504i1,8064
9504j1,2688
9504k1,13824
9504l1,3840
9505a1,448
9506a1,10368
9506b1,9600
9506c1,5760
9506d1,4032
9506e1,63360
9507a1,464
9510a1,2880
9510b1,7296
9510c1,4608
9510d1,9120
9510e1,100254000
9510f1,40128
9510g1,26880
9510h1,184320
9510i1,12480
9510j1,4096
9510k1,1920
9510l1,305760
9510m1,6048
9510n1,16800
9510o1,3808
9510p1,2160
9510q1,1440
9510r1,3840
9510s1,437760
9510t1,5760
9510u1,6912
9510v1,2400
9513a1,7488
9513b1,2496
9513c1,1536
9513d1,23040
9513e1,5120
9514a1,4288
9516a1,36864
9516b1,1440
9516c1,6912
9516d1,18816
9517a1,1044
9517b1,600
9517c1,1296
9517d1,14328
9519a1,2736
9519b1,800
9520a1,20608
9520b1,14784
9520c1,22400
9520d1,8704
9520e1,7360
9520f1,39200
9520g1,11520
9520h1,64512
9520i1,68640
9520j1,5760
9520k1,2016
9520l1,12672
9520m1,1120
9520n1,12672
9520o1,40320
9522a1,2880
9522b1,66240
9522c1,247296
9522d1,10752
9522e1,33792
9522f1,22080
9522g1,960
9522h1,67584
9522i1,11760
9522j1,432768
9522k1,33792
9522l1,270480
9522m1,18816
9522n1,1920
9522o1,44160
9522p1,84480
9523a1,2792
9525a1,2800
9525b1,16128
9525c1,4752
9525d1,21504
9525e1,291600
9525f1,107520
9525g1,58320
9526a1,960
9526b1,1248
9527a1,2688
9528a1,7616
9528b1,3360
9528c1,1568
9528d1,2176
9528e1,1216
9528f1,1056
9529a1,1840
9530a1,2080
9530b1,243600
9530c1,4608
9530d1,4736
9530e1,5040
9530f1,3744
9530g1,2400
9531a1,900
9531b1,18540
9531c1,2700
9531d1,55620
9534a1,91200
9534b1,221312
9534c1,2880
9534d1,2496
9534e1,3648
9534f1,20160
9535a1,608
9536a1,1408
9536b1,6912
9536c1,1408
9536d1,3840
9536e1,6912
9536f1,3840
9537a1,1152
9537b1,46080
9537c1,9216
9537d1,12672
9537e1,18432
9537f1,6048
9537g1,2304
9537h1,39168
9537i1,92160
9537j1,7680
9537k1,102816
9537l1,19584
9537m1,215424
9539a1,676
9540a1,5472
9540b1,1824
9540c1,8640
9540d1,5760
9542a1,35904
9542b1,10200
9542c1,5440
9542d1,2240
9542e1,558144
9542f1,205128
9543a1,768
9544a1,4992
9544b1,4512
9544c1,2560
9545a1,11904
9546a1,17280
9546b1,13440
9546c1,219936
9546d1,4000
9546e1,5600
9546f1,596736
9546g1,33600
9546h1,2240
9546i1,57024
9546j1,5760
9546k1,79200
9548a1,936
9548b1,30456
9548c1,2376
9550a1,15120
9550b1,3840
9550c1,3024
9551a1,1178
9552a1,5440
9552b1,1600
9552c1,832
9552d1,31680
9552e1,4032
9552f1,1440
9552g1,116160
9552h1,1056
9552i1,2880
9553a1,1024
9554a1,3072
9554b1,8064
9554c1,17920
9555a1,3864
9555b1,18648
9555c1,9216
9555d1,43904
9555e1,9216
9555f1,3960
9555g1,4608
9555h1,241800
9555i1,88200
9555j1,1408
9555k1,12288
9555l1,41472
9555m1,31752
9555n1,1692600
9555o1,12600
9555p1,9856
9555q1,36864
9555r1,27720
9555s1,2664
9555t1,552
9555u1,23040
9555v1,6272
9557a1,2400
9557b1,4560
9557c1,5856
9558a1,30240
9558b1,10080
9559a1,25920
9559b1,2800
9559c1,5280
9559d1,14400
9559e1,10080
9560a1,4000
9561a1,68744
9561b1,3024
9562a1,83328
9562b1,1584
9563a1,412
9565a1,1200
9565b1,2128
9566a1,1040
9568a1,896
9568b1,640
9568c1,27776
9568d1,896
9568e1,640
9568f1,896
9568g1,3456
9568h1,10368
9568i1,896
9568j1,3456
9568k1,10368
9568l1,27776
9570a1,2880
9570b1,272160
9570c1,2592
9570d1,69120
9570e1,10240
9570f1,25056
9570g1,5760
9570h1,10368
9570i1,2304
9570j1,4590432
9570k1,4480
9570l1,7680
9570m1,207360
9570n1,2208
9570o1,6048
9570p1,55296
9570q1,7680
9570r1,23040
9570s1,4000
9570t1,15456
9570u1,67584
9570v1,62720
9570w1,45696
9570x1,1536
9570y1,25536
9570z1,26400
9570ba1,2328480
9570bb1,8736
9570bc1,3840
9570bd1,8000
9571a1,2292
9574a1,4956
9574b1,840
9574c1,882
9574d1,3816
9574e1,7154
9576a1,4096
9576b1,15360
9576c1,4608
9576d1,36864
9576e1,1536
9576f1,3072
9576g1,10240
9576h1,6144
9576i1,2048
9576j1,9216
9576k1,92160
9576l1,6144
9576m1,9216
9576n1,12288
9576o1,46080
9576p1,1536
9576q1,12288
9576r1,4608
9576s1,9216
9576t1,3072
9576u1,12288
9576v1,49152
9576w1,4096
9576x1,752640
9576y1,5120
9576z1,4096
9576ba1,76800
9576bb1,3072
9578a1,828
9578b1,14688
9578c1,2464
9579a1,5264
9580a1,7080
9580b1,7896
9581a1,1440
9581b1,1840
9583a1,2160
9583b1,79920
9583c1,49248
9584a1,2304
9585a1,9216
9585b1,2118144
9585c1,6354432
9585d1,3072
9585e1,9600
9585f1,28800
9587a1,958
9588a1,19008
9588b1,1920
9588c1,2256
9589a1,1944
9590a1,23400
9590b1,22344
9590c1,5120
9590d1,1920
9590e1,4032
9590f1,157920
9590g1,5184
9590h1,55296
9590i1,59136
9590j1,3528
9590k1,5472
9590l1,16128
9591a1,92160
9591b1,12672
9591c1,2304
9594a1,89856
9594b1,13824
9594c1,7680
9594d1,82944
9594e1,1280
9594f1,9216
9594g1,11760
9594h1,17920
9594i1,2007040
9594j1,9216
9594k1,29952
9594l1,4608
9594m1,23040
9594n1,27648
9594o1,3840
9594p1,3072
9594q1,30576
9594r1,112640
9594s1,15120
9594t1,15120
9594u1,34560
9595a1,1536
9595b1,22400
9597a1,2176
9597b1,640
9597c1,1216
9597d1,4224
9597e1,2880
9597f1,1729728
9597g1,9792
9597h1,8064
9598a1,51840
9598b1,2688
9598c1,3456
9598d1,4480
9600a1,4608
9600b1,4608
9600c1,3072
9600d1,3840
9600e1,46080
9600f1,3072
9600g1,4608
9600h1,3840
9600i1,3840
9600j1,1280
9600k1,6400
9600l1,1280
9600m1,4608
9600n1,3072
9600o1,3840
9600p1,46080
9600q1,18432
9600r1,3840
9600s1,2304
9600t1,46080
9600u1,23040
9600v1,4608
9600w1,4608
9600x1,3840
9600y1,3840
9600z1,768
9600ba1,19200
9600bb1,3840
9600bc1,3840
9600bd1,1280
9600be1,18432
9600bf1,2304
9600bg1,18432
9600bh1,2304
9600bi1,3840
9600bj1,46080
9600bk1,23040
9600bl1,4608
9600bm1,23040
9600bn1,768
9600bo1,768
9600bp1,3840
9600bq1,3840
9600br1,19200
9600bs1,19200
9600bt1,6400
9600bu1,4608
9600bv1,18432
9600bw1,2304
9600bx1,3072
9600by1,23040
9600bz1,768
9600ca1,19200
9600cb1,6400
9600cc1,1280
9600cd1,6400
9603a1,5760
9603b1,8192
9603c1,2304
9603d1,69120
9603e1,206720
9603f1,2048
9603g1,2048
9603h1,5376
9605a1,1920
9605b1,11352
9605c1,632
9606a1,1360
9606b1,2496
9606c1,4320
9606d1,1200
9610a1,92160
9610b1,46080
9611a1,1296
9614a1,108192
9614b1,12288
9614c1,403200
9614d1,44000
9614e1,13664
9614f1,3872
9614g1,3360
9615a1,640
9615b1,10752
9615c1,12960
9615d1,29568
9616a1,2784
9617a1,1408
9618a1,85120
9618b1,188160
9618c1,4464
9618d1,2880
9618e1,33264
9618f1,1440
9618g1,1680
9618h1,9120
9618i1,25056
9618j1,37200
9618k1,63936
9618l1,1152
9618m1,6000
9618n1,3360
9618o1,1760
9618p1,2112
9618q1,7392
9620a1,2784
9620b1,14400
9622a1,59592
9622b1,4008
9622c1,4620
9622d1,80448
9624a1,3840
9624b1,1600
9624c1,9600
9624d1,1536
9624e1,12288
9624f1,36288
9624g1,448
9624h1,1280
9626a1,1680
9627a1,1272
9627b1,3444
9628a1,1596
9630a1,24192
9630b1,26880
9630c1,7680
9630d1,15360
9630e1,3328
9630f1,221184
9630g1,3240
9630h1,8192
9630i1,10240
9630j1,79200
9630k1,8960
9630l1,23040
9630m1,8064
9630n1,13832
9630o1,20480
9630p1,6144
9630q1,3360
9632a1,1664
9632b1,1152
9632c1,2304
9632d1,960
9632e1,960
9632f1,1664
9632g1,1152
9632h1,2304
9633a1,5376
9633b1,3360
9633c1,282240
9633d1,9216
9633e1,43680
9633f1,18720
9633g1,39936
9633h1,219648
9633i1,7680
9633j1,1440
9633k1,10752
9633l1,3072
9633m1,2880
9633n1,295680
9633o1,99840
9633p1,23040
9633q1,2634240
9633r1,16896
9634a1,2160
9634b1,896
9634c1,249696
9634d1,1512
9635a1,1436
9636a1,5040
9636b1,1920
9638a1,3384
9638b1,2496
9639a1,1296
9639b1,624
9639c1,3888
9639d1,1872
9640a1,1824
9640b1,2688
9642a1,2520
9645a1,7280
9645b1,1264
9645c1,8000
9646a1,10416
9646b1,19968
9646c1,4144
9646d1,4320
9646e1,8352
9647a1,6420
9647b1,1664
9647c1,5376
9648a1,3840
9648b1,1280
9648c1,6656
9648d1,4096
9648e1,5376
9648f1,1792
9648g1,2304
9648h1,6912
9648i1,11520
9648j1,6144
9648k1,4800
9648l1,27648
9648m1,2304
9648n1,3840
9648o1,5376
9648p1,6144
9648q1,6144
9648r1,9216
9648s1,1728
9648t1,30720
9648u1,6720
9650a1,960
9650b1,2112
9650c1,31680
9650d1,31200
9650e1,1920
9650f1,11520
9650g1,1536
9650h1,17280
9650i1,7680
9650j1,9600
9650k1,2304
9650l1,6240
9650m1,10560
9650n1,4800
9650o1,158400
9651a1,3280
9651b1,1296
9651c1,5940
9652a1,1920
9652b1,21720
9653a1,4032
9653b1,3300
9654a1,105600
9654b1,1536
9654c1,6720
9654d1,992
9654e1,9120
9654f1,2016
9654g1,25536
9655a1,1768
9656a1,94080
9656b1,9840
9656c1,2368
9657a1,3840
9657b1,2688
9657c1,4640
9659a1,2190
9660a1,6912
9660b1,17280
9660c1,5280
9660d1,16896
9660e1,38880
9660f1,2210208
9661a1,510
9664a1,1536
9664b1,23040
9664c1,5184
9664d1,7680
9664e1,1280
9664f1,1536
9664g1,23040
9664h1,5184
9664i1,7680
9664j1,1280
9666a1,15048
9666b1,15840
9666c1,8064
9666d1,2592
9666e1,3240
9666f1,5016
9666g1,864
9666h1,5280
9666i1,1080
9666j1,24192
9667a1,584
9667b1,376
9667c1,1112
9672a1,1280
9672b1,41760
9672c1,17280
9672d1,13824
9672e1,17280
9672f1,13824
9672g1,58752
9672h1,1408
9672i1,2112
9674a1,1376
9675a1,2240
9675b1,3072
9675c1,215040
9675d1,6720
9675e1,9216
9675f1,645120
9675g1,16320
9675h1,8448
9675i1,6144
9675j1,8192
9675k1,294912
9675l1,1296
9675m1,7680
9675n1,1152
9675o1,13824
9675p1,516096
9675q1,3840
9675r1,1584
9675s1,36864
9675t1,221184
9675u1,6480
9675v1,5760
9675w1,7920
9675x1,3264
9676a1,1296
9678a1,3960
9680a1,8064
9680b1,88704
9680c1,1152
9680d1,12672
9680e1,11520
9680f1,3840
9680g1,69120
9680h1,2560
9680i1,34560
9680j1,2304
9680k1,25344
9680l1,17280
9680m1,190080
9680n1,5760
9680o1,63360
9680p1,6336
9680q1,576
9680r1,11520
9680s1,80640
9680t1,2880
9680u1,10368
9680v1,114048
9680w1,7680
9680x1,25344
9680y1,57600
9680z1,2304
9680ba1,13824
9680bb1,152064
9680bc1,17280
9680bd1,5760
9680be1,7680
9680bf1,84480
9681a1,18144
9681b1,6720
9681c1,944
9681d1,1104
9682a1,2320
9682b1,1800
9683a1,828
9683b1,1796
9684a1,3840
9684b1,49152
9685a1,1536
9686a1,1488
9686b1,22064
9686c1,2288
9686d1,3600
9687a1,888
9687b1,528
9688a1,1408
9690a1,232960
9690b1,5120
9690c1,23040
9690d1,21504
9690e1,32256
9690f1,12288
9690g1,9216
9690h1,4096
9690i1,172032
9690j1,12288
9690k1,6144
9690l1,36864
9690m1,68217600
9690n1,184320
9690o1,3072
9690p1,248832
9690q1,17920
9690r1,122880
9690s1,3072
9690t1,806400
9690u1,118272
9690v1,9216
9690w1,26880
9690x1,30720
9690y1,13824
9693a1,324
9693b1,3636
9693c1,20160
9693d1,6336
9693e1,11376
9693f1,2592
9693g1,60480
9693h1,2112
9693i1,1212
9693j1,972
9693k1,864
9693l1,3792
9695a1,5616
9696a1,4608
9696b1,113664
9696c1,1792
9696d1,113664
9696e1,1536
9696f1,1792
9696g1,1120
9696h1,4608
9696i1,1536
9696j1,1120
9698a1,8736
9699a1,2800
9700a1,4032
9700b1,2688
9700c1,13440
9702a1,60480
9702b1,40320
9702c1,20160
9702d1,51840
9702e1,19712
9702f1,423360
9702g1,137984
9702h1,27648
9702i1,11520
9702j1,5760
9702k1,2880
9702l1,362880
9702m1,50400
9702n1,14112
9702o1,21504
9702p1,73728
9702q1,43008
9702r1,3072
9702s1,301056
9702t1,57600
9702u1,36864
9702v1,7200
9702w1,36864
9702x1,9216
9702y1,2016
9702z1,258048
9702ba1,120960
9702bb1,6720
9702bc1,51840
9702bd1,20160
9702be1,11520
9702bf1,17280
9702bg1,960
9702bh1,362880
9702bi1,141120
9702bj1,413952
9702bk1,9216
9702bl1,59136
9702bm1,48384
9702bn1,2880
9702bo1,107520
9702bp1,24192
9702bq1,470400
9702br1,84672
9702bs1,6912
9702bt1,229376
9702bu1,32768
9702bv1,184320
9702bw1,18432
9702bx1,12288
9702by1,20160
9702bz1,24576
9702ca1,11520
9702cb1,15360
9702cc1,1597440
9702cd1,67200
9702ce1,3456
9702cf1,12096
9702cg1,36864
9704a1,624
9704b1,2928
9705a1,1080
9705b1,14760
9705c1,4176
9706a1,10800
9706b1,528
9706c1,11072
9706d1,10080
9706e1,920
9709a1,352
9709b1,7776
9709c1,3456
9709d1,9504
9710a1,920
9710b1,76720
9711a1,47040
9711b1,141120
9714a1,7216
9714b1,1800
9714c1,832
9714d1,26624
9715a1,816
9715b1,155760
9716a1,4080
9717a1,1488
9717b1,1088
9718a1,984
9718b1,7728
9718c1,15160
9718d1,816
9718e1,2976
9720a1,576
9720b1,12672
9720c1,3456
9720d1,3456
9720e1,6480
9720f1,2592
9720g1,20736
9720h1,1728
9720i1,38016
9720j1,1152
9720k1,1152
9720l1,2160
9720m1,7776
9720n1,6912
9723a1,4416
9723b1,13520
9723c1,2464
9724a1,41040
9725a1,4320
9726a1,3200
9726b1,12276
9729a1,3072
9729b1,22656
9729c1,2944
9730a1,4224
9730b1,1024
9730c1,8192
9730d1,26880
9732a1,4416
9735a1,2816
9735b1,7680
9735c1,115200
9735d1,13440
9735e1,38400
9735f1,57600
9735g1,1920
9735h1,3072
9735i1,10368
9735j1,29184
9735k1,2016
9737a1,1152
9737b1,71232
9741a1,4416
9741b1,3456
9741c1,15120
9744a1,3072
9744b1,43200
9744c1,2560
9744d1,3072
9744e1,215040
9744f1,2048
9744g1,2304
9744h1,11520
9744i1,7680
9744j1,6912
9744k1,27648
9744l1,2903040
9744m1,5184
9744n1,13824
9744o1,2880
9744p1,2048
9744q1,24576
9744r1,471744
9744s1,20736
9744t1,23040
9744u1,23040
9744v1,73920
9744w1,1536
9746a1,1160
9746b1,9000
9747a1,2106
9747b1,24624
9747c1,486
9747d1,7776
9747e1,2592
9747f1,1296
9747g1,9234
9747h1,49248
9747i1,147744
9747j1,8640
9747k1,25920
9748a1,1140
9748b1,732
9748c1,1584
9752a1,3120
9752b1,3456
9752c1,2016
9752d1,864
9752e1,7280
9754a1,25488
9755a1,804
9756a1,4896
9756b1,1632
9756c1,45600
9756d1,136800
9756e1,7920
9756f1,4032
9756g1,10944
9758a1,23040
9758b1,11008
9758c1,1920
9758d1,16128
9758e1,51072
9758f1,14400
9758g1,5184
9760a1,1280
9760b1,43008
9760c1,2304
9760d1,2304
9760e1,928
9760f1,1280
9760g1,43008
9760h1,928
9761a1,1600
9761b1,80000
9762a1,1104
9762b1,4400
9762c1,5400
9763a1,648
9763b1,600
9763c1,41160
9765a1,16128
9765b1,3072
9765c1,182784
9765d1,6144
9765e1,30720
9765f1,129024
9765g1,80640
9765h1,3840
9765i1,26624
9765j1,55296
9765k1,4032
9765l1,46080
9765m1,100800
9765n1,1920
9766a1,6840
9766b1,4760
9766c1,2196
9766d1,600
9766e1,50688
9768a1,1792
9768b1,4608
9768c1,3840
9768d1,1280
9768e1,15360
9768f1,5376
9768g1,4096
9768h1,3840
9768i1,3840
9768j1,1024
9768k1,559104
9768l1,2048
9768m1,3840
9768n1,12288
9768o1,7680
9768p1,26112
9768q1,10752
9771a1,1170
9772a1,648
9772b1,32136
9772c1,5184
9773a1,2220
9774a1,4200
9774b1,5364
9774c1,12600
9774d1,1788
9775a1,77760
9775b1,48960
9775c1,70800
9775d1,12480
9775e1,14160
9775f1,15552
9776a1,5088
9776b1,8736
9776c1,3360
9776d1,2320
9777a1,2376
9777b1,2196
9778a1,924
9779a1,352
9779b1,6144
9779c1,2336
9779d1,1392
9779e1,2048
9780a1,6720
9780b1,2688
9780c1,864
9780d1,2304
9780e1,1440
9780f1,4800
9780g1,10080
9780h1,6336
9780i1,25344
9780j1,16128
9782a1,2192
9782b1,1400
9783a1,12672
9783b1,1536
9784a1,1824
9786a1,39424
9786b1,9216
9786c1,35840
9786d1,129024
9786e1,2560
9789a1,107520
9789b1,11040
9789c1,13824
9789d1,1792
9789e1,107520
9789f1,4800
9789g1,6656
9789h1,2688
9790a1,5760
9790b1,38400
9790c1,12672
9790d1,138240
9790e1,2592
9790f1,10240
9790g1,5120
9790h1,114240
9790i1,599040
9790j1,3072
9790k1,38592
9790l1,276480
9790m1,230400
9790n1,2304
9790o1,644688
9790p1,6720
9792a1,640
9792b1,1024
9792c1,4608
9792d1,3072
9792e1,1920
9792f1,4608
9792g1,3072
9792h1,7680
9792i1,7680
9792j1,8192
9792k1,24576
9792l1,3072
9792m1,4096
9792n1,10240
9792o1,3072
9792p1,36864
9792q1,4096
9792r1,12288
9792s1,2048
9792t1,12288
9792u1,2048
9792v1,9216
9792w1,33792
9792x1,30720
9792y1,2304
9792z1,1536
9792ba1,1536
9792bb1,12288
9792bc1,1024
9792bd1,640
9792be1,4608
9792bf1,1920
9792bg1,3072
9792bh1,4608
9792bi1,3072
9792bj1,1536
9792bk1,1536
9792bl1,4096
9792bm1,4096
9792bn1,1536
9792bo1,1536
9792bp1,8192
9792bq1,24576
9792br1,3072
9792bs1,4096
9792bt1,10240
9792bu1,3072
9792bv1,4096
9792bw1,36864
9792bx1,9216
9792by1,4608
9792bz1,4608
9792ca1,33792
9792cb1,30720
9792cc1,2304
9792cd1,4608
9792ce1,4608
9792cf1,12288
9795a1,6480
9796a1,22248
9796b1,20736
9796c1,2376
9796d1,1536
9797a1,7744
9797b1,2112
9797c1,1536
9797d1,32640
9797e1,1040
9797f1,3616
9798a1,94080
9798b1,32256
9798c1,5760
9798d1,6144
9798e1,6720
9798f1,10240
9798g1,80640
9798h1,1920
9798i1,1792
9798j1,23040
9798k1,18432
9798l1,34944
9800a1,6912
9800b1,120960
9800c1,23520
9800d1,12288
9800e1,13824
9800f1,48384
9800g1,64512
9800h1,9216
9800i1,64512
9800j1,17280
9800k1,9216
9800l1,34560
9800m1,3360
9800n1,4896
9800o1,6912
9800p1,9216
9800q1,3840
9800r1,57600
9800s1,26880
9800t1,34272
9800u1,14400
9800v1,43200
9800w1,80640
9800x1,3360
9800y1,24480
9800z1,34560
9800ba1,6912
9800bb1,21504
9800bc1,11520
9800bd1,150528
9800be1,23520
9800bf1,18432
9800bg1,15360
9800bh1,11520
9800bi1,5376
9800bj1,171360
9800bk1,768
9800bl1,8640
9800bm1,276480
9800bn1,46080
9800bo1,69120
9800bp1,2880
9800bq1,6912
9801a1,9360
9801b1,8640
9801c1,648
9801d1,21384
9801e1,25920
9801f1,25920
9801g1,7128
9801h1,1944
9801i1,32400
9801j1,9360
9801k1,8640
9801l1,10800
9802a1,9360
9802b1,24192
9802c1,1920
9802d1,40320
9802e1,8976
9802f1,209664
9802g1,8064
9802h1,24960
9804a1,33984
9804b1,1488
9804c1,103680
9804d1,1536
9804e1,5760
9805a1,25200
9805b1,8208
9805c1,1632
9807a1,888
9810a1,1184
9810b1,7392
9810c1,5040
9810d1,14400
9810e1,24960
9810f1,6912
9810g1,1920
9810h1,47040
9810i1,19440
9810j1,23040
9810k1,1232
9810l1,3744
9810m1,39744
9810n1,441728
9810o1,118800
9810p1,3552
9810q1,2464
9810r1,5120
9810s1,6000
9810t1,12672
9810u1,2016
9810v1,95760
9811a1,588
9811b1,578
9811c1,987
9812a1,90720
9812b1,7488
9813a1,960
9814a1,17696
9814b1,1216
9814c1,912
9814d1,31968
9815a1,118800
9815b1,4080
9816a1,2112
9816b1,2560
9816c1,2496
9818a1,680
9819a1,912
9820a1,1920
9820b1,1920
9820c1,3648
9820d1,12096
9820e1,1728
9820f1,33684
9822a1,4216
9822b1,9408
9822c1,3528
9823a1,34048
9824a1,480
9824b1,992
9824c1,480
9824d1,2144
9824e1,1760
9824f1,2144
9824g1,992
9824h1,1760
9825a1,4368
9825b1,4992
9825c1,720
9825d1,5760
9825e1,28800
9825f1,40320
9825g1,21840
9825h1,3600
9828a1,7776
9828b1,6048
9828c1,2016
9828d1,17280
9828e1,4320
9828f1,5760
9828g1,12960
9828h1,2592
9828i1,103680
9828j1,311040
9829a1,3760
9829b1,1344
9829c1,1328
9830a1,2136
9830b1,1288
9830c1,901800
9831a1,1152
9832a1,960
9832b1,28800
9832c1,896
9832d1,544
9832e1,672
9832f1,2176
9834a1,21280
9834b1,161280
9834c1,76800
9834d1,4000
9834e1,8960
9834f1,976
9834g1,83520
9834h1,5760
9834i1,1248
9834j1,4032
9834k1,17280
9834l1,59136
9834m1,12960
9835a1,6336
9835b1,2400
9835c1,3744
9836a1,1224
9840a1,3328
9840b1,23040
9840c1,2560
9840d1,2048
9840e1,5120
9840f1,6144
9840g1,2560
9840h1,6720
9840i1,40960
9840j1,2048
9840k1,43200
9840l1,27648
9840m1,8064
9840n1,4608
9840o1,161280
9840p1,2880
9840q1,4608
9840r1,47040
9840s1,6144
9840t1,12672
9840u1,1920
9840v1,145920
9840w1,2048
9840x1,7680
9840y1,4608
9840z1,36864
9840ba1,9216
9840bb1,2880
9842a1,230400
9842b1,2560
9842c1,1664
9842d1,20736
9842e1,1056
9842f1,22848
9842g1,174720
9842h1,2496
9842i1,5632
9842j1,11264
9842k1,26784
9842l1,5376
9842m1,492800
9843a1,3120
9844a1,11400
9846a1,1200
9846b1,8960
9846c1,5856
9846d1,3600
9846e1,14592
9846f1,47520
9846g1,2112
9848a1,680
9849a1,6720
9849b1,43680
9849c1,6144
9849d1,9216
9849e1,1224
9849f1,7560
9849g1,165888
9849h1,36864
9849i1,2808
9849j1,138240
9849k1,8568
9849l1,52920
9849m1,19800
9849n1,4608
9849o1,960
9849p1,6240
9849q1,12288
9850a1,188160
9850b1,6912
9850c1,5760
9850d1,42240
9850e1,29040
9850f1,3648
9850g1,8448
9850h1,5808
9850i1,28800
9854a1,1008
9854b1,18720
9854c1,1856
9854d1,11088
9856a1,896
9856b1,896
9856c1,896
9856d1,896
9858a1,1600
9858b1,13440
9858c1,14400
9858d1,37632
9858e1,2928
9858f1,14592
9860a1,6432
9860b1,20160
9860c1,3648
9860d1,7872
9860e1,1440
9861a1,92064
9861b1,1728
9861c1,15552
9863a1,1056
9864a1,4224
9864b1,2112
9864c1,2176
9864d1,76032
9864e1,2304
9864f1,13056
9864g1,36480
9864h1,6528
9864i1,1408
9864j1,704
9864k1,1408
9864l1,3648
9864m1,2688
9864n1,2560
9864o1,19712
9865a1,1366
9865b1,888
9866a1,864
9867a1,800
9867b1,1120
9867c1,2880
9867d1,92160
9867e1,7104
9867f1,7200
9867g1,137280
9867h1,36960
9867i1,14976
9867j1,1216
9870a1,38400
9870b1,33264
9870c1,784
9870d1,1103872
9870e1,178176
9870f1,12800
9870g1,153600
9870h1,69120
9870i1,23040
9870j1,6480
9870k1,4096
9870l1,2560
9870m1,3274752
9870n1,8192
9870o1,11520
9870p1,266240
9870q1,2304
9870r1,202752
9870s1,10240
9870t1,5120
9870u1,27648
9872a1,2368
9872b1,1344
9872c1,6720
9872d1,89088
9872e1,1536
9872f1,3264
9873a1,25344
9873b1,1920
9873c1,3120
9874a1,3984
9874b1,1344
9876a1,3120
9876b1,2592
9878a1,15232
9878b1,7040
9878c1,6144
9878d1,66816
9878e1,2592
9878f1,161280
9878g1,1440
9878h1,22752
9879a1,8352
9879b1,4424
9880a1,45600
9880b1,7488
9880c1,3264
9880d1,1600
9880e1,1856
9880f1,8064
9880g1,1248
9880h1,8640
9880i1,2880
9880j1,27872
9880k1,12096
9882a1,1344
9882b1,960
9882c1,249480
9882d1,12096
9882e1,3456
9882f1,2520
9882g1,167040
9882h1,2880
9882i1,4032
9882j1,3456
9882k1,55680
9882l1,4032
9882m1,83160
9882n1,7560
9885a1,8448
9886a1,3066
9888a1,2304
9888b1,15488
9888c1,704
9888d1,15488
9888e1,6336
9888f1,2592
9888g1,6336
9888h1,2592
9888i1,704
9888j1,2304
9889a1,1632
9889b1,832
9890a1,144160
9890b1,53760
9890c1,5376
9890d1,2688
9890e1,173760
9890f1,12960
9890g1,2464
9890h1,2560
9890i1,12544
9890j1,96768
9891a1,35328
9891b1,1024
9894a1,55296
9894b1,3696
9894c1,8064
9894d1,169728
9894e1,7680
9894f1,29680
9896a1,2144
9897a1,1600
9898a1,12852
9898b1,17280
9898c1,10752
9898d1,21504
9898e1,1920
9898f1,43680
9898g1,1536
9898h1,13440
9898i1,305760
9898j1,150528
9899a1,1296
9900a1,5760
9900b1,17280
9900c1,5760
9900d1,1152
9900e1,28800
9900f1,17280
9900g1,3456
9900h1,86400
9900i1,6912
9900j1,9216
9900k1,6144
9900l1,55296
9900m1,4608
9900n1,20736
9900o1,8064
9900p1,18432
9900q1,6480
9900r1,30720
9900s1,57600
9900t1,20736
9900u1,27648
9900v1,92160
9900w1,18432
9900x1,30720
9900y1,6144
9900z1,23040
9900ba1,40320
9900bb1,103680
9900bc1,15360
9900bd1,3072
9900be1,11520
9901a1,2026
9902a1,1960
9903a1,3840
9903b1,896
9903c1,1696
9904a1,736
9904b1,1648
9904c1,3360
9906a1,8960
9906b1,13824
9906c1,5184
9906d1,11968
9906e1,6656
9906f1,5760
9906g1,9216
9906h1,3264
9910a1,784
9910b1,3888
9910c1,1632
9911a1,4992
9911b1,51552
9911c1,4896
9911d1,2592
9911e1,16128
9912a1,6912
9912b1,3072
9912c1,9216
9912d1,168960
9912e1,2560
9912f1,10240
9912g1,6144
9912h1,3072
9912i1,1664
9912j1,8640
9912k1,10240
9912l1,1408
9914a1,9636
9916a1,24000
9916b1,5400
9916c1,4320
9916d1,7488
9918a1,18432
9918b1,6144
9918c1,102400
9918d1,4800
9918e1,15360
9918f1,403200
9918g1,6144
9918h1,28800
9918i1,6144
9918j1,18432
9918k1,307200
9918l1,1600
9918m1,4480
9918n1,78848
9918o1,8640
9918p1,86400
9918q1,3075072
9918r1,9856
9918s1,14976
9918t1,12800
9919a1,2752
9920a1,5760
9920b1,640
9920c1,1536
9920d1,2304
9920e1,53760
9920f1,6912
9920g1,640
9920h1,1600
9920i1,576
9920j1,9216
9920k1,3840
9920l1,6144
9920m1,16896
9920n1,2304
9920o1,18432
9920p1,1536
9920q1,4096
9920r1,6912
9920s1,1600
9920t1,5760
9920u1,1536
9920v1,53760
9920w1,2304
9920x1,6144
9920y1,1536
9920z1,2304
9920ba1,16896
9920bb1,1536
9920bc1,4096
9920bd1,3584
9920be1,18432
9920bf1,1536
9920bg1,576
9920bh1,9216
9920bi1,3584
9920bj1,3840
9921a1,4000
9921b1,504
9922a1,1872
9922b1,29760
9922c1,20592
9922d1,5600
9922e1,302400
9923a1,731
9924a1,7938
9926a1,7752
9926b1,19480
9926c1,1224
9926d1,2480
9926e1,2520
9927a1,1024
9927b1,3552
9928a1,1120
9928b1,1664
9930a1,60480
9930b1,12960
9930c1,19712
9930d1,46080
9930e1,13440
9930f1,3200
9930g1,4000
9930h1,14400
9930i1,44352
9930j1,6912
9930k1,7616
9930l1,7488
9930m1,16800
9930n1,2240
9930o1,2880
9930p1,27104
9930q1,3200
9930r1,3840
9930s1,915840
9930t1,9760
9930u1,1568
9933a1,10240
9933b1,6400
9934a1,56160
9934b1,648
9934c1,4896
9934d1,27864
9934e1,11280
9934f1,1584
9934g1,4416
9934h1,1296
9935a1,16096
9935b1,1104
9935c1,586344
9936a1,1728
9936b1,1152
9936c1,1728
9936d1,576
9936e1,5760
9936f1,3456
9936g1,576
9936h1,3456
9936i1,5760
9936j1,17280
9936k1,5760
9936l1,60480
9936m1,5184
9936n1,17280
9936o1,1152
9936p1,1728
9936q1,1920
9936r1,1152
9936s1,3456
9936t1,1920
9936u1,5760
9936v1,20160
9936w1,6912
9936x1,1440
9936y1,34560
9936z1,11520
9936ba1,1152
9936bb1,3072
9936bc1,6336
9936bd1,2304
9936be1,9216
9936bf1,3456
9936bg1,576
9936bh1,19008
9936bi1,8640
9936bj1,8064
9936bk1,564480
9936bl1,6912
9936bm1,5760
9936bn1,5760
9936bo1,24192
9936bp1,1728
9936bq1,2880
9936br1,11520
9936bs1,1693440
9936bt1,34560
9936bu1,2304
9936bv1,4320
9936bw1,5760
9936bx1,17280
9938a1,7260
9939a1,2088
9940a1,129600
9940b1,5760
9940c1,2784
9940d1,60480
9940e1,30240
9940f1,1728
9940g1,183744
9940h1,2304
9941a1,678
9942a1,96000
9942b1,1792
9942c1,13440
9942d1,4480
9942e1,2304
9944a1,928
9944b1,2112
9944c1,5120
9945a1,6144
9945b1,21280
9945c1,2048
9945d1,63840
9945e1,2560
9945f1,1344
9945g1,14400
9945h1,25600
9945i1,8192
9945j1,479232
9945k1,3584
9946a1,3040
9948a1,2100
9950a1,66000
9950b1,77520
9950c1,129600
9950d1,6720
9950e1,1296
9950f1,270000
9950g1,13200
9950h1,6480
9950i1,6480
9950j1,54000
9950k1,2688
9950l1,2640
9950m1,32400
9950n1,7040
9950o1,8640
9950p1,13200
9950q1,15504
9952a1,6432
9952b1,6432
9953a1,5632
9954a1,6144
9954b1,9216
9954c1,11088
9954d1,36864
9954e1,783360
9954f1,21504
9954g1,13824
9954h1,2816
9954i1,2560
9954j1,351232
9954k1,27648
9954l1,18432
9955a1,1120
9957a1,1320
9958a1,45600
9958b1,7020
9960a1,5120
9960b1,1536
9960c1,6144
9960d1,25600
9960e1,8064
9960f1,3840
9962a1,2880
9962b1,94400
9963a1,1188
9963b1,396
9963c1,1368
9963d1,11880
9963e1,4104
9963f1,35640
9964a1,2256
9965a1,2280
9966a1,83200
9966b1,20736
9966c1,2304
9966d1,115200
9966e1,4608
9966f1,1728
9966g1,11520
9966h1,9984
9967a1,578
9968a1,5376
9968b1,2048
9968c1,12288
9968d1,3328
9968e1,9216
9968f1,6144
9968g1,2304
9968h1,11136
9968i1,50688
9968j1,4608
9968k1,1920
9968l1,5376
9968m1,4608
9968n1,103680
9968o1,622080
9968p1,4992
9968q1,7680
9970a1,13536
9972a1,3456
9972b1,3744
9972c1,4704
9972d1,23520
9975a1,10752
9975b1,506880
9975c1,8640
9975d1,13440
9975e1,32256
9975f1,7680
9975g1,1056
9975h1,3456
9975i1,46080
9975j1,17280
9975k1,3456
9975l1,470016
9975m1,12096
9975n1,1536
9975o1,16896
9975p1,17280
9975q1,5280
9976a1,7360
9977a1,1344
9977b1,4728
9978a1,2688
9978b1,6072
9978c1,3640
9979a1,432
9980a1,864
9982a1,3712
9982b1,152064
9982c1,32256
9982d1,748800
9982e1,12672
9985a1,1376
9986a1,1344
9987a1,2970
9988a1,2664
9990a1,40320
9990b1,52416
9990c1,31248
9990d1,5760
9990e1,6480
9990f1,15120
9990g1,19152
9990h1,1728
9990i1,71280
9990j1,2592
9990k1,36288
9990l1,14256
9990m1,1872
9990n1,2880
9990o1,20160
9990p1,1872
9990q1,12480
9990r1,2721600
9990s1,624
9990t1,5616
9990u1,13440
9990v1,17472
9990w1,6384
9990x1,1920
9990y1,23760
9990z1,4752
9990ba1,8640
9990bb1,6720
9990bc1,45360
9990bd1,37440
9990be1,907200
9990bf1,10416
9990bg1,5184
9990bh1,2592
9990bi1,19440
9990bj1,36288
9994a1,2816
9994b1,816
9994c1,2256
9994d1,5280
9994e1,896
9994f1,15360
9994g1,3696
9994h1,8320
9995a1,1032
9995b1,13260
9995c1,336
9995d1,4176
9996a1,105840
9996b1,176400
9996c1,4608
9996d1,5760
9996e1,82944
9996f1,257040
9996g1,10368
9996h1,39312
9996i1,36720
9996j1,5616
9996k1,25200
9996l1,38016
9996m1,13824
9996n1,15120
9996o1,17280
9996p1,40320
9996q1,1451520
9998a1,1924
9999a1,8640
9999b1,864
9999c1,25920
9999d1,2592
9999e1,35280
9999f1,2304
9999g1,31680
9999h1,256000
9999i1,1920
9999j1,430080
9999k1,5120
9999l1,7680
9999m1,5632
